" ","  ","  "
"שם לקוח","כתובת","מספר חוזה"
"Sample User","Sample Address","000000000000"
"סוג מונה","קוד מונה","מספר מונה"
"צריכה","503","00000000"
"קוד ומספר מונה","סוג מונה","תאריך","מועד תחילת הפעימה","צריכה/ייצור בקוט""ש","הזרמה בקוט""ש"
"503-00000000","צריכה","01/01/2024","00:00",0.042,0
"503-00000000","צריכה","01/01/2024","00:15",0.046,0
"503-00000000","צריכה","01/01/2024","00:30",0.058,0
"503-00000000","צריכה","01/01/2024","00:45",0.055,0
"503-00000000","צריכה","01/01/2024","01:00",0.044,0
"503-00000000","צריכה","01/01/2024","01:15",0.051,0
"503-00000000","צריכה","01/01/2024","01:30",0.057,0
"503-00000000","צריכה","01/01/2024","01:45",0.051,0
"503-00000000","צריכה","01/01/2024","02:00",0.062,0
"503-00000000","צריכה","01/01/2024","02:15",0.058,0
"503-00000000","צריכה","01/01/2024","02:30",0.050,0
"503-00000000","צריכה","01/01/2024","02:45",0.042,0
"503-00000000","צריכה","01/01/2024","03:00",0.062,0
"503-00000000","צריכה","01/01/2024","03:15",0.061,0
"503-00000000","צריכה","01/01/2024","03:30",0.049,0
"503-00000000","צריכה","01/01/2024","03:45",0.060,0
"503-00000000","צריכה","01/01/2024","04:00",0.039,0
"503-00000000","צריכה","01/01/2024","04:15",0.049,0
"503-00000000","צריכה","01/01/2024","04:30",0.057,0
"503-00000000","צריכה","01/01/2024","04:45",0.038,0
"503-00000000","צריכה","01/01/2024","05:00",0.052,0
"503-00000000","צריכה","01/01/2024","05:15",0.052,0
"503-00000000","צריכה","01/01/2024","05:30",0.055,0
"503-00000000","צריכה","01/01/2024","05:45",0.054,0
"503-00000000","צריכה","01/01/2024","06:00",0.106,0
"503-00000000","צריכה","01/01/2024","06:15",0.094,0
"503-00000000","צריכה","01/01/2024","06:30",0.077,0
"503-00000000","צריכה","01/01/2024","06:45",0.114,0
"503-00000000","צריכה","01/01/2024","07:00",0.096,0
"503-00000000","צריכה","01/01/2024","07:15",0.087,0
"503-00000000","צריכה","01/01/2024","07:30",0.080,0
"503-00000000","צריכה","01/01/2024","07:45",0.086,0
"503-00000000","צריכה","01/01/2024","08:00",0.122,0
"503-00000000","צריכה","01/01/2024","08:15",0.101,0
"503-00000000","צריכה","01/01/2024","08:30",0.092,0
"503-00000000","צריכה","01/01/2024","08:45",0.103,0
"503-00000000","צריכה","01/01/2024","09:00",0.075,0
"503-00000000","צריכה","01/01/2024","09:15",0.066,0
"503-00000000","צריכה","01/01/2024","09:30",0.069,0
"503-00000000","צריכה","01/01/2024","09:45",0.076,0
"503-00000000","צריכה","01/01/2024","10:00",0.065,0
"503-00000000","צריכה","01/01/2024","10:15",0.081,0
"503-00000000","צריכה","01/01/2024","10:30",0.063,0
"503-00000000","צריכה","01/01/2024","10:45",0.071,0
"503-00000000","צריכה","01/01/2024","11:00",0.074,0
"503-00000000","צריכה","01/01/2024","11:15",0.082,0
"503-00000000","צריכה","01/01/2024","11:30",0.073,0
"503-00000000","צריכה","01/01/2024","11:45",0.080,0
"503-00000000","צריכה","01/01/2024","12:00",0.055,0
"503-00000000","צריכה","01/01/2024","12:15",0.072,0
"503-00000000","צריכה","01/01/2024","12:30",0.064,0
"503-00000000","צריכה","01/01/2024","12:45",0.074,0
"503-00000000","צריכה","01/01/2024","13:00",0.053,0
"503-00000000","צריכה","01/01/2024","13:15",0.083,0
"503-00000000","צריכה","01/01/2024","13:30",0.062,0
"503-00000000","צריכה","01/01/2024","13:45",0.054,0
"503-00000000","צריכה","01/01/2024","14:00",0.083,0
"503-00000000","צריכה","01/01/2024","14:15",0.062,0
"503-00000000","צריכה","01/01/2024","14:30",0.071,0
"503-00000000","צריכה","01/01/2024","14:45",0.063,0
"503-00000000","צריכה","01/01/2024","15:00",0.078,0
"503-00000000","צריכה","01/01/2024","15:15",0.084,0
"503-00000000","צריכה","01/01/2024","15:30",0.064,0
"503-00000000","צריכה","01/01/2024","15:45",0.072,0
"503-00000000","צריכה","01/01/2024","16:00",0.054,0
"503-00000000","צריכה","01/01/2024","16:15",0.067,0
"503-00000000","צריכה","01/01/2024","16:30",0.063,0
"503-00000000","צריכה","01/01/2024","16:45",0.058,0
"503-00000000","צריכה","01/01/2024","17:00",0.295,0
"503-00000000","צריכה","01/01/2024","17:15",0.190,0
"503-00000000","צריכה","01/01/2024","17:30",0.256,0
"503-00000000","צריכה","01/01/2024","17:45",0.267,0
"503-00000000","צריכה","01/01/2024","18:00",0.220,0
"503-00000000","צריכה","01/01/2024","18:15",0.287,0
"503-00000000","צריכה","01/01/2024","18:30",0.244,0
"503-00000000","צריכה","01/01/2024","18:45",0.247,0
"503-00000000","צריכה","01/01/2024","19:00",0.200,0
"503-00000000","צריכה","01/01/2024","19:15",0.271,0
"503-00000000","צריכה","01/01/2024","19:30",0.214,0
"503-00000000","צריכה","01/01/2024","19:45",0.263,0
"503-00000000","צריכה","01/01/2024","20:00",0.237,0
"503-00000000","צריכה","01/01/2024","20:15",0.215,0
"503-00000000","צריכה","01/01/2024","20:30",0.256,0
"503-00000000","צריכה","01/01/2024","20:45",0.190,0
"503-00000000","צריכה","01/01/2024","21:00",0.241,0
"503-00000000","צריכה","01/01/2024","21:15",0.208,0
"503-00000000","צריכה","01/01/2024","21:30",0.235,0
"503-00000000","צריכה","01/01/2024","21:45",0.284,0
"503-00000000","צריכה","01/01/2024","22:00",0.287,0
"503-00000000","צריכה","01/01/2024","22:15",0.230,0
"503-00000000","צריכה","01/01/2024","22:30",0.225,0
"503-00000000","צריכה","01/01/2024","22:45",0.239,0
"503-00000000","צריכה","01/01/2024","23:00",0.041,0
"503-00000000","צריכה","01/01/2024","23:15",0.057,0
"503-00000000","צריכה","01/01/2024","23:30",0.054,0
"503-00000000","צריכה","01/01/2024","23:45",0.059,0
"503-00000000","צריכה","02/01/2024","00:00",0.043,0
"503-00000000","צריכה","02/01/2024","00:15",0.057,0
"503-00000000","צריכה","02/01/2024","00:30",0.051,0
"503-00000000","צריכה","02/01/2024","00:45",0.047,0
"503-00000000","צריכה","02/01/2024","01:00",0.056,0
"503-00000000","צריכה","02/01/2024","01:15",0.057,0
"503-00000000","צריכה","02/01/2024","01:30",0.041,0
"503-00000000","צריכה","02/01/2024","01:45",0.062,0
"503-00000000","צריכה","02/01/2024","02:00",0.062,0
"503-00000000","צריכה","02/01/2024","02:15",0.058,0
"503-00000000","צריכה","02/01/2024","02:30",0.059,0
"503-00000000","צריכה","02/01/2024","02:45",0.055,0
"503-00000000","צריכה","02/01/2024","03:00",0.050,0
"503-00000000","צריכה","02/01/2024","03:15",0.048,0
"503-00000000","צריכה","02/01/2024","03:30",0.049,0
"503-00000000","צריכה","02/01/2024","03:45",0.052,0
"503-00000000","צריכה","02/01/2024","04:00",0.059,0
"503-00000000","צריכה","02/01/2024","04:15",0.040,0
"503-00000000","צריכה","02/01/2024","04:30",0.051,0
"503-00000000","צריכה","02/01/2024","04:45",0.041,0
"503-00000000","צריכה","02/01/2024","05:00",0.058,0
"503-00000000","צריכה","02/01/2024","05:15",0.061,0
"503-00000000","צריכה","02/01/2024","05:30",0.048,0
"503-00000000","צריכה","02/01/2024","05:45",0.038,0
"503-00000000","צריכה","02/01/2024","06:00",0.124,0
"503-00000000","צריכה","02/01/2024","06:15",0.087,0
"503-00000000","צריכה","02/01/2024","06:30",0.115,0
"503-00000000","צריכה","02/01/2024","06:45",0.090,0
"503-00000000","צריכה","02/01/2024","07:00",0.089,0
"503-00000000","צריכה","02/01/2024","07:15",0.076,0
"503-00000000","צריכה","02/01/2024","07:30",0.109,0
"503-00000000","צריכה","02/01/2024","07:45",0.125,0
"503-00000000","צריכה","02/01/2024","08:00",0.101,0
"503-00000000","צריכה","02/01/2024","08:15",0.091,0
"503-00000000","צריכה","02/01/2024","08:30",0.106,0
"503-00000000","צריכה","02/01/2024","08:45",0.111,0
"503-00000000","צריכה","02/01/2024","09:00",0.082,0
"503-00000000","צריכה","02/01/2024","09:15",0.062,0
"503-00000000","צריכה","02/01/2024","09:30",0.059,0
"503-00000000","צריכה","02/01/2024","09:45",0.075,0
"503-00000000","צריכה","02/01/2024","10:00",0.056,0
"503-00000000","צריכה","02/01/2024","10:15",0.072,0
"503-00000000","צריכה","02/01/2024","10:30",0.051,0
"503-00000000","צריכה","02/01/2024","10:45",0.077,0
"503-00000000","צריכה","02/01/2024","11:00",0.073,0
"503-00000000","צריכה","02/01/2024","11:15",0.063,0
"503-00000000","צריכה","02/01/2024","11:30",0.063,0
"503-00000000","צריכה","02/01/2024","11:45",0.062,0
"503-00000000","צריכה","02/01/2024","12:00",0.075,0
"503-00000000","צריכה","02/01/2024","12:15",0.083,0
"503-00000000","צריכה","02/01/2024","12:30",0.079,0
"503-00000000","צריכה","02/01/2024","12:45",0.078,0
"503-00000000","צריכה","02/01/2024","13:00",0.068,0
"503-00000000","צריכה","02/01/2024","13:15",0.082,0
"503-00000000","צריכה","02/01/2024","13:30",0.081,0
"503-00000000","צריכה","02/01/2024","13:45",0.059,0
"503-00000000","צריכה","02/01/2024","14:00",0.084,0
"503-00000000","צריכה","02/01/2024","14:15",0.069,0
"503-00000000","צריכה","02/01/2024","14:30",0.081,0
"503-00000000","צריכה","02/01/2024","14:45",0.068,0
"503-00000000","צריכה","02/01/2024","15:00",0.063,0
"503-00000000","צריכה","02/01/2024","15:15",0.078,0
"503-00000000","צריכה","02/01/2024","15:30",0.074,0
"503-00000000","צריכה","02/01/2024","15:45",0.080,0
"503-00000000","צריכה","02/01/2024","16:00",0.057,0
"503-00000000","צריכה","02/01/2024","16:15",0.067,0
"503-00000000","צריכה","02/01/2024","16:30",0.080,0
"503-00000000","צריכה","02/01/2024","16:45",0.062,0
"503-00000000","צריכה","02/01/2024","17:00",0.215,0
"503-00000000","צריכה","02/01/2024","17:15",0.221,0
"503-00000000","צריכה","02/01/2024","17:30",0.212,0
"503-00000000","צריכה","02/01/2024","17:45",0.296,0
"503-00000000","צריכה","02/01/2024","18:00",0.274,0
"503-00000000","צריכה","02/01/2024","18:15",0.179,0
"503-00000000","צריכה","02/01/2024","18:30",0.181,0
"503-00000000","צריכה","02/01/2024","18:45",0.190,0
"503-00000000","צריכה","02/01/2024","19:00",0.221,0
"503-00000000","צריכה","02/01/2024","19:15",0.179,0
"503-00000000","צריכה","02/01/2024","19:30",0.233,0
"503-00000000","צריכה","02/01/2024","19:45",0.203,0
"503-00000000","צריכה","02/01/2024","20:00",0.237,0
"503-00000000","צריכה","02/01/2024","20:15",0.243,0
"503-00000000","צריכה","02/01/2024","20:30",0.182,0
"503-00000000","צריכה","02/01/2024","20:45",0.248,0
"503-00000000","צריכה","02/01/2024","21:00",0.220,0
"503-00000000","צריכה","02/01/2024","21:15",0.268,0
"503-00000000","צריכה","02/01/2024","21:30",0.263,0
"503-00000000","צריכה","02/01/2024","21:45",0.239,0
"503-00000000","צריכה","02/01/2024","22:00",0.180,0
"503-00000000","צריכה","02/01/2024","22:15",0.281,0
"503-00000000","צריכה","02/01/2024","22:30",0.224,0
"503-00000000","צריכה","02/01/2024","22:45",0.216,0
"503-00000000","צריכה","02/01/2024","23:00",0.040,0
"503-00000000","צריכה","02/01/2024","23:15",0.060,0
"503-00000000","צריכה","02/01/2024","23:30",0.056,0
"503-00000000","צריכה","02/01/2024","23:45",0.047,0
"503-00000000","צריכה","03/01/2024","00:00",0.053,0
"503-00000000","צריכה","03/01/2024","00:15",0.050,0
"503-00000000","צריכה","03/01/2024","00:30",0.057,0
"503-00000000","צריכה","03/01/2024","00:45",0.052,0
"503-00000000","צריכה","03/01/2024","01:00",0.053,0
"503-00000000","צריכה","03/01/2024","01:15",0.043,0
"503-00000000","צריכה","03/01/2024","01:30",0.048,0
"503-00000000","צריכה","03/01/2024","01:45",0.053,0
"503-00000000","צריכה","03/01/2024","02:00",0.054,0
"503-00000000","צריכה","03/01/2024","02:15",0.050,0
"503-00000000","צריכה","03/01/2024","02:30",0.038,0
"503-00000000","צריכה","03/01/2024","02:45",0.055,0
"503-00000000","צריכה","03/01/2024","03:00",0.047,0
"503-00000000","צריכה","03/01/2024","03:15",0.038,0
"503-00000000","צריכה","03/01/2024","03:30",0.052,0
"503-00000000","צריכה","03/01/2024","03:45",0.051,0
"503-00000000","צריכה","03/01/2024","04:00",0.058,0
"503-00000000","צריכה","03/01/2024","04:15",0.057,0
"503-00000000","צריכה","03/01/2024","04:30",0.043,0
"503-00000000","צריכה","03/01/2024","04:45",0.059,0
"503-00000000","צריכה","03/01/2024","05:00",0.038,0
"503-00000000","צריכה","03/01/2024","05:15",0.047,0
"503-00000000","צריכה","03/01/2024","05:30",0.049,0
"503-00000000","צריכה","03/01/2024","05:45",0.054,0
"503-00000000","צריכה","03/01/2024","06:00",0.124,0
"503-00000000","צריכה","03/01/2024","06:15",0.122,0
"503-00000000","צריכה","03/01/2024","06:30",0.118,0
"503-00000000","צריכה","03/01/2024","06:45",0.106,0
"503-00000000","צריכה","03/01/2024","07:00",0.092,0
"503-00000000","צריכה","03/01/2024","07:15",0.099,0
"503-00000000","צריכה","03/01/2024","07:30",0.102,0
"503-00000000","צריכה","03/01/2024","07:45",0.120,0
"503-00000000","צריכה","03/01/2024","08:00",0.108,0
"503-00000000","צריכה","03/01/2024","08:15",0.082,0
"503-00000000","צריכה","03/01/2024","08:30",0.089,0
"503-00000000","צריכה","03/01/2024","08:45",0.105,0
"503-00000000","צריכה","03/01/2024","09:00",0.068,0
"503-00000000","צריכה","03/01/2024","09:15",0.072,0
"503-00000000","צריכה","03/01/2024","09:30",0.065,0
"503-00000000","צריכה","03/01/2024","09:45",0.065,0
"503-00000000","צריכה","03/01/2024","10:00",0.076,0
"503-00000000","צריכה","03/01/2024","10:15",0.054,0
"503-00000000","צריכה","03/01/2024","10:30",0.075,0
"503-00000000","צריכה","03/01/2024","10:45",0.055,0
"503-00000000","צריכה","03/01/2024","11:00",0.081,0
"503-00000000","צריכה","03/01/2024","11:15",0.077,0
"503-00000000","צריכה","03/01/2024","11:30",0.078,0
"503-00000000","צריכה","03/01/2024","11:45",0.055,0
"503-00000000","צריכה","03/01/2024","12:00",0.070,0
"503-00000000","צריכה","03/01/2024","12:15",0.075,0
"503-00000000","צריכה","03/01/2024","12:30",0.062,0
"503-00000000","צריכה","03/01/2024","12:45",0.064,0
"503-00000000","צריכה","03/01/2024","13:00",0.056,0
"503-00000000","צריכה","03/01/2024","13:15",0.070,0
"503-00000000","צריכה","03/01/2024","13:30",0.074,0
"503-00000000","צריכה","03/01/2024","13:45",0.074,0
"503-00000000","צריכה","03/01/2024","14:00",0.058,0
"503-00000000","צריכה","03/01/2024","14:15",0.062,0
"503-00000000","צריכה","03/01/2024","14:30",0.069,0
"503-00000000","צריכה","03/01/2024","14:45",0.080,0
"503-00000000","צריכה","03/01/2024","15:00",0.061,0
"503-00000000","צריכה","03/01/2024","15:15",0.071,0
"503-00000000","צריכה","03/01/2024","15:30",0.078,0
"503-00000000","צריכה","03/01/2024","15:45",0.070,0
"503-00000000","צריכה","03/01/2024","16:00",0.067,0
"503-00000000","צריכה","03/01/2024","16:15",0.059,0
"503-00000000","צריכה","03/01/2024","16:30",0.056,0
"503-00000000","צריכה","03/01/2024","16:45",0.082,0
"503-00000000","צריכה","03/01/2024","17:00",0.213,0
"503-00000000","צריכה","03/01/2024","17:15",0.287,0
"503-00000000","צריכה","03/01/2024","17:30",0.212,0
"503-00000000","צריכה","03/01/2024","17:45",0.291,0
"503-00000000","צריכה","03/01/2024","18:00",0.284,0
"503-00000000","צריכה","03/01/2024","18:15",0.235,0
"503-00000000","צריכה","03/01/2024","18:30",0.196,0
"503-00000000","צריכה","03/01/2024","18:45",0.251,0
"503-00000000","צריכה","03/01/2024","19:00",0.190,0
"503-00000000","צריכה","03/01/2024","19:15",0.296,0
"503-00000000","צריכה","03/01/2024","19:30",0.197,0
"503-00000000","צריכה","03/01/2024","19:45",0.207,0
"503-00000000","צריכה","03/01/2024","20:00",0.211,0
"503-00000000","צריכה","03/01/2024","20:15",0.208,0
"503-00000000","צריכה","03/01/2024","20:30",0.280,0
"503-00000000","צריכה","03/01/2024","20:45",0.278,0
"503-00000000","צריכה","03/01/2024","21:00",0.235,0
"503-00000000","צריכה","03/01/2024","21:15",0.215,0
"503-00000000","צריכה","03/01/2024","21:30",0.281,0
"503-00000000","צריכה","03/01/2024","21:45",0.284,0
"503-00000000","צריכה","03/01/2024","22:00",0.232,0
"503-00000000","צריכה","03/01/2024","22:15",0.190,0
"503-00000000","צריכה","03/01/2024","22:30",0.199,0
"503-00000000","צריכה","03/01/2024","22:45",0.275,0
"503-00000000","צריכה","03/01/2024","23:00",0.048,0
"503-00000000","צריכה","03/01/2024","23:15",0.055,0
"503-00000000","צריכה","03/01/2024","23:30",0.057,0
"503-00000000","צריכה","03/01/2024","23:45",0.059,0
"503-00000000","צריכה","04/01/2024","00:00",0.055,0
"503-00000000","צריכה","04/01/2024","00:15",0.058,0
"503-00000000","צריכה","04/01/2024","00:30",0.048,0
"503-00000000","צריכה","04/01/2024","00:45",0.049,0
"503-00000000","צריכה","04/01/2024","01:00",0.059,0
"503-00000000","צריכה","04/01/2024","01:15",0.041,0
"503-00000000","צריכה","04/01/2024","01:30",0.060,0
"503-00000000","צריכה","04/01/2024","01:45",0.052,0
"503-00000000","צריכה","04/01/2024","02:00",0.062,0
"503-00000000","צריכה","04/01/2024","02:15",0.051,0
"503-00000000","צריכה","04/01/2024","02:30",0.051,0
"503-00000000","צריכה","04/01/2024","02:45",0.045,0
"503-00000000","צריכה","04/01/2024","03:00",0.059,0
"503-00000000","צריכה","04/01/2024","03:15",0.045,0
"503-00000000","צריכה","04/01/2024","03:30",0.043,0
"503-00000000","צריכה","04/01/2024","03:45",0.042,0
"503-00000000","צריכה","04/01/2024","04:00",0.052,0
"503-00000000","צריכה","04/01/2024","04:15",0.057,0
"503-00000000","צריכה","04/01/2024","04:30",0.059,0
"503-00000000","צריכה","04/01/2024","04:45",0.057,0
"503-00000000","צריכה","04/01/2024","05:00",0.048,0
"503-00000000","צריכה","04/01/2024","05:15",0.061,0
"503-00000000","צריכה","04/01/2024","05:30",0.052,0
"503-00000000","צריכה","04/01/2024","05:45",0.039,0
"503-00000000","צריכה","04/01/2024","06:00",0.111,0
"503-00000000","צריכה","04/01/2024","06:15",0.116,0
"503-00000000","צריכה","04/01/2024","06:30",0.091,0
"503-00000000","צריכה","04/01/2024","06:45",0.115,0
"503-00000000","צריכה","04/01/2024","07:00",0.118,0
"503-00000000","צריכה","04/01/2024","07:15",0.120,0
"503-00000000","צריכה","04/01/2024","07:30",0.103,0
"503-00000000","צריכה","04/01/2024","07:45",0.108,0
"503-00000000","צריכה","04/01/2024","08:00",0.095,0
"503-00000000","צריכה","04/01/2024","08:15",0.124,0
"503-00000000","צריכה","04/01/2024","08:30",0.083,0
"503-00000000","צריכה","04/01/2024","08:45",0.090,0
"503-00000000","צריכה","04/01/2024","09:00",0.078,0
"503-00000000","צריכה","04/01/2024","09:15",0.054,0
"503-00000000","צריכה","04/01/2024","09:30",0.074,0
"503-00000000","צריכה","04/01/2024","09:45",0.070,0
"503-00000000","צריכה","04/01/2024","10:00",0.071,0
"503-00000000","צריכה","04/01/2024","10:15",0.069,0
"503-00000000","צריכה","04/01/2024","10:30",0.062,0
"503-00000000","צריכה","04/01/2024","10:45",0.071,0
"503-00000000","צריכה","04/01/2024","11:00",0.076,0
"503-00000000","צריכה","04/01/2024","11:15",0.061,0
"503-00000000","צריכה","04/01/2024","11:30",0.074,0
"503-00000000","צריכה","04/01/2024","11:45",0.077,0
"503-00000000","צריכה","04/01/2024","12:00",0.080,0
"503-00000000","צריכה","04/01/2024","12:15",0.054,0
"503-00000000","צריכה","04/01/2024","12:30",0.078,0
"503-00000000","צריכה","04/01/2024","12:45",0.075,0
"503-00000000","צריכה","04/01/2024","13:00",0.059,0
"503-00000000","צריכה","04/01/2024","13:15",0.064,0
"503-00000000","צריכה","04/01/2024","13:30",0.062,0
"503-00000000","צריכה","04/01/2024","13:45",0.059,0
"503-00000000","צריכה","04/01/2024","14:00",0.077,0
"503-00000000","צריכה","04/01/2024","14:15",0.063,0
"503-00000000","צריכה","04/01/2024","14:30",0.075,0
"503-00000000","צריכה","04/01/2024","14:45",0.078,0
"503-00000000","צריכה","04/01/2024","15:00",0.055,0
"503-00000000","צריכה","04/01/2024","15:15",0.069,0
"503-00000000","צריכה","04/01/2024","15:30",0.068,0
"503-00000000","צריכה","04/01/2024","15:45",0.074,0
"503-00000000","צריכה","04/01/2024","16:00",0.061,0
"503-00000000","צריכה","04/01/2024","16:15",0.063,0
"503-00000000","צריכה","04/01/2024","16:30",0.075,0
"503-00000000","צריכה","04/01/2024","16:45",0.057,0
"503-00000000","צריכה","04/01/2024","17:00",0.237,0
"503-00000000","צריכה","04/01/2024","17:15",0.197,0
"503-00000000","צריכה","04/01/2024","17:30",0.249,0
"503-00000000","צריכה","04/01/2024","17:45",0.230,0
"503-00000000","צריכה","04/01/2024","18:00",0.187,0
"503-00000000","צריכה","04/01/2024","18:15",0.258,0
"503-00000000","צריכה","04/01/2024","18:30",0.282,0
"503-00000000","צריכה","04/01/2024","18:45",0.249,0
"503-00000000","צריכה","04/01/2024","19:00",0.233,0
"503-00000000","צריכה","04/01/2024","19:15",0.230,0
"503-00000000","צריכה","04/01/2024","19:30",0.178,0
"503-00000000","צריכה","04/01/2024","19:45",0.276,0
"503-00000000","צריכה","04/01/2024","20:00",0.250,0
"503-00000000","צריכה","04/01/2024","20:15",0.194,0
"503-00000000","צריכה","04/01/2024","20:30",0.182,0
"503-00000000","צריכה","04/01/2024","20:45",0.255,0
"503-00000000","צריכה","04/01/2024","21:00",0.270,0
"503-00000000","צריכה","04/01/2024","21:15",0.239,0
"503-00000000","צריכה","04/01/2024","21:30",0.242,0
"503-00000000","צריכה","04/01/2024","21:45",0.295,0
"503-00000000","צריכה","04/01/2024","22:00",0.277,0
"503-00000000","צריכה","04/01/2024","22:15",0.246,0
"503-00000000","צריכה","04/01/2024","22:30",0.240,0
"503-00000000","צריכה","04/01/2024","22:45",0.201,0
"503-00000000","צריכה","04/01/2024","23:00",0.051,0
"503-00000000","צריכה","04/01/2024","23:15",0.048,0
"503-00000000","צריכה","04/01/2024","23:30",0.048,0
"503-00000000","צריכה","04/01/2024","23:45",0.049,0
"503-00000000","צריכה","05/01/2024","00:00",0.061,0
"503-00000000","צריכה","05/01/2024","00:15",0.054,0
"503-00000000","צריכה","05/01/2024","00:30",0.062,0
"503-00000000","צריכה","05/01/2024","00:45",0.050,0
"503-00000000","צריכה","05/01/2024","01:00",0.039,0
"503-00000000","צריכה","05/01/2024","01:15",0.040,0
"503-00000000","צריכה","05/01/2024","01:30",0.057,0
"503-00000000","צריכה","05/01/2024","01:45",0.049,0
"503-00000000","צריכה","05/01/2024","02:00",0.045,0
"503-00000000","צריכה","05/01/2024","02:15",0.042,0
"503-00000000","צריכה","05/01/2024","02:30",0.048,0
"503-00000000","צריכה","05/01/2024","02:45",0.055,0
"503-00000000","צריכה","05/01/2024","03:00",0.052,0
"503-00000000","צריכה","05/01/2024","03:15",0.050,0
"503-00000000","צריכה","05/01/2024","03:30",0.053,0
"503-00000000","צריכה","05/01/2024","03:45",0.048,0
"503-00000000","צריכה","05/01/2024","04:00",0.057,0
"503-00000000","צריכה","05/01/2024","04:15",0.048,0
"503-00000000","צריכה","05/01/2024","04:30",0.058,0
"503-00000000","צריכה","05/01/2024","04:45",0.052,0
"503-00000000","צריכה","05/01/2024","05:00",0.057,0
"503-00000000","צריכה","05/01/2024","05:15",0.056,0
"503-00000000","צריכה","05/01/2024","05:30",0.054,0
"503-00000000","צריכה","05/01/2024","05:45",0.060,0
"503-00000000","צריכה","05/01/2024","06:00",0.088,0
"503-00000000","צריכה","05/01/2024","06:15",0.090,0
"503-00000000","צריכה","05/01/2024","06:30",0.107,0
"503-00000000","צריכה","05/01/2024","06:45",0.082,0
"503-00000000","צריכה","05/01/2024","07:00",0.092,0
"503-00000000","צריכה","05/01/2024","07:15",0.117,0
"503-00000000","צריכה","05/01/2024","07:30",0.075,0
"503-00000000","צריכה","05/01/2024","07:45",0.124,0
"503-00000000","צריכה","05/01/2024","08:00",0.108,0
"503-00000000","צריכה","05/01/2024","08:15",0.117,0
"503-00000000","צריכה","05/01/2024","08:30",0.115,0
"503-00000000","צריכה","05/01/2024","08:45",0.077,0
"503-00000000","צריכה","05/01/2024","09:00",0.095,0
"503-00000000","צריכה","05/01/2024","09:15",0.095,0
"503-00000000","צריכה","05/01/2024","09:30",0.144,0
"503-00000000","צריכה","05/01/2024","09:45",0.112,0
"503-00000000","צריכה","05/01/2024","10:00",0.089,0
"503-00000000","צריכה","05/01/2024","10:15",0.127,0
"503-00000000","צריכה","05/01/2024","10:30",0.142,0
"503-00000000","צריכה","05/01/2024","10:45",0.100,0
"503-00000000","צריכה","05/01/2024","11:00",0.091,0
"503-00000000","צריכה","05/01/2024","11:15",0.114,0
"503-00000000","צריכה","05/01/2024","11:30",0.105,0
"503-00000000","צריכה","05/01/2024","11:45",0.141,0
"503-00000000","צריכה","05/01/2024","12:00",0.138,0
"503-00000000","צריכה","05/01/2024","12:15",0.142,0
"503-00000000","צריכה","05/01/2024","12:30",0.133,0
"503-00000000","צריכה","05/01/2024","12:45",0.106,0
"503-00000000","צריכה","05/01/2024","13:00",0.128,0
"503-00000000","צריכה","05/01/2024","13:15",0.133,0
"503-00000000","צריכה","05/01/2024","13:30",0.132,0
"503-00000000","צריכה","05/01/2024","13:45",0.140,0
"503-00000000","צריכה","05/01/2024","14:00",0.107,0
"503-00000000","צריכה","05/01/2024","14:15",0.115,0
"503-00000000","צריכה","05/01/2024","14:30",0.120,0
"503-00000000","צריכה","05/01/2024","14:45",0.125,0
"503-00000000","צריכה","05/01/2024","15:00",0.090,0
"503-00000000","צריכה","05/01/2024","15:15",0.099,0
"503-00000000","צריכה","05/01/2024","15:30",0.130,0
"503-00000000","צריכה","05/01/2024","15:45",0.112,0
"503-00000000","צריכה","05/01/2024","16:00",0.101,0
"503-00000000","צריכה","05/01/2024","16:15",0.141,0
"503-00000000","צריכה","05/01/2024","16:30",0.089,0
"503-00000000","צריכה","05/01/2024","16:45",0.127,0
"503-00000000","צריכה","05/01/2024","17:00",0.202,0
"503-00000000","צריכה","05/01/2024","17:15",0.195,0
"503-00000000","צריכה","05/01/2024","17:30",0.280,0
"503-00000000","צריכה","05/01/2024","17:45",0.222,0
"503-00000000","צריכה","05/01/2024","18:00",0.271,0
"503-00000000","צריכה","05/01/2024","18:15",0.223,0
"503-00000000","צריכה","05/01/2024","18:30",0.287,0
"503-00000000","צריכה","05/01/2024","18:45",0.201,0
"503-00000000","צריכה","05/01/2024","19:00",0.278,0
"503-00000000","צריכה","05/01/2024","19:15",0.253,0
"503-00000000","צריכה","05/01/2024","19:30",0.200,0
"503-00000000","צריכה","05/01/2024","19:45",0.270,0
"503-00000000","צריכה","05/01/2024","20:00",0.225,0
"503-00000000","צריכה","05/01/2024","20:15",0.268,0
"503-00000000","צריכה","05/01/2024","20:30",0.247,0
"503-00000000","צריכה","05/01/2024","20:45",0.208,0
"503-00000000","צריכה","05/01/2024","21:00",0.263,0
"503-00000000","צריכה","05/01/2024","21:15",0.279,0
"503-00000000","צריכה","05/01/2024","21:30",0.212,0
"503-00000000","צריכה","05/01/2024","21:45",0.289,0
"503-00000000","צריכה","05/01/2024","22:00",0.204,0
"503-00000000","צריכה","05/01/2024","22:15",0.240,0
"503-00000000","צריכה","05/01/2024","22:30",0.229,0
"503-00000000","צריכה","05/01/2024","22:45",0.279,0
"503-00000000","צריכה","05/01/2024","23:00",0.049,0
"503-00000000","צריכה","05/01/2024","23:15",0.058,0
"503-00000000","צריכה","05/01/2024","23:30",0.055,0
"503-00000000","צריכה","05/01/2024","23:45",0.053,0
"503-00000000","צריכה","06/01/2024","00:00",0.042,0
"503-00000000","צריכה","06/01/2024","00:15",0.047,0
"503-00000000","צריכה","06/01/2024","00:30",0.053,0
"503-00000000","צריכה","06/01/2024","00:45",0.057,0
"503-00000000","צריכה","06/01/2024","01:00",0.042,0
"503-00000000","צריכה","06/01/2024","01:15",0.049,0
"503-00000000","צריכה","06/01/2024","01:30",0.050,0
"503-00000000","צריכה","06/01/2024","01:45",0.057,0
"503-00000000","צריכה","06/01/2024","02:00",0.046,0
"503-00000000","צריכה","06/01/2024","02:15",0.040,0
"503-00000000","צריכה","06/01/2024","02:30",0.044,0
"503-00000000","צריכה","06/01/2024","02:45",0.054,0
"503-00000000","צריכה","06/01/2024","03:00",0.047,0
"503-00000000","צריכה","06/01/2024","03:15",0.045,0
"503-00000000","צריכה","06/01/2024","03:30",0.061,0
"503-00000000","צריכה","06/01/2024","03:45",0.040,0
"503-00000000","צריכה","06/01/2024","04:00",0.048,0
"503-00000000","צריכה","06/01/2024","04:15",0.052,0
"503-00000000","צריכה","06/01/2024","04:30",0.045,0
"503-00000000","צריכה","06/01/2024","04:45",0.053,0
"503-00000000","צריכה","06/01/2024","05:00",0.046,0
"503-00000000","צריכה","06/01/2024","05:15",0.043,0
"503-00000000","צריכה","06/01/2024","05:30",0.039,0
"503-00000000","צריכה","06/01/2024","05:45",0.038,0
"503-00000000","צריכה","06/01/2024","06:00",0.089,0
"503-00000000","צריכה","06/01/2024","06:15",0.091,0
"503-00000000","צריכה","06/01/2024","06:30",0.079,0
"503-00000000","צריכה","06/01/2024","06:45",0.103,0
"503-00000000","צריכה","06/01/2024","07:00",0.108,0
"503-00000000","צריכה","06/01/2024","07:15",0.109,0
"503-00000000","צריכה","06/01/2024","07:30",0.096,0
"503-00000000","צריכה","06/01/2024","07:45",0.078,0
"503-00000000","צריכה","06/01/2024","08:00",0.093,0
"503-00000000","צריכה","06/01/2024","08:15",0.076,0
"503-00000000","צריכה","06/01/2024","08:30",0.087,0
"503-00000000","צריכה","06/01/2024","08:45",0.110,0
"503-00000000","צריכה","06/01/2024","09:00",0.118,0
"503-00000000","צריכה","06/01/2024","09:15",0.098,0
"503-00000000","צריכה","06/01/2024","09:30",0.106,0
"503-00000000","צריכה","06/01/2024","09:45",0.136,0
"503-00000000","צריכה","06/01/2024","10:00",0.112,0
"503-00000000","צריכה","06/01/2024","10:15",0.108,0
"503-00000000","צריכה","06/01/2024","10:30",0.101,0
"503-00000000","צריכה","06/01/2024","10:45",0.092,0
"503-00000000","צריכה","06/01/2024","11:00",0.089,0
"503-00000000","צריכה","06/01/2024","11:15",0.125,0
"503-00000000","צריכה","06/01/2024","11:30",0.102,0
"503-00000000","צריכה","06/01/2024","11:45",0.097,0
"503-00000000","צריכה","06/01/2024","12:00",0.145,0
"503-00000000","צריכה","06/01/2024","12:15",0.088,0
"503-00000000","צריכה","06/01/2024","12:30",0.133,0
"503-00000000","צריכה","06/01/2024","12:45",0.107,0
"503-00000000","צריכה","06/01/2024","13:00",0.129,0
"503-00000000","צריכה","06/01/2024","13:15",0.127,0
"503-00000000","צריכה","06/01/2024","13:30",0.138,0
"503-00000000","צריכה","06/01/2024","13:45",0.098,0
"503-00000000","צריכה","06/01/2024","14:00",0.097,0
"503-00000000","צריכה","06/01/2024","14:15",0.121,0
"503-00000000","צריכה","06/01/2024","14:30",0.098,0
"503-00000000","צריכה","06/01/2024","14:45",0.118,0
"503-00000000","צריכה","06/01/2024","15:00",0.138,0
"503-00000000","צריכה","06/01/2024","15:15",0.140,0
"503-00000000","צריכה","06/01/2024","15:30",0.102,0
"503-00000000","צריכה","06/01/2024","15:45",0.139,0
"503-00000000","צריכה","06/01/2024","16:00",0.131,0
"503-00000000","צריכה","06/01/2024","16:15",0.116,0
"503-00000000","צריכה","06/01/2024","16:30",0.140,0
"503-00000000","צריכה","06/01/2024","16:45",0.134,0
"503-00000000","צריכה","06/01/2024","17:00",0.219,0
"503-00000000","צריכה","06/01/2024","17:15",0.200,0
"503-00000000","צריכה","06/01/2024","17:30",0.225,0
"503-00000000","צריכה","06/01/2024","17:45",0.294,0
"503-00000000","צריכה","06/01/2024","18:00",0.215,0
"503-00000000","צריכה","06/01/2024","18:15",0.276,0
"503-00000000","צריכה","06/01/2024","18:30",0.179,0
"503-00000000","צריכה","06/01/2024","18:45",0.198,0
"503-00000000","צריכה","06/01/2024","19:00",0.271,0
"503-00000000","צריכה","06/01/2024","19:15",0.192,0
"503-00000000","צריכה","06/01/2024","19:30",0.287,0
"503-00000000","צריכה","06/01/2024","19:45",0.293,0
"503-00000000","צריכה","06/01/2024","20:00",0.187,0
"503-00000000","צריכה","06/01/2024","20:15",0.215,0
"503-00000000","צריכה","06/01/2024","20:30",0.195,0
"503-00000000","צריכה","06/01/2024","20:45",0.275,0
"503-00000000","צריכה","06/01/2024","21:00",0.219,0
"503-00000000","צריכה","06/01/2024","21:15",0.273,0
"503-00000000","צריכה","06/01/2024","21:30",0.240,0
"503-00000000","צריכה","06/01/2024","21:45",0.241,0
"503-00000000","צריכה","06/01/2024","22:00",0.235,0
"503-00000000","צריכה","06/01/2024","22:15",0.195,0
"503-00000000","צריכה","06/01/2024","22:30",0.181,0
"503-00000000","צריכה","06/01/2024","22:45",0.272,0
"503-00000000","צריכה","06/01/2024","23:00",0.054,0
"503-00000000","צריכה","06/01/2024","23:15",0.047,0
"503-00000000","צריכה","06/01/2024","23:30",0.041,0
"503-00000000","צריכה","06/01/2024","23:45",0.058,0
"503-00000000","צריכה","07/01/2024","00:00",0.056,0
"503-00000000","צריכה","07/01/2024","00:15",0.048,0
"503-00000000","צריכה","07/01/2024","00:30",0.057,0
"503-00000000","צריכה","07/01/2024","00:45",0.053,0
"503-00000000","צריכה","07/01/2024","01:00",0.047,0
"503-00000000","צריכה","07/01/2024","01:15",0.040,0
"503-00000000","צריכה","07/01/2024","01:30",0.055,0
"503-00000000","צריכה","07/01/2024","01:45",0.046,0
"503-00000000","צריכה","07/01/2024","02:00",0.047,0
"503-00000000","צריכה","07/01/2024","02:15",0.047,0
"503-00000000","צריכה","07/01/2024","02:30",0.046,0
"503-00000000","צריכה","07/01/2024","02:45",0.039,0
"503-00000000","צריכה","07/01/2024","03:00",0.061,0
"503-00000000","צריכה","07/01/2024","03:15",0.048,0
"503-00000000","צריכה","07/01/2024","03:30",0.041,0
"503-00000000","צריכה","07/01/2024","03:45",0.046,0
"503-00000000","צריכה","07/01/2024","04:00",0.052,0
"503-00000000","צריכה","07/01/2024","04:15",0.053,0
"503-00000000","צריכה","07/01/2024","04:30",0.049,0
"503-00000000","צריכה","07/01/2024","04:45",0.050,0
"503-00000000","צריכה","07/01/2024","05:00",0.042,0
"503-00000000","צריכה","07/01/2024","05:15",0.040,0
"503-00000000","צריכה","07/01/2024","05:30",0.051,0
"503-00000000","צריכה","07/01/2024","05:45",0.047,0
"503-00000000","צריכה","07/01/2024","06:00",0.100,0
"503-00000000","צריכה","07/01/2024","06:15",0.094,0
"503-00000000","צריכה","07/01/2024","06:30",0.084,0
"503-00000000","צריכה","07/01/2024","06:45",0.108,0
"503-00000000","צריכה","07/01/2024","07:00",0.125,0
"503-00000000","צריכה","07/01/2024","07:15",0.078,0
"503-00000000","צריכה","07/01/2024","07:30",0.077,0
"503-00000000","צריכה","07/01/2024","07:45",0.079,0
"503-00000000","צריכה","07/01/2024","08:00",0.125,0
"503-00000000","צריכה","07/01/2024","08:15",0.107,0
"503-00000000","צריכה","07/01/2024","08:30",0.100,0
"503-00000000","צריכה","07/01/2024","08:45",0.077,0
"503-00000000","צריכה","07/01/2024","09:00",0.051,0
"503-00000000","צריכה","07/01/2024","09:15",0.070,0
"503-00000000","צריכה","07/01/2024","09:30",0.063,0
"503-00000000","צריכה","07/01/2024","09:45",0.073,0
"503-00000000","צריכה","07/01/2024","10:00",0.081,0
"503-00000000","צריכה","07/01/2024","10:15",0.060,0
"503-00000000","צריכה","07/01/2024","10:30",0.075,0
"503-00000000","צריכה","07/01/2024","10:45",0.057,0
"503-00000000","צריכה","07/01/2024","11:00",0.076,0
"503-00000000","צריכה","07/01/2024","11:15",0.067,0
"503-00000000","צריכה","07/01/2024","11:30",0.063,0
"503-00000000","צריכה","07/01/2024","11:45",0.073,0
"503-00000000","צריכה","07/01/2024","12:00",0.079,0
"503-00000000","צריכה","07/01/2024","12:15",0.083,0
"503-00000000","צריכה","07/01/2024","12:30",0.058,0
"503-00000000","צריכה","07/01/2024","12:45",0.081,0
"503-00000000","צריכה","07/01/2024","13:00",0.051,0
"503-00000000","צריכה","07/01/2024","13:15",0.079,0
"503-00000000","צריכה","07/01/2024","13:30",0.064,0
"503-00000000","צריכה","07/01/2024","13:45",0.057,0
"503-00000000","צריכה","07/01/2024","14:00",0.077,0
"503-00000000","צריכה","07/01/2024","14:15",0.068,0
"503-00000000","צריכה","07/01/2024","14:30",0.081,0
"503-00000000","צריכה","07/01/2024","14:45",0.075,0
"503-00000000","צריכה","07/01/2024","15:00",0.064,0
"503-00000000","צריכה","07/01/2024","15:15",0.083,0
"503-00000000","צריכה","07/01/2024","15:30",0.080,0
"503-00000000","צריכה","07/01/2024","15:45",0.073,0
"503-00000000","צריכה","07/01/2024","16:00",0.075,0
"503-00000000","צריכה","07/01/2024","16:15",0.078,0
"503-00000000","צריכה","07/01/2024","16:30",0.063,0
"503-00000000","צריכה","07/01/2024","16:45",0.051,0
"503-00000000","צריכה","07/01/2024","17:00",0.274,0
"503-00000000","צריכה","07/01/2024","17:15",0.220,0
"503-00000000","צריכה","07/01/2024","17:30",0.222,0
"503-00000000","צריכה","07/01/2024","17:45",0.243,0
"503-00000000","צריכה","07/01/2024","18:00",0.286,0
"503-00000000","צריכה","07/01/2024","18:15",0.225,0
"503-00000000","צריכה","07/01/2024","18:30",0.287,0
"503-00000000","צריכה","07/01/2024","18:45",0.267,0
"503-00000000","צריכה","07/01/2024","19:00",0.247,0
"503-00000000","צריכה","07/01/2024","19:15",0.224,0
"503-00000000","צריכה","07/01/2024","19:30",0.249,0
"503-00000000","צריכה","07/01/2024","19:45",0.209,0
"503-00000000","צריכה","07/01/2024","20:00",0.202,0
"503-00000000","צריכה","07/01/2024","20:15",0.210,0
"503-00000000","צריכה","07/01/2024","20:30",0.213,0
"503-00000000","צריכה","07/01/2024","20:45",0.208,0
"503-00000000","צריכה","07/01/2024","21:00",0.244,0
"503-00000000","צריכה","07/01/2024","21:15",0.294,0
"503-00000000","צריכה","07/01/2024","21:30",0.203,0
"503-00000000","צריכה","07/01/2024","21:45",0.193,0
"503-00000000","צריכה","07/01/2024","22:00",0.194,0
"503-00000000","צריכה","07/01/2024","22:15",0.192,0
"503-00000000","צריכה","07/01/2024","22:30",0.216,0
"503-00000000","צריכה","07/01/2024","22:45",0.204,0
"503-00000000","צריכה","07/01/2024","23:00",0.048,0
"503-00000000","צריכה","07/01/2024","23:15",0.042,0
"503-00000000","צריכה","07/01/2024","23:30",0.047,0
"503-00000000","צריכה","07/01/2024","23:45",0.056,0
"503-00000000","צריכה","08/01/2024","00:00",0.046,0
"503-00000000","צריכה","08/01/2024","00:15",0.041,0
"503-00000000","צריכה","08/01/2024","00:30",0.054,0
"503-00000000","צריכה","08/01/2024","00:45",0.058,0
"503-00000000","צריכה","08/01/2024","01:00",0.053,0
"503-00000000","צריכה","08/01/2024","01:15",0.042,0
"503-00000000","צריכה","08/01/2024","01:30",0.042,0
"503-00000000","צריכה","08/01/2024","01:45",0.039,0
"503-00000000","צריכה","08/01/2024","02:00",0.055,0
"503-00000000","צריכה","08/01/2024","02:15",0.061,0
"503-00000000","צריכה","08/01/2024","02:30",0.040,0
"503-00000000","צריכה","08/01/2024","02:45",0.050,0
"503-00000000","צריכה","08/01/2024","03:00",0.046,0
"503-00000000","צריכה","08/01/2024","03:15",0.043,0
"503-00000000","צריכה","08/01/2024","03:30",0.061,0
"503-00000000","צריכה","08/01/2024","03:45",0.050,0
"503-00000000","צריכה","08/01/2024","04:00",0.038,0
"503-00000000","צריכה","08/01/2024","04:15",0.041,0
"503-00000000","צריכה","08/01/2024","04:30",0.058,0
"503-00000000","צריכה","08/01/2024","04:45",0.061,0
"503-00000000","צריכה","08/01/2024","05:00",0.047,0
"503-00000000","צריכה","08/01/2024","05:15",0.040,0
"503-00000000","צריכה","08/01/2024","05:30",0.060,0
"503-00000000","צריכה","08/01/2024","05:45",0.054,0
"503-00000000","צריכה","08/01/2024","06:00",0.098,0
"503-00000000","צריכה","08/01/2024","06:15",0.113,0
"503-00000000","צריכה","08/01/2024","06:30",0.106,0
"503-00000000","צריכה","08/01/2024","06:45",0.099,0
"503-00000000","צריכה","08/01/2024","07:00",0.098,0
"503-00000000","צריכה","08/01/2024","07:15",0.112,0
"503-00000000","צריכה","08/01/2024","07:30",0.103,0
"503-00000000","צריכה","08/01/2024","07:45",0.085,0
"503-00000000","צריכה","08/01/2024","08:00",0.125,0
"503-00000000","צריכה","08/01/2024","08:15",0.111,0
"503-00000000","צריכה","08/01/2024","08:30",0.112,0
"503-00000000","צריכה","08/01/2024","08:45",0.115,0
"503-00000000","צריכה","08/01/2024","09:00",0.052,0
"503-00000000","צריכה","08/01/2024","09:15",0.077,0
"503-00000000","צריכה","08/01/2024","09:30",0.057,0
"503-00000000","צריכה","08/01/2024","09:45",0.083,0
"503-00000000","צריכה","08/01/2024","10:00",0.059,0
"503-00000000","צריכה","08/01/2024","10:15",0.062,0
"503-00000000","צריכה","08/01/2024","10:30",0.083,0
"503-00000000","צריכה","08/01/2024","10:45",0.078,0
"503-00000000","צריכה","08/01/2024","11:00",0.056,0
"503-00000000","צריכה","08/01/2024","11:15",0.070,0
"503-00000000","צריכה","08/01/2024","11:30",0.078,0
"503-00000000","צריכה","08/01/2024","11:45",0.057,0
"503-00000000","צריכה","08/01/2024","12:00",0.056,0
"503-00000000","צריכה","08/01/2024","12:15",0.080,0
"503-00000000","צריכה","08/01/2024","12:30",0.083,0
"503-00000000","צריכה","08/01/2024","12:45",0.061,0
"503-00000000","צריכה","08/01/2024","13:00",0.083,0
"503-00000000","צריכה","08/01/2024","13:15",0.068,0
"503-00000000","צריכה","08/01/2024","13:30",0.083,0
"503-00000000","צריכה","08/01/2024","13:45",0.051,0
"503-00000000","צריכה","08/01/2024","14:00",0.077,0
"503-00000000","צריכה","08/01/2024","14:15",0.052,0
"503-00000000","צריכה","08/01/2024","14:30",0.082,0
"503-00000000","צריכה","08/01/2024","14:45",0.066,0
"503-00000000","צריכה","08/01/2024","15:00",0.073,0
"503-00000000","צריכה","08/01/2024","15:15",0.071,0
"503-00000000","צריכה","08/01/2024","15:30",0.062,0
"503-00000000","צריכה","08/01/2024","15:45",0.063,0
"503-00000000","צריכה","08/01/2024","16:00",0.057,0
"503-00000000","צריכה","08/01/2024","16:15",0.055,0
"503-00000000","צריכה","08/01/2024","16:30",0.063,0
"503-00000000","צריכה","08/01/2024","16:45",0.064,0
"503-00000000","צריכה","08/01/2024","17:00",0.234,0
"503-00000000","צריכה","08/01/2024","17:15",0.251,0
"503-00000000","צריכה","08/01/2024","17:30",0.195,0
"503-00000000","צריכה","08/01/2024","17:45",0.246,0
"503-00000000","צריכה","08/01/2024","18:00",0.212,0
"503-00000000","צריכה","08/01/2024","18:15",0.288,0
"503-00000000","צריכה","08/01/2024","18:30",0.193,0
"503-00000000","צריכה","08/01/2024","18:45",0.269,0
"503-00000000","צריכה","08/01/2024","19:00",0.199,0
"503-00000000","צריכה","08/01/2024","19:15",0.297,0
"503-00000000","צריכה","08/01/2024","19:30",0.277,0
"503-00000000","צריכה","08/01/2024","19:45",0.269,0
"503-00000000","צריכה","08/01/2024","20:00",0.268,0
"503-00000000","צריכה","08/01/2024","20:15",0.275,0
"503-00000000","צריכה","08/01/2024","20:30",0.181,0
"503-00000000","צריכה","08/01/2024","20:45",0.240,0
"503-00000000","צריכה","08/01/2024","21:00",0.230,0
"503-00000000","צריכה","08/01/2024","21:15",0.250,0
"503-00000000","צריכה","08/01/2024","21:30",0.192,0
"503-00000000","צריכה","08/01/2024","21:45",0.212,0
"503-00000000","צריכה","08/01/2024","22:00",0.181,0
"503-00000000","צריכה","08/01/2024","22:15",0.233,0
"503-00000000","צריכה","08/01/2024","22:30",0.205,0
"503-00000000","צריכה","08/01/2024","22:45",0.249,0
"503-00000000","צריכה","08/01/2024","23:00",0.060,0
"503-00000000","צריכה","08/01/2024","23:15",0.049,0
"503-00000000","צריכה","08/01/2024","23:30",0.042,0
"503-00000000","צריכה","08/01/2024","23:45",0.051,0
"503-00000000","צריכה","09/01/2024","00:00",0.062,0
"503-00000000","צריכה","09/01/2024","00:15",0.057,0
"503-00000000","צריכה","09/01/2024","00:30",0.038,0
"503-00000000","צריכה","09/01/2024","00:45",0.054,0
"503-00000000","צריכה","09/01/2024","01:00",0.038,0
"503-00000000","צריכה","09/01/2024","01:15",0.048,0
"503-00000000","צריכה","09/01/2024","01:30",0.061,0
"503-00000000","צריכה","09/01/2024","01:45",0.054,0
"503-00000000","צריכה","09/01/2024","02:00",0.057,0
"503-00000000","צריכה","09/01/2024","02:15",0.043,0
"503-00000000","צריכה","09/01/2024","02:30",0.047,0
"503-00000000","צריכה","09/01/2024","02:45",0.057,0
"503-00000000","צריכה","09/01/2024","03:00",0.043,0
"503-00000000","צריכה","09/01/2024","03:15",0.044,0
"503-00000000","צריכה","09/01/2024","03:30",0.040,0
"503-00000000","צריכה","09/01/2024","03:45",0.040,0
"503-00000000","צריכה","09/01/2024","04:00",0.039,0
"503-00000000","צריכה","09/01/2024","04:15",0.054,0
"503-00000000","צריכה","09/01/2024","04:30",0.048,0
"503-00000000","צריכה","09/01/2024","04:45",0.054,0
"503-00000000","צריכה","09/01/2024","05:00",0.051,0
"503-00000000","צריכה","09/01/2024","05:15",0.059,0
"503-00000000","צריכה","09/01/2024","05:30",0.050,0
"503-00000000","צריכה","09/01/2024","05:45",0.058,0
"503-00000000","צריכה","09/01/2024","06:00",0.087,0
"503-00000000","צריכה","09/01/2024","06:15",0.113,0
"503-00000000","צריכה","09/01/2024","06:30",0.108,0
"503-00000000","צריכה","09/01/2024","06:45",0.092,0
"503-00000000","צריכה","09/01/2024","07:00",0.117,0
"503-00000000","צריכה","09/01/2024","07:15",0.085,0
"503-00000000","צריכה","09/01/2024","07:30",0.078,0
"503-00000000","צריכה","09/01/2024","07:45",0.107,0
"503-00000000","צריכה","09/01/2024","08:00",0.124,0
"503-00000000","צריכה","09/01/2024","08:15",0.075,0
"503-00000000","צריכה","09/01/2024","08:30",0.114,0
"503-00000000","צריכה","09/01/2024","08:45",0.106,0
"503-00000000","צריכה","09/01/2024","09:00",0.062,0
"503-00000000","צריכה","09/01/2024","09:15",0.084,0
"503-00000000","צריכה","09/01/2024","09:30",0.074,0
"503-00000000","צריכה","09/01/2024","09:45",0.052,0
"503-00000000","צריכה","09/01/2024","10:00",0.071,0
"503-00000000","צריכה","09/01/2024","10:15",0.074,0
"503-00000000","צריכה","09/01/2024","10:30",0.064,0
"503-00000000","צריכה","09/01/2024","10:45",0.060,0
"503-00000000","צריכה","09/01/2024","11:00",0.052,0
"503-00000000","צריכה","09/01/2024","11:15",0.069,0
"503-00000000","צריכה","09/01/2024","11:30",0.053,0
"503-00000000","צריכה","09/01/2024","11:45",0.081,0
"503-00000000","צריכה","09/01/2024","12:00",0.061,0
"503-00000000","צריכה","09/01/2024","12:15",0.062,0
"503-00000000","צריכה","09/01/2024","12:30",0.060,0
"503-00000000","צריכה","09/01/2024","12:45",0.068,0
"503-00000000","צריכה","09/01/2024","13:00",0.079,0
"503-00000000","צריכה","09/01/2024","13:15",0.074,0
"503-00000000","צריכה","09/01/2024","13:30",0.075,0
"503-00000000","צריכה","09/01/2024","13:45",0.051,0
"503-00000000","צריכה","09/01/2024","14:00",0.081,0
"503-00000000","צריכה","09/01/2024","14:15",0.081,0
"503-00000000","צריכה","09/01/2024","14:30",0.057,0
"503-00000000","צריכה","09/01/2024","14:45",0.069,0
"503-00000000","צריכה","09/01/2024","15:00",0.080,0
"503-00000000","צריכה","09/01/2024","15:15",0.052,0
"503-00000000","צריכה","09/01/2024","15:30",0.057,0
"503-00000000","צריכה","09/01/2024","15:45",0.063,0
"503-00000000","צריכה","09/01/2024","16:00",0.074,0
"503-00000000","צריכה","09/01/2024","16:15",0.057,0
"503-00000000","צריכה","09/01/2024","16:30",0.077,0
"503-00000000","צריכה","09/01/2024","16:45",0.064,0
"503-00000000","צריכה","09/01/2024","17:00",0.287,0
"503-00000000","צריכה","09/01/2024","17:15",0.195,0
"503-00000000","צריכה","09/01/2024","17:30",0.202,0
"503-00000000","צריכה","09/01/2024","17:45",0.293,0
"503-00000000","צריכה","09/01/2024","18:00",0.296,0
"503-00000000","צריכה","09/01/2024","18:15",0.294,0
"503-00000000","צריכה","09/01/2024","18:30",0.195,0
"503-00000000","צריכה","09/01/2024","18:45",0.247,0
"503-00000000","צריכה","09/01/2024","19:00",0.180,0
"503-00000000","צריכה","09/01/2024","19:15",0.237,0
"503-00000000","צריכה","09/01/2024","19:30",0.201,0
"503-00000000","צריכה","09/01/2024","19:45",0.188,0
"503-00000000","צריכה","09/01/2024","20:00",0.188,0
"503-00000000","צריכה","09/01/2024","20:15",0.275,0
"503-00000000","צריכה","09/01/2024","20:30",0.278,0
"503-00000000","צריכה","09/01/2024","20:45",0.287,0
"503-00000000","צריכה","09/01/2024","21:00",0.229,0
"503-00000000","צריכה","09/01/2024","21:15",0.293,0
"503-00000000","צריכה","09/01/2024","21:30",0.282,0
"503-00000000","צריכה","09/01/2024","21:45",0.274,0
"503-00000000","צריכה","09/01/2024","22:00",0.287,0
"503-00000000","צריכה","09/01/2024","22:15",0.194,0
"503-00000000","צריכה","09/01/2024","22:30",0.285,0
"503-00000000","צריכה","09/01/2024","22:45",0.244,0
"503-00000000","צריכה","09/01/2024","23:00",0.049,0
"503-00000000","צריכה","09/01/2024","23:15",0.044,0
"503-00000000","צריכה","09/01/2024","23:30",0.055,0
"503-00000000","צריכה","09/01/2024","23:45",0.059,0
"503-00000000","צריכה","10/01/2024","00:00",0.051,0
"503-00000000","צריכה","10/01/2024","00:15",0.053,0
"503-00000000","צריכה","10/01/2024","00:30",0.051,0
"503-00000000","צריכה","10/01/2024","00:45",0.061,0
"503-00000000","צריכה","10/01/2024","01:00",0.058,0
"503-00000000","צריכה","10/01/2024","01:15",0.055,0
"503-00000000","צריכה","10/01/2024","01:30",0.056,0
"503-00000000","צריכה","10/01/2024","01:45",0.060,0
"503-00000000","צריכה","10/01/2024","02:00",0.039,0
"503-00000000","צריכה","10/01/2024","02:15",0.060,0
"503-00000000","צריכה","10/01/2024","02:30",0.061,0
"503-00000000","צריכה","10/01/2024","02:45",0.042,0
"503-00000000","צריכה","10/01/2024","03:00",0.059,0
"503-00000000","צריכה","10/01/2024","03:15",0.044,0
"503-00000000","צריכה","10/01/2024","03:30",0.057,0
"503-00000000","צריכה","10/01/2024","03:45",0.057,0
"503-00000000","צריכה","10/01/2024","04:00",0.061,0
"503-00000000","צריכה","10/01/2024","04:15",0.044,0
"503-00000000","צריכה","10/01/2024","04:30",0.042,0
"503-00000000","צריכה","10/01/2024","04:45",0.039,0
"503-00000000","צריכה","10/01/2024","05:00",0.050,0
"503-00000000","צריכה","10/01/2024","05:15",0.049,0
"503-00000000","צריכה","10/01/2024","05:30",0.059,0
"503-00000000","צריכה","10/01/2024","05:45",0.040,0
"503-00000000","צריכה","10/01/2024","06:00",0.114,0
"503-00000000","צריכה","10/01/2024","06:15",0.077,0
"503-00000000","צריכה","10/01/2024","06:30",0.102,0
"503-00000000","צריכה","10/01/2024","06:45",0.078,0
"503-00000000","צריכה","10/01/2024","07:00",0.121,0
"503-00000000","צריכה","10/01/2024","07:15",0.111,0
"503-00000000","צריכה","10/01/2024","07:30",0.102,0
"503-00000000","צריכה","10/01/2024","07:45",0.111,0
"503-00000000","צריכה","10/01/2024","08:00",0.089,0
"503-00000000","צריכה","10/01/2024","08:15",0.085,0
"503-00000000","צריכה","10/01/2024","08:30",0.078,0
"503-00000000","צריכה","10/01/2024","08:45",0.123,0
"503-00000000","צריכה","10/01/2024","09:00",0.077,0
"503-00000000","צריכה","10/01/2024","09:15",0.065,0
"503-00000000","צריכה","10/01/2024","09:30",0.084,0
"503-00000000","צריכה","10/01/2024","09:45",0.075,0
"503-00000000","צריכה","10/01/2024","10:00",0.061,0
"503-00000000","צריכה","10/01/2024","10:15",0.058,0
"503-00000000","צריכה","10/01/2024","10:30",0.072,0
"503-00000000","צריכה","10/01/2024","10:45",0.058,0
"503-00000000","צריכה","10/01/2024","11:00",0.067,0
"503-00000000","צריכה","10/01/2024","11:15",0.082,0
"503-00000000","צריכה","10/01/2024","11:30",0.072,0
"503-00000000","צריכה","10/01/2024","11:45",0.060,0
"503-00000000","צריכה","10/01/2024","12:00",0.063,0
"503-00000000","צריכה","10/01/2024","12:15",0.083,0
"503-00000000","צריכה","10/01/2024","12:30",0.060,0
"503-00000000","צריכה","10/01/2024","12:45",0.075,0
"503-00000000","צריכה","10/01/2024","13:00",0.069,0
"503-00000000","צריכה","10/01/2024","13:15",0.068,0
"503-00000000","צריכה","10/01/2024","13:30",0.074,0
"503-00000000","צריכה","10/01/2024","13:45",0.054,0
"503-00000000","צריכה","10/01/2024","14:00",0.062,0
"503-00000000","צריכה","10/01/2024","14:15",0.061,0
"503-00000000","צריכה","10/01/2024","14:30",0.064,0
"503-00000000","צריכה","10/01/2024","14:45",0.069,0
"503-00000000","צריכה","10/01/2024","15:00",0.084,0
"503-00000000","צריכה","10/01/2024","15:15",0.084,0
"503-00000000","צריכה","10/01/2024","15:30",0.079,0
"503-00000000","צריכה","10/01/2024","15:45",0.078,0
"503-00000000","צריכה","10/01/2024","16:00",0.081,0
"503-00000000","צריכה","10/01/2024","16:15",0.051,0
"503-00000000","צריכה","10/01/2024","16:30",0.076,0
"503-00000000","צריכה","10/01/2024","16:45",0.082,0
"503-00000000","צריכה","10/01/2024","17:00",0.237,0
"503-00000000","צריכה","10/01/2024","17:15",0.290,0
"503-00000000","צריכה","10/01/2024","17:30",0.238,0
"503-00000000","צריכה","10/01/2024","17:45",0.199,0
"503-00000000","צריכה","10/01/2024","18:00",0.188,0
"503-00000000","צריכה","10/01/2024","18:15",0.268,0
"503-00000000","צריכה","10/01/2024","18:30",0.191,0
"503-00000000","צריכה","10/01/2024","18:45",0.247,0
"503-00000000","צריכה","10/01/2024","19:00",0.288,0
"503-00000000","צריכה","10/01/2024","19:15",0.264,0
"503-00000000","צריכה","10/01/2024","19:30",0.204,0
"503-00000000","צריכה","10/01/2024","19:45",0.266,0
"503-00000000","צריכה","10/01/2024","20:00",0.294,0
"503-00000000","צריכה","10/01/2024","20:15",0.187,0
"503-00000000","צריכה","10/01/2024","20:30",0.197,0
"503-00000000","צריכה","10/01/2024","20:45",0.239,0
"503-00000000","צריכה","10/01/2024","21:00",0.242,0
"503-00000000","צריכה","10/01/2024","21:15",0.217,0
"503-00000000","צריכה","10/01/2024","21:30",0.251,0
"503-00000000","צריכה","10/01/2024","21:45",0.225,0
"503-00000000","צריכה","10/01/2024","22:00",0.211,0
"503-00000000","צריכה","10/01/2024","22:15",0.289,0
"503-00000000","צריכה","10/01/2024","22:30",0.235,0
"503-00000000","צריכה","10/01/2024","22:45",0.232,0
"503-00000000","צריכה","10/01/2024","23:00",0.038,0
"503-00000000","צריכה","10/01/2024","23:15",0.052,0
"503-00000000","צריכה","10/01/2024","23:30",0.039,0
"503-00000000","צריכה","10/01/2024","23:45",0.053,0
"503-00000000","צריכה","11/01/2024","00:00",0.038,0
"503-00000000","צריכה","11/01/2024","00:15",0.045,0
"503-00000000","צריכה","11/01/2024","00:30",0.049,0
"503-00000000","צריכה","11/01/2024","00:45",0.055,0
"503-00000000","צריכה","11/01/2024","01:00",0.053,0
"503-00000000","צריכה","11/01/2024","01:15",0.055,0
"503-00000000","צריכה","11/01/2024","01:30",0.057,0
"503-00000000","צריכה","11/01/2024","01:45",0.039,0
"503-00000000","צריכה","11/01/2024","02:00",0.048,0
"503-00000000","צריכה","11/01/2024","02:15",0.056,0
"503-00000000","צריכה","11/01/2024","02:30",0.051,0
"503-00000000","צריכה","11/01/2024","02:45",0.057,0
"503-00000000","צריכה","11/01/2024","03:00",0.051,0
"503-00000000","צריכה","11/01/2024","03:15",0.056,0
"503-00000000","צריכה","11/01/2024","03:30",0.057,0
"503-00000000","צריכה","11/01/2024","03:45",0.055,0
"503-00000000","צריכה","11/01/2024","04:00",0.044,0
"503-00000000","צריכה","11/01/2024","04:15",0.054,0
"503-00000000","צריכה","11/01/2024","04:30",0.045,0
"503-00000000","צריכה","11/01/2024","04:45",0.059,0
"503-00000000","צריכה","11/01/2024","05:00",0.040,0
"503-00000000","צריכה","11/01/2024","05:15",0.055,0
"503-00000000","צריכה","11/01/2024","05:30",0.045,0
"503-00000000","צריכה","11/01/2024","05:45",0.055,0
"503-00000000","צריכה","11/01/2024","06:00",0.107,0
"503-00000000","צריכה","11/01/2024","06:15",0.097,0
"503-00000000","צריכה","11/01/2024","06:30",0.083,0
"503-00000000","צריכה","11/01/2024","06:45",0.089,0
"503-00000000","צריכה","11/01/2024","07:00",0.099,0
"503-00000000","צריכה","11/01/2024","07:15",0.123,0
"503-00000000","צריכה","11/01/2024","07:30",0.112,0
"503-00000000","צריכה","11/01/2024","07:45",0.082,0
"503-00000000","צריכה","11/01/2024","08:00",0.116,0
"503-00000000","צריכה","11/01/2024","08:15",0.106,0
"503-00000000","צריכה","11/01/2024","08:30",0.087,0
"503-00000000","צריכה","11/01/2024","08:45",0.096,0
"503-00000000","צריכה","11/01/2024","09:00",0.063,0
"503-00000000","צריכה","11/01/2024","09:15",0.065,0
"503-00000000","צריכה","11/01/2024","09:30",0.058,0
"503-00000000","צריכה","11/01/2024","09:45",0.075,0
"503-00000000","צריכה","11/01/2024","10:00",0.082,0
"503-00000000","צריכה","11/01/2024","10:15",0.067,0
"503-00000000","צריכה","11/01/2024","10:30",0.083,0
"503-00000000","צריכה","11/01/2024","10:45",0.075,0
"503-00000000","צריכה","11/01/2024","11:00",0.064,0
"503-00000000","צריכה","11/01/2024","11:15",0.074,0
"503-00000000","צריכה","11/01/2024","11:30",0.069,0
"503-00000000","צריכה","11/01/2024","11:45",0.054,0
"503-00000000","צריכה","11/01/2024","12:00",0.056,0
"503-00000000","צריכה","11/01/2024","12:15",0.074,0
"503-00000000","צריכה","11/01/2024","12:30",0.061,0
"503-00000000","צריכה","11/01/2024","12:45",0.054,0
"503-00000000","צריכה","11/01/2024","13:00",0.084,0
"503-00000000","צריכה","11/01/2024","13:15",0.083,0
"503-00000000","צריכה","11/01/2024","13:30",0.064,0
"503-00000000","צריכה","11/01/2024","13:45",0.060,0
"503-00000000","צריכה","11/01/2024","14:00",0.074,0
"503-00000000","צריכה","11/01/2024","14:15",0.068,0
"503-00000000","צריכה","11/01/2024","14:30",0.074,0
"503-00000000","צריכה","11/01/2024","14:45",0.078,0
"503-00000000","צריכה","11/01/2024","15:00",0.058,0
"503-00000000","צריכה","11/01/2024","15:15",0.063,0
"503-00000000","צריכה","11/01/2024","15:30",0.060,0
"503-00000000","צריכה","11/01/2024","15:45",0.072,0
"503-00000000","צריכה","11/01/2024","16:00",0.054,0
"503-00000000","צריכה","11/01/2024","16:15",0.056,0
"503-00000000","צריכה","11/01/2024","16:30",0.055,0
"503-00000000","צריכה","11/01/2024","16:45",0.082,0
"503-00000000","צריכה","11/01/2024","17:00",0.223,0
"503-00000000","צריכה","11/01/2024","17:15",0.265,0
"503-00000000","צריכה","11/01/2024","17:30",0.224,0
"503-00000000","צריכה","11/01/2024","17:45",0.264,0
"503-00000000","צריכה","11/01/2024","18:00",0.277,0
"503-00000000","צריכה","11/01/2024","18:15",0.236,0
"503-00000000","צריכה","11/01/2024","18:30",0.214,0
"503-00000000","צריכה","11/01/2024","18:45",0.232,0
"503-00000000","צריכה","11/01/2024","19:00",0.258,0
"503-00000000","צריכה","11/01/2024","19:15",0.266,0
"503-00000000","צריכה","11/01/2024","19:30",0.248,0
"503-00000000","צריכה","11/01/2024","19:45",0.199,0
"503-00000000","צריכה","11/01/2024","20:00",0.186,0
"503-00000000","צריכה","11/01/2024","20:15",0.294,0
"503-00000000","צריכה","11/01/2024","20:30",0.277,0
"503-00000000","צריכה","11/01/2024","20:45",0.211,0
"503-00000000","צריכה","11/01/2024","21:00",0.274,0
"503-00000000","צריכה","11/01/2024","21:15",0.240,0
"503-00000000","צריכה","11/01/2024","21:30",0.267,0
"503-00000000","צריכה","11/01/2024","21:45",0.265,0
"503-00000000","צריכה","11/01/2024","22:00",0.285,0
"503-00000000","צריכה","11/01/2024","22:15",0.233,0
"503-00000000","צריכה","11/01/2024","22:30",0.227,0
"503-00000000","צריכה","11/01/2024","22:45",0.249,0
"503-00000000","צריכה","11/01/2024","23:00",0.058,0
"503-00000000","צריכה","11/01/2024","23:15",0.043,0
"503-00000000","צריכה","11/01/2024","23:30",0.045,0
"503-00000000","צריכה","11/01/2024","23:45",0.045,0
"503-00000000","צריכה","12/01/2024","00:00",0.044,0
"503-00000000","צריכה","12/01/2024","00:15",0.056,0
"503-00000000","צריכה","12/01/2024","00:30",0.053,0
"503-00000000","צריכה","12/01/2024","00:45",0.056,0
"503-00000000","צריכה","12/01/2024","01:00",0.057,0
"503-00000000","צריכה","12/01/2024","01:15",0.060,0
"503-00000000","צריכה","12/01/2024","01:30",0.048,0
"503-00000000","צריכה","12/01/2024","01:45",0.038,0
"503-00000000","צריכה","12/01/2024","02:00",0.047,0
"503-00000000","צריכה","12/01/2024","02:15",0.044,0
"503-00000000","צריכה","12/01/2024","02:30",0.040,0
"503-00000000","צריכה","12/01/2024","02:45",0.039,0
"503-00000000","צריכה","12/01/2024","03:00",0.044,0
"503-00000000","צריכה","12/01/2024","03:15",0.060,0
"503-00000000","צריכה","12/01/2024","03:30",0.055,0
"503-00000000","צריכה","12/01/2024","03:45",0.044,0
"503-00000000","צריכה","12/01/2024","04:00",0.048,0
"503-00000000","צריכה","12/01/2024","04:15",0.047,0
"503-00000000","צריכה","12/01/2024","04:30",0.061,0
"503-00000000","צריכה","12/01/2024","04:45",0.062,0
"503-00000000","צריכה","12/01/2024","05:00",0.059,0
"503-00000000","צריכה","12/01/2024","05:15",0.061,0
"503-00000000","צריכה","12/01/2024","05:30",0.051,0
"503-00000000","צריכה","12/01/2024","05:45",0.046,0
"503-00000000","צריכה","12/01/2024","06:00",0.123,0
"503-00000000","צריכה","12/01/2024","06:15",0.122,0
"503-00000000","צריכה","12/01/2024","06:30",0.089,0
"503-00000000","צריכה","12/01/2024","06:45",0.091,0
"503-00000000","צריכה","12/01/2024","07:00",0.085,0
"503-00000000","צריכה","12/01/2024","07:15",0.095,0
"503-00000000","צריכה","12/01/2024","07:30",0.113,0
"503-00000000","צריכה","12/01/2024","07:45",0.122,0
"503-00000000","צריכה","12/01/2024","08:00",0.099,0
"503-00000000","צריכה","12/01/2024","08:15",0.099,0
"503-00000000","צריכה","12/01/2024","08:30",0.091,0
"503-00000000","צריכה","12/01/2024","08:45",0.077,0
"503-00000000","צריכה","12/01/2024","09:00",0.105,0
"503-00000000","צריכה","12/01/2024","09:15",0.127,0
"503-00000000","צריכה","12/01/2024","09:30",0.136,0
"503-00000000","צריכה","12/01/2024","09:45",0.111,0
"503-00000000","צריכה","12/01/2024","10:00",0.119,0
"503-00000000","צריכה","12/01/2024","10:15",0.146,0
"503-00000000","צריכה","12/01/2024","10:30",0.095,0
"503-00000000","צריכה","12/01/2024","10:45",0.096,0
"503-00000000","צריכה","12/01/2024","11:00",0.110,0
"503-00000000","צריכה","12/01/2024","11:15",0.145,0
"503-00000000","צריכה","12/01/2024","11:30",0.133,0
"503-00000000","צריכה","12/01/2024","11:45",0.134,0
"503-00000000","צריכה","12/01/2024","12:00",0.136,0
"503-00000000","צריכה","12/01/2024","12:15",0.100,0
"503-00000000","צריכה","12/01/2024","12:30",0.112,0
"503-00000000","צריכה","12/01/2024","12:45",0.136,0
"503-00000000","צריכה","12/01/2024","13:00",0.093,0
"503-00000000","צריכה","12/01/2024","13:15",0.126,0
"503-00000000","צריכה","12/01/2024","13:30",0.128,0
"503-00000000","צריכה","12/01/2024","13:45",0.142,0
"503-00000000","צריכה","12/01/2024","14:00",0.090,0
"503-00000000","צריכה","12/01/2024","14:15",0.142,0
"503-00000000","צריכה","12/01/2024","14:30",0.129,0
"503-00000000","צריכה","12/01/2024","14:45",0.147,0
"503-00000000","צריכה","12/01/2024","15:00",0.112,0
"503-00000000","צריכה","12/01/2024","15:15",0.129,0
"503-00000000","צריכה","12/01/2024","15:30",0.109,0
"503-00000000","צריכה","12/01/2024","15:45",0.096,0
"503-00000000","צריכה","12/01/2024","16:00",0.122,0
"503-00000000","צריכה","12/01/2024","16:15",0.098,0
"503-00000000","צריכה","12/01/2024","16:30",0.113,0
"503-00000000","צריכה","12/01/2024","16:45",0.117,0
"503-00000000","צריכה","12/01/2024","17:00",0.180,0
"503-00000000","צריכה","12/01/2024","17:15",0.236,0
"503-00000000","צריכה","12/01/2024","17:30",0.194,0
"503-00000000","צריכה","12/01/2024","17:45",0.288,0
"503-00000000","צריכה","12/01/2024","18:00",0.179,0
"503-00000000","צריכה","12/01/2024","18:15",0.268,0
"503-00000000","צריכה","12/01/2024","18:30",0.194,0
"503-00000000","צריכה","12/01/2024","18:45",0.271,0
"503-00000000","צריכה","12/01/2024","19:00",0.218,0
"503-00000000","צריכה","12/01/2024","19:15",0.242,0
"503-00000000","צריכה","12/01/2024","19:30",0.229,0
"503-00000000","צריכה","12/01/2024","19:45",0.186,0
"503-00000000","צריכה","12/01/2024","20:00",0.268,0
"503-00000000","צריכה","12/01/2024","20:15",0.226,0
"503-00000000","צריכה","12/01/2024","20:30",0.286,0
"503-00000000","צריכה","12/01/2024","20:45",0.212,0
"503-00000000","צריכה","12/01/2024","21:00",0.270,0
"503-00000000","צריכה","12/01/2024","21:15",0.223,0
"503-00000000","צריכה","12/01/2024","21:30",0.255,0
"503-00000000","צריכה","12/01/2024","21:45",0.205,0
"503-00000000","צריכה","12/01/2024","22:00",0.225,0
"503-00000000","צריכה","12/01/2024","22:15",0.189,0
"503-00000000","צריכה","12/01/2024","22:30",0.251,0
"503-00000000","צריכה","12/01/2024","22:45",0.250,0
"503-00000000","צריכה","12/01/2024","23:00",0.045,0
"503-00000000","צריכה","12/01/2024","23:15",0.040,0
"503-00000000","צריכה","12/01/2024","23:30",0.059,0
"503-00000000","צריכה","12/01/2024","23:45",0.044,0
"503-00000000","צריכה","13/01/2024","00:00",0.049,0
"503-00000000","צריכה","13/01/2024","00:15",0.057,0
"503-00000000","צריכה","13/01/2024","00:30",0.057,0
"503-00000000","צריכה","13/01/2024","00:45",0.058,0
"503-00000000","צריכה","13/01/2024","01:00",0.059,0
"503-00000000","צריכה","13/01/2024","01:15",0.049,0
"503-00000000","צריכה","13/01/2024","01:30",0.040,0
"503-00000000","צריכה","13/01/2024","01:45",0.060,0
"503-00000000","צריכה","13/01/2024","02:00",0.040,0
"503-00000000","צריכה","13/01/2024","02:15",0.057,0
"503-00000000","צריכה","13/01/2024","02:30",0.048,0
"503-00000000","צריכה","13/01/2024","02:45",0.050,0
"503-00000000","צריכה","13/01/2024","03:00",0.049,0
"503-00000000","צריכה","13/01/2024","03:15",0.061,0
"503-00000000","צריכה","13/01/2024","03:30",0.051,0
"503-00000000","צריכה","13/01/2024","03:45",0.053,0
"503-00000000","צריכה","13/01/2024","04:00",0.051,0
"503-00000000","צריכה","13/01/2024","04:15",0.057,0
"503-00000000","צריכה","13/01/2024","04:30",0.057,0
"503-00000000","צריכה","13/01/2024","04:45",0.053,0
"503-00000000","צריכה","13/01/2024","05:00",0.040,0
"503-00000000","צריכה","13/01/2024","05:15",0.060,0
"503-00000000","צריכה","13/01/2024","05:30",0.049,0
"503-00000000","צריכה","13/01/2024","05:45",0.057,0
"503-00000000","צריכה","13/01/2024","06:00",0.092,0
"503-00000000","צריכה","13/01/2024","06:15",0.084,0
"503-00000000","צריכה","13/01/2024","06:30",0.090,0
"503-00000000","צריכה","13/01/2024","06:45",0.125,0
"503-00000000","צריכה","13/01/2024","07:00",0.115,0
"503-00000000","צריכה","13/01/2024","07:15",0.101,0
"503-00000000","צריכה","13/01/2024","07:30",0.080,0
"503-00000000","צריכה","13/01/2024","07:45",0.097,0
"503-00000000","צריכה","13/01/2024","08:00",0.091,0
"503-00000000","צריכה","13/01/2024","08:15",0.087,0
"503-00000000","צריכה","13/01/2024","08:30",0.087,0
"503-00000000","צריכה","13/01/2024","08:45",0.079,0
"503-00000000","צריכה","13/01/2024","09:00",0.098,0
"503-00000000","צריכה","13/01/2024","09:15",0.135,0
"503-00000000","צריכה","13/01/2024","09:30",0.126,0
"503-00000000","צריכה","13/01/2024","09:45",0.112,0
"503-00000000","צריכה","13/01/2024","10:00",0.111,0
"503-00000000","צריכה","13/01/2024","10:15",0.124,0
"503-00000000","צריכה","13/01/2024","10:30",0.099,0
"503-00000000","צריכה","13/01/2024","10:45",0.124,0
"503-00000000","צריכה","13/01/2024","11:00",0.116,0
"503-00000000","צריכה","13/01/2024","11:15",0.140,0
"503-00000000","צריכה","13/01/2024","11:30",0.116,0
"503-00000000","צריכה","13/01/2024","11:45",0.102,0
"503-00000000","צריכה","13/01/2024","12:00",0.129,0
"503-00000000","צריכה","13/01/2024","12:15",0.127,0
"503-00000000","צריכה","13/01/2024","12:30",0.091,0
"503-00000000","צריכה","13/01/2024","12:45",0.136,0
"503-00000000","צריכה","13/01/2024","13:00",0.093,0
"503-00000000","צריכה","13/01/2024","13:15",0.106,0
"503-00000000","צריכה","13/01/2024","13:30",0.135,0
"503-00000000","צריכה","13/01/2024","13:45",0.096,0
"503-00000000","צריכה","13/01/2024","14:00",0.092,0
"503-00000000","צריכה","13/01/2024","14:15",0.139,0
"503-00000000","צריכה","13/01/2024","14:30",0.126,0
"503-00000000","צריכה","13/01/2024","14:45",0.092,0
"503-00000000","צריכה","13/01/2024","15:00",0.123,0
"503-00000000","צריכה","13/01/2024","15:15",0.119,0
"503-00000000","צריכה","13/01/2024","15:30",0.103,0
"503-00000000","צריכה","13/01/2024","15:45",0.124,0
"503-00000000","צריכה","13/01/2024","16:00",0.124,0
"503-00000000","צריכה","13/01/2024","16:15",0.110,0
"503-00000000","צריכה","13/01/2024","16:30",0.129,0
"503-00000000","צריכה","13/01/2024","16:45",0.090,0
"503-00000000","צריכה","13/01/2024","17:00",0.291,0
"503-00000000","צריכה","13/01/2024","17:15",0.219,0
"503-00000000","צריכה","13/01/2024","17:30",0.204,0
"503-00000000","צריכה","13/01/2024","17:45",0.236,0
"503-00000000","צריכה","13/01/2024","18:00",0.181,0
"503-00000000","צריכה","13/01/2024","18:15",0.193,0
"503-00000000","צריכה","13/01/2024","18:30",0.291,0
"503-00000000","צריכה","13/01/2024","18:45",0.225,0
"503-00000000","צריכה","13/01/2024","19:00",0.191,0
"503-00000000","צריכה","13/01/2024","19:15",0.248,0
"503-00000000","צריכה","13/01/2024","19:30",0.240,0
"503-00000000","צריכה","13/01/2024","19:45",0.274,0
"503-00000000","צריכה","13/01/2024","20:00",0.246,0
"503-00000000","צריכה","13/01/2024","20:15",0.229,0
"503-00000000","צריכה","13/01/2024","20:30",0.226,0
"503-00000000","צריכה","13/01/2024","20:45",0.247,0
"503-00000000","צריכה","13/01/2024","21:00",0.232,0
"503-00000000","צריכה","13/01/2024","21:15",0.263,0
"503-00000000","צריכה","13/01/2024","21:30",0.264,0
"503-00000000","צריכה","13/01/2024","21:45",0.293,0
"503-00000000","צריכה","13/01/2024","22:00",0.183,0
"503-00000000","צריכה","13/01/2024","22:15",0.288,0
"503-00000000","צריכה","13/01/2024","22:30",0.287,0
"503-00000000","צריכה","13/01/2024","22:45",0.215,0
"503-00000000","צריכה","13/01/2024","23:00",0.043,0
"503-00000000","צריכה","13/01/2024","23:15",0.051,0
"503-00000000","צריכה","13/01/2024","23:30",0.040,0
"503-00000000","צריכה","13/01/2024","23:45",0.038,0
"503-00000000","צריכה","14/01/2024","00:00",0.042,0
"503-00000000","צריכה","14/01/2024","00:15",0.039,0
"503-00000000","צריכה","14/01/2024","00:30",0.054,0
"503-00000000","צריכה","14/01/2024","00:45",0.046,0
"503-00000000","צריכה","14/01/2024","01:00",0.050,0
"503-00000000","צריכה","14/01/2024","01:15",0.050,0
"503-00000000","צריכה","14/01/2024","01:30",0.038,0
"503-00000000","צריכה","14/01/2024","01:45",0.060,0
"503-00000000","צריכה","14/01/2024","02:00",0.045,0
"503-00000000","צריכה","14/01/2024","02:15",0.061,0
"503-00000000","צריכה","14/01/2024","02:30",0.057,0
"503-00000000","צריכה","14/01/2024","02:45",0.056,0
"503-00000000","צריכה","14/01/2024","03:00",0.059,0
"503-00000000","צריכה","14/01/2024","03:15",0.042,0
"503-00000000","צריכה","14/01/2024","03:30",0.047,0
"503-00000000","צריכה","14/01/2024","03:45",0.045,0
"503-00000000","צריכה","14/01/2024","04:00",0.046,0
"503-00000000","צריכה","14/01/2024","04:15",0.043,0
"503-00000000","צריכה","14/01/2024","04:30",0.054,0
"503-00000000","צריכה","14/01/2024","04:45",0.050,0
"503-00000000","צריכה","14/01/2024","05:00",0.059,0
"503-00000000","צריכה","14/01/2024","05:15",0.055,0
"503-00000000","צריכה","14/01/2024","05:30",0.052,0
"503-00000000","צריכה","14/01/2024","05:45",0.059,0
"503-00000000","צריכה","14/01/2024","06:00",0.114,0
"503-00000000","צריכה","14/01/2024","06:15",0.115,0
"503-00000000","צריכה","14/01/2024","06:30",0.094,0
"503-00000000","צריכה","14/01/2024","06:45",0.106,0
"503-00000000","צריכה","14/01/2024","07:00",0.075,0
"503-00000000","צריכה","14/01/2024","07:15",0.118,0
"503-00000000","צריכה","14/01/2024","07:30",0.119,0
"503-00000000","צריכה","14/01/2024","07:45",0.119,0
"503-00000000","צריכה","14/01/2024","08:00",0.120,0
"503-00000000","צריכה","14/01/2024","08:15",0.121,0
"503-00000000","צריכה","14/01/2024","08:30",0.117,0
"503-00000000","צריכה","14/01/2024","08:45",0.121,0
"503-00000000","צריכה","14/01/2024","09:00",0.076,0
"503-00000000","צריכה","14/01/2024","09:15",0.066,0
"503-00000000","צריכה","14/01/2024","09:30",0.053,0
"503-00000000","צריכה","14/01/2024","09:45",0.056,0
"503-00000000","צריכה","14/01/2024","10:00",0.077,0
"503-00000000","צריכה","14/01/2024","10:15",0.068,0
"503-00000000","צריכה","14/01/2024","10:30",0.062,0
"503-00000000","צריכה","14/01/2024","10:45",0.081,0
"503-00000000","צריכה","14/01/2024","11:00",0.068,0
"503-00000000","צריכה","14/01/2024","11:15",0.069,0
"503-00000000","צריכה","14/01/2024","11:30",0.055,0
"503-00000000","צריכה","14/01/2024","11:45",0.054,0
"503-00000000","צריכה","14/01/2024","12:00",0.061,0
"503-00000000","צריכה","14/01/2024","12:15",0.072,0
"503-00000000","צריכה","14/01/2024","12:30",0.076,0
"503-00000000","צריכה","14/01/2024","12:45",0.070,0
"503-00000000","צריכה","14/01/2024","13:00",0.081,0
"503-00000000","צריכה","14/01/2024","13:15",0.070,0
"503-00000000","צריכה","14/01/2024","13:30",0.058,0
"503-00000000","צריכה","14/01/2024","13:45",0.075,0
"503-00000000","צריכה","14/01/2024","14:00",0.081,0
"503-00000000","צריכה","14/01/2024","14:15",0.058,0
"503-00000000","צריכה","14/01/2024","14:30",0.077,0
"503-00000000","צריכה","14/01/2024","14:45",0.053,0
"503-00000000","צריכה","14/01/2024","15:00",0.062,0
"503-00000000","צריכה","14/01/2024","15:15",0.056,0
"503-00000000","צריכה","14/01/2024","15:30",0.056,0
"503-00000000","צריכה","14/01/2024","15:45",0.072,0
"503-00000000","צריכה","14/01/2024","16:00",0.081,0
"503-00000000","צריכה","14/01/2024","16:15",0.068,0
"503-00000000","צריכה","14/01/2024","16:30",0.079,0
"503-00000000","צריכה","14/01/2024","16:45",0.068,0
"503-00000000","צריכה","14/01/2024","17:00",0.194,0
"503-00000000","צריכה","14/01/2024","17:15",0.197,0
"503-00000000","צריכה","14/01/2024","17:30",0.182,0
"503-00000000","צריכה","14/01/2024","17:45",0.234,0
"503-00000000","צריכה","14/01/2024","18:00",0.270,0
"503-00000000","צריכה","14/01/2024","18:15",0.252,0
"503-00000000","צריכה","14/01/2024","18:30",0.292,0
"503-00000000","צריכה","14/01/2024","18:45",0.180,0
"503-00000000","צריכה","14/01/2024","19:00",0.276,0
"503-00000000","צריכה","14/01/2024","19:15",0.288,0
"503-00000000","צריכה","14/01/2024","19:30",0.254,0
"503-00000000","צריכה","14/01/2024","19:45",0.182,0
"503-00000000","צריכה","14/01/2024","20:00",0.221,0
"503-00000000","צריכה","14/01/2024","20:15",0.285,0
"503-00000000","צריכה","14/01/2024","20:30",0.246,0
"503-00000000","צריכה","14/01/2024","20:45",0.254,0
"503-00000000","צריכה","14/01/2024","21:00",0.289,0
"503-00000000","צריכה","14/01/2024","21:15",0.232,0
"503-00000000","צריכה","14/01/2024","21:30",0.282,0
"503-00000000","צריכה","14/01/2024","21:45",0.278,0
"503-00000000","צריכה","14/01/2024","22:00",0.285,0
"503-00000000","צריכה","14/01/2024","22:15",0.291,0
"503-00000000","צריכה","14/01/2024","22:30",0.191,0
"503-00000000","צריכה","14/01/2024","22:45",0.268,0
"503-00000000","צריכה","14/01/2024","23:00",0.055,0
"503-00000000","צריכה","14/01/2024","23:15",0.040,0
"503-00000000","צריכה","14/01/2024","23:30",0.045,0
"503-00000000","צריכה","14/01/2024","23:45",0.050,0
"503-00000000","צריכה","15/01/2024","00:00",0.054,0
"503-00000000","צריכה","15/01/2024","00:15",0.061,0
"503-00000000","צריכה","15/01/2024","00:30",0.038,0
"503-00000000","צריכה","15/01/2024","00:45",0.051,0
"503-00000000","צריכה","15/01/2024","01:00",0.045,0
"503-00000000","צריכה","15/01/2024","01:15",0.044,0
"503-00000000","צריכה","15/01/2024","01:30",0.051,0
"503-00000000","צריכה","15/01/2024","01:45",0.039,0
"503-00000000","צריכה","15/01/2024","02:00",0.059,0
"503-00000000","צריכה","15/01/2024","02:15",0.045,0
"503-00000000","צריכה","15/01/2024","02:30",0.052,0
"503-00000000","צריכה","15/01/2024","02:45",0.050,0
"503-00000000","צריכה","15/01/2024","03:00",0.038,0
"503-00000000","צריכה","15/01/2024","03:15",0.038,0
"503-00000000","צריכה","15/01/2024","03:30",0.053,0
"503-00000000","צריכה","15/01/2024","03:45",0.059,0
"503-00000000","צריכה","15/01/2024","04:00",0.050,0
"503-00000000","צריכה","15/01/2024","04:15",0.045,0
"503-00000000","צריכה","15/01/2024","04:30",0.062,0
"503-00000000","צריכה","15/01/2024","04:45",0.058,0
"503-00000000","צריכה","15/01/2024","05:00",0.054,0
"503-00000000","צריכה","15/01/2024","05:15",0.050,0
"503-00000000","צריכה","15/01/2024","05:30",0.052,0
"503-00000000","צריכה","15/01/2024","05:45",0.061,0
"503-00000000","צריכה","15/01/2024","06:00",0.077,0
"503-00000000","צריכה","15/01/2024","06:15",0.077,0
"503-00000000","צריכה","15/01/2024","06:30",0.102,0
"503-00000000","צריכה","15/01/2024","06:45",0.114,0
"503-00000000","צריכה","15/01/2024","07:00",0.100,0
"503-00000000","צריכה","15/01/2024","07:15",0.124,0
"503-00000000","צריכה","15/01/2024","07:30",0.090,0
"503-00000000","צריכה","15/01/2024","07:45",0.081,0
"503-00000000","צריכה","15/01/2024","08:00",0.116,0
"503-00000000","צריכה","15/01/2024","08:15",0.118,0
"503-00000000","צריכה","15/01/2024","08:30",0.107,0
"503-00000000","צריכה","15/01/2024","08:45",0.075,0
"503-00000000","צריכה","15/01/2024","09:00",0.079,0
"503-00000000","צריכה","15/01/2024","09:15",0.060,0
"503-00000000","צריכה","15/01/2024","09:30",0.054,0
"503-00000000","צריכה","15/01/2024","09:45",0.079,0
"503-00000000","צריכה","15/01/2024","10:00",0.069,0
"503-00000000","צריכה","15/01/2024","10:15",0.079,0
"503-00000000","צריכה","15/01/2024","10:30",0.054,0
"503-00000000","צריכה","15/01/2024","10:45",0.063,0
"503-00000000","צריכה","15/01/2024","11:00",0.067,0
"503-00000000","צריכה","15/01/2024","11:15",0.073,0
"503-00000000","צריכה","15/01/2024","11:30",0.080,0
"503-00000000","צריכה","15/01/2024","11:45",0.079,0
"503-00000000","צריכה","15/01/2024","12:00",0.056,0
"503-00000000","צריכה","15/01/2024","12:15",0.066,0
"503-00000000","צריכה","15/01/2024","12:30",0.061,0
"503-00000000","צריכה","15/01/2024","12:45",0.062,0
"503-00000000","צריכה","15/01/2024","13:00",0.056,0
"503-00000000","צריכה","15/01/2024","13:15",0.080,0
"503-00000000","צריכה","15/01/2024","13:30",0.077,0
"503-00000000","צריכה","15/01/2024","13:45",0.082,0
"503-00000000","צריכה","15/01/2024","14:00",0.078,0
"503-00000000","צריכה","15/01/2024","14:15",0.081,0
"503-00000000","צריכה","15/01/2024","14:30",0.058,0
"503-00000000","צריכה","15/01/2024","14:45",0.051,0
"503-00000000","צריכה","15/01/2024","15:00",0.062,0
"503-00000000","צריכה","15/01/2024","15:15",0.081,0
"503-00000000","צריכה","15/01/2024","15:30",0.074,0
"503-00000000","צריכה","15/01/2024","15:45",0.076,0
"503-00000000","צריכה","15/01/2024","16:00",0.062,0
"503-00000000","צריכה","15/01/2024","16:15",0.056,0
"503-00000000","צריכה","15/01/2024","16:30",0.083,0
"503-00000000","צריכה","15/01/2024","16:45",0.067,0
"503-00000000","צריכה","15/01/2024","17:00",0.200,0
"503-00000000","צריכה","15/01/2024","17:15",0.204,0
"503-00000000","צריכה","15/01/2024","17:30",0.222,0
"503-00000000","צריכה","15/01/2024","17:45",0.208,0
"503-00000000","צריכה","15/01/2024","18:00",0.266,0
"503-00000000","צריכה","15/01/2024","18:15",0.186,0
"503-00000000","צריכה","15/01/2024","18:30",0.291,0
"503-00000000","צריכה","15/01/2024","18:45",0.184,0
"503-00000000","צריכה","15/01/2024","19:00",0.237,0
"503-00000000","צריכה","15/01/2024","19:15",0.269,0
"503-00000000","צריכה","15/01/2024","19:30",0.292,0
"503-00000000","צריכה","15/01/2024","19:45",0.183,0
"503-00000000","צריכה","15/01/2024","20:00",0.294,0
"503-00000000","צריכה","15/01/2024","20:15",0.214,0
"503-00000000","צריכה","15/01/2024","20:30",0.255,0
"503-00000000","צריכה","15/01/2024","20:45",0.290,0
"503-00000000","צריכה","15/01/2024","21:00",0.233,0
"503-00000000","צריכה","15/01/2024","21:15",0.275,0
"503-00000000","צריכה","15/01/2024","21:30",0.230,0
"503-00000000","צריכה","15/01/2024","21:45",0.226,0
"503-00000000","צריכה","15/01/2024","22:00",0.288,0
"503-00000000","צריכה","15/01/2024","22:15",0.187,0
"503-00000000","צריכה","15/01/2024","22:30",0.244,0
"503-00000000","צריכה","15/01/2024","22:45",0.280,0
"503-00000000","צריכה","15/01/2024","23:00",0.045,0
"503-00000000","צריכה","15/01/2024","23:15",0.038,0
"503-00000000","צריכה","15/01/2024","23:30",0.048,0
"503-00000000","צריכה","15/01/2024","23:45",0.038,0
"503-00000000","צריכה","16/01/2024","00:00",0.046,0
"503-00000000","צריכה","16/01/2024","00:15",0.054,0
"503-00000000","צריכה","16/01/2024","00:30",0.062,0
"503-00000000","צריכה","16/01/2024","00:45",0.041,0
"503-00000000","צריכה","16/01/2024","01:00",0.052,0
"503-00000000","צריכה","16/01/2024","01:15",0.061,0
"503-00000000","צריכה","16/01/2024","01:30",0.045,0
"503-00000000","צריכה","16/01/2024","01:45",0.052,0
"503-00000000","צריכה","16/01/2024","02:00",0.045,0
"503-00000000","צריכה","16/01/2024","02:15",0.041,0
"503-00000000","צריכה","16/01/2024","02:30",0.059,0
"503-00000000","צריכה","16/01/2024","02:45",0.052,0
"503-00000000","צריכה","16/01/2024","03:00",0.048,0
"503-00000000","צריכה","16/01/2024","03:15",0.056,0
"503-00000000","צריכה","16/01/2024","03:30",0.059,0
"503-00000000","צריכה","16/01/2024","03:45",0.060,0
"503-00000000","צריכה","16/01/2024","04:00",0.043,0
"503-00000000","צריכה","16/01/2024","04:15",0.050,0
"503-00000000","צריכה","16/01/2024","04:30",0.058,0
"503-00000000","צריכה","16/01/2024","04:45",0.059,0
"503-00000000","צריכה","16/01/2024","05:00",0.060,0
"503-00000000","צריכה","16/01/2024","05:15",0.047,0
"503-00000000","צריכה","16/01/2024","05:30",0.054,0
"503-00000000","צריכה","16/01/2024","05:45",0.059,0
"503-00000000","צריכה","16/01/2024","06:00",0.082,0
"503-00000000","צריכה","16/01/2024","06:15",0.088,0
"503-00000000","צריכה","16/01/2024","06:30",0.086,0
"503-00000000","צריכה","16/01/2024","06:45",0.111,0
"503-00000000","צריכה","16/01/2024","07:00",0.089,0
"503-00000000","צריכה","16/01/2024","07:15",0.093,0
"503-00000000","צריכה","16/01/2024","07:30",0.103,0
"503-00000000","צריכה","16/01/2024","07:45",0.081,0
"503-00000000","צריכה","16/01/2024","08:00",0.078,0
"503-00000000","צריכה","16/01/2024","08:15",0.112,0
"503-00000000","צריכה","16/01/2024","08:30",0.120,0
"503-00000000","צריכה","16/01/2024","08:45",0.086,0
"503-00000000","צריכה","16/01/2024","09:00",0.065,0
"503-00000000","צריכה","16/01/2024","09:15",0.078,0
"503-00000000","צריכה","16/01/2024","09:30",0.080,0
"503-00000000","צריכה","16/01/2024","09:45",0.061,0
"503-00000000","צריכה","16/01/2024","10:00",0.084,0
"503-00000000","צריכה","16/01/2024","10:15",0.067,0
"503-00000000","צריכה","16/01/2024","10:30",0.073,0
"503-00000000","צריכה","16/01/2024","10:45",0.071,0
"503-00000000","צריכה","16/01/2024","11:00",0.064,0
"503-00000000","צריכה","16/01/2024","11:15",0.080,0
"503-00000000","צריכה","16/01/2024","11:30",0.059,0
"503-00000000","צריכה","16/01/2024","11:45",0.070,0
"503-00000000","צריכה","16/01/2024","12:00",0.077,0
"503-00000000","צריכה","16/01/2024","12:15",0.052,0
"503-00000000","צריכה","16/01/2024","12:30",0.061,0
"503-00000000","צריכה","16/01/2024","12:45",0.084,0
"503-00000000","צריכה","16/01/2024","13:00",0.075,0
"503-00000000","צריכה","16/01/2024","13:15",0.061,0
"503-00000000","צריכה","16/01/2024","13:30",0.052,0
"503-00000000","צריכה","16/01/2024","13:45",0.071,0
"503-00000000","צריכה","16/01/2024","14:00",0.059,0
"503-00000000","צריכה","16/01/2024","14:15",0.060,0
"503-00000000","צריכה","16/01/2024","14:30",0.062,0
"503-00000000","צריכה","16/01/2024","14:45",0.084,0
"503-00000000","צריכה","16/01/2024","15:00",0.081,0
"503-00000000","צריכה","16/01/2024","15:15",0.082,0
"503-00000000","צריכה","16/01/2024","15:30",0.054,0
"503-00000000","צריכה","16/01/2024","15:45",0.054,0
"503-00000000","צריכה","16/01/2024","16:00",0.077,0
"503-00000000","צריכה","16/01/2024","16:15",0.076,0
"503-00000000","צריכה","16/01/2024","16:30",0.068,0
"503-00000000","צריכה","16/01/2024","16:45",0.079,0
"503-00000000","צריכה","16/01/2024","17:00",0.227,0
"503-00000000","צריכה","16/01/2024","17:15",0.280,0
"503-00000000","צריכה","16/01/2024","17:30",0.221,0
"503-00000000","צריכה","16/01/2024","17:45",0.184,0
"503-00000000","צריכה","16/01/2024","18:00",0.268,0
"503-00000000","צריכה","16/01/2024","18:15",0.241,0
"503-00000000","צריכה","16/01/2024","18:30",0.237,0
"503-00000000","צריכה","16/01/2024","18:45",0.243,0
"503-00000000","צריכה","16/01/2024","19:00",0.233,0
"503-00000000","צריכה","16/01/2024","19:15",0.251,0
"503-00000000","צריכה","16/01/2024","19:30",0.254,0
"503-00000000","צריכה","16/01/2024","19:45",0.256,0
"503-00000000","צריכה","16/01/2024","20:00",0.259,0
"503-00000000","צריכה","16/01/2024","20:15",0.276,0
"503-00000000","צריכה","16/01/2024","20:30",0.213,0
"503-00000000","צריכה","16/01/2024","20:45",0.265,0
"503-00000000","צריכה","16/01/2024","21:00",0.294,0
"503-00000000","צריכה","16/01/2024","21:15",0.271,0
"503-00000000","צריכה","16/01/2024","21:30",0.213,0
"503-00000000","צריכה","16/01/2024","21:45",0.284,0
"503-00000000","צריכה","16/01/2024","22:00",0.263,0
"503-00000000","צריכה","16/01/2024","22:15",0.182,0
"503-00000000","צריכה","16/01/2024","22:30",0.216,0
"503-00000000","צריכה","16/01/2024","22:45",0.245,0
"503-00000000","צריכה","16/01/2024","23:00",0.044,0
"503-00000000","צריכה","16/01/2024","23:15",0.041,0
"503-00000000","צריכה","16/01/2024","23:30",0.051,0
"503-00000000","צריכה","16/01/2024","23:45",0.060,0
"503-00000000","צריכה","17/01/2024","00:00",0.044,0
"503-00000000","צריכה","17/01/2024","00:15",0.061,0
"503-00000000","צריכה","17/01/2024","00:30",0.057,0
"503-00000000","צריכה","17/01/2024","00:45",0.052,0
"503-00000000","צריכה","17/01/2024","01:00",0.047,0
"503-00000000","צריכה","17/01/2024","01:15",0.062,0
"503-00000000","צריכה","17/01/2024","01:30",0.053,0
"503-00000000","צריכה","17/01/2024","01:45",0.052,0
"503-00000000","צריכה","17/01/2024","02:00",0.039,0
"503-00000000","צריכה","17/01/2024","02:15",0.052,0
"503-00000000","צריכה","17/01/2024","02:30",0.055,0
"503-00000000","צריכה","17/01/2024","02:45",0.053,0
"503-00000000","צריכה","17/01/2024","03:00",0.054,0
"503-00000000","צריכה","17/01/2024","03:15",0.048,0
"503-00000000","צריכה","17/01/2024","03:30",0.062,0
"503-00000000","צריכה","17/01/2024","03:45",0.041,0
"503-00000000","צריכה","17/01/2024","04:00",0.056,0
"503-00000000","צריכה","17/01/2024","04:15",0.046,0
"503-00000000","צריכה","17/01/2024","04:30",0.058,0
"503-00000000","צריכה","17/01/2024","04:45",0.055,0
"503-00000000","צריכה","17/01/2024","05:00",0.058,0
"503-00000000","צריכה","17/01/2024","05:15",0.051,0
"503-00000000","צריכה","17/01/2024","05:30",0.056,0
"503-00000000","צריכה","17/01/2024","05:45",0.058,0
"503-00000000","צריכה","17/01/2024","06:00",0.085,0
"503-00000000","צריכה","17/01/2024","06:15",0.095,0
"503-00000000","צריכה","17/01/2024","06:30",0.105,0
"503-00000000","צריכה","17/01/2024","06:45",0.108,0
"503-00000000","צריכה","17/01/2024","07:00",0.082,0
"503-00000000","צריכה","17/01/2024","07:15",0.095,0
"503-00000000","צריכה","17/01/2024","07:30",0.083,0
"503-00000000","צריכה","17/01/2024","07:45",0.113,0
"503-00000000","צריכה","17/01/2024","08:00",0.102,0
"503-00000000","צריכה","17/01/2024","08:15",0.111,0
"503-00000000","צריכה","17/01/2024","08:30",0.105,0
"503-00000000","צריכה","17/01/2024","08:45",0.086,0
"503-00000000","צריכה","17/01/2024","09:00",0.081,0
"503-00000000","צריכה","17/01/2024","09:15",0.066,0
"503-00000000","צריכה","17/01/2024","09:30",0.064,0
"503-00000000","צריכה","17/01/2024","09:45",0.083,0
"503-00000000","צריכה","17/01/2024","10:00",0.079,0
"503-00000000","צריכה","17/01/2024","10:15",0.062,0
"503-00000000","צריכה","17/01/2024","10:30",0.071,0
"503-00000000","צריכה","17/01/2024","10:45",0.070,0
"503-00000000","צריכה","17/01/2024","11:00",0.063,0
"503-00000000","צריכה","17/01/2024","11:15",0.068,0
"503-00000000","צריכה","17/01/2024","11:30",0.059,0
"503-00000000","צריכה","17/01/2024","11:45",0.059,0
"503-00000000","צריכה","17/01/2024","12:00",0.074,0
"503-00000000","צריכה","17/01/2024","12:15",0.073,0
"503-00000000","צריכה","17/01/2024","12:30",0.068,0
"503-00000000","צריכה","17/01/2024","12:45",0.052,0
"503-00000000","צריכה","17/01/2024","13:00",0.059,0
"503-00000000","צריכה","17/01/2024","13:15",0.053,0
"503-00000000","צריכה","17/01/2024","13:30",0.080,0
"503-00000000","צריכה","17/01/2024","13:45",0.074,0
"503-00000000","צריכה","17/01/2024","14:00",0.066,0
"503-00000000","צריכה","17/01/2024","14:15",0.068,0
"503-00000000","צריכה","17/01/2024","14:30",0.080,0
"503-00000000","צריכה","17/01/2024","14:45",0.064,0
"503-00000000","צריכה","17/01/2024","15:00",0.078,0
"503-00000000","צריכה","17/01/2024","15:15",0.067,0
"503-00000000","צריכה","17/01/2024","15:30",0.052,0
"503-00000000","צריכה","17/01/2024","15:45",0.079,0
"503-00000000","צריכה","17/01/2024","16:00",0.051,0
"503-00000000","צריכה","17/01/2024","16:15",0.051,0
"503-00000000","צריכה","17/01/2024","16:30",0.075,0
"503-00000000","צריכה","17/01/2024","16:45",0.063,0
"503-00000000","צריכה","17/01/2024","17:00",0.217,0
"503-00000000","צריכה","17/01/2024","17:15",0.289,0
"503-00000000","צריכה","17/01/2024","17:30",0.235,0
"503-00000000","צריכה","17/01/2024","17:45",0.250,0
"503-00000000","צריכה","17/01/2024","18:00",0.281,0
"503-00000000","צריכה","17/01/2024","18:15",0.255,0
"503-00000000","צריכה","17/01/2024","18:30",0.263,0
"503-00000000","צריכה","17/01/2024","18:45",0.254,0
"503-00000000","צריכה","17/01/2024","19:00",0.232,0
"503-00000000","צריכה","17/01/2024","19:15",0.194,0
"503-00000000","צריכה","17/01/2024","19:30",0.256,0
"503-00000000","צריכה","17/01/2024","19:45",0.282,0
"503-00000000","צריכה","17/01/2024","20:00",0.186,0
"503-00000000","צריכה","17/01/2024","20:15",0.284,0
"503-00000000","צריכה","17/01/2024","20:30",0.192,0
"503-00000000","צריכה","17/01/2024","20:45",0.260,0
"503-00000000","צריכה","17/01/2024","21:00",0.181,0
"503-00000000","צריכה","17/01/2024","21:15",0.214,0
"503-00000000","צריכה","17/01/2024","21:30",0.256,0
"503-00000000","צריכה","17/01/2024","21:45",0.270,0
"503-00000000","צריכה","17/01/2024","22:00",0.233,0
"503-00000000","צריכה","17/01/2024","22:15",0.273,0
"503-00000000","צריכה","17/01/2024","22:30",0.279,0
"503-00000000","צריכה","17/01/2024","22:45",0.231,0
"503-00000000","צריכה","17/01/2024","23:00",0.049,0
"503-00000000","צריכה","17/01/2024","23:15",0.060,0
"503-00000000","צריכה","17/01/2024","23:30",0.047,0
"503-00000000","צריכה","17/01/2024","23:45",0.049,0
"503-00000000","צריכה","18/01/2024","00:00",0.052,0
"503-00000000","צריכה","18/01/2024","00:15",0.040,0
"503-00000000","צריכה","18/01/2024","00:30",0.061,0
"503-00000000","צריכה","18/01/2024","00:45",0.041,0
"503-00000000","צריכה","18/01/2024","01:00",0.051,0
"503-00000000","צריכה","18/01/2024","01:15",0.043,0
"503-00000000","צריכה","18/01/2024","01:30",0.055,0
"503-00000000","צריכה","18/01/2024","01:45",0.056,0
"503-00000000","צריכה","18/01/2024","02:00",0.051,0
"503-00000000","צריכה","18/01/2024","02:15",0.043,0
"503-00000000","צריכה","18/01/2024","02:30",0.056,0
"503-00000000","צריכה","18/01/2024","02:45",0.044,0
"503-00000000","צריכה","18/01/2024","03:00",0.056,0
"503-00000000","צריכה","18/01/2024","03:15",0.055,0
"503-00000000","צריכה","18/01/2024","03:30",0.055,0
"503-00000000","צריכה","18/01/2024","03:45",0.044,0
"503-00000000","צריכה","18/01/2024","04:00",0.040,0
"503-00000000","צריכה","18/01/2024","04:15",0.047,0
"503-00000000","צריכה","18/01/2024","04:30",0.057,0
"503-00000000","צריכה","18/01/2024","04:45",0.047,0
"503-00000000","צריכה","18/01/2024","05:00",0.055,0
"503-00000000","צריכה","18/01/2024","05:15",0.054,0
"503-00000000","צריכה","18/01/2024","05:30",0.057,0
"503-00000000","צריכה","18/01/2024","05:45",0.041,0
"503-00000000","צריכה","18/01/2024","06:00",0.105,0
"503-00000000","צריכה","18/01/2024","06:15",0.104,0
"503-00000000","צריכה","18/01/2024","06:30",0.102,0
"503-00000000","צריכה","18/01/2024","06:45",0.088,0
"503-00000000","צריכה","18/01/2024","07:00",0.105,0
"503-00000000","צריכה","18/01/2024","07:15",0.082,0
"503-00000000","צריכה","18/01/2024","07:30",0.080,0
"503-00000000","צריכה","18/01/2024","07:45",0.089,0
"503-00000000","צריכה","18/01/2024","08:00",0.103,0
"503-00000000","צריכה","18/01/2024","08:15",0.110,0
"503-00000000","צריכה","18/01/2024","08:30",0.103,0
"503-00000000","צריכה","18/01/2024","08:45",0.109,0
"503-00000000","צריכה","18/01/2024","09:00",0.078,0
"503-00000000","צריכה","18/01/2024","09:15",0.080,0
"503-00000000","צריכה","18/01/2024","09:30",0.079,0
"503-00000000","צריכה","18/01/2024","09:45",0.077,0
"503-00000000","צריכה","18/01/2024","10:00",0.082,0
"503-00000000","צריכה","18/01/2024","10:15",0.071,0
"503-00000000","צריכה","18/01/2024","10:30",0.052,0
"503-00000000","צריכה","18/01/2024","10:45",0.057,0
"503-00000000","צריכה","18/01/2024","11:00",0.071,0
"503-00000000","צריכה","18/01/2024","11:15",0.054,0
"503-00000000","צריכה","18/01/2024","11:30",0.060,0
"503-00000000","צריכה","18/01/2024","11:45",0.077,0
"503-00000000","צריכה","18/01/2024","12:00",0.069,0
"503-00000000","צריכה","18/01/2024","12:15",0.077,0
"503-00000000","צריכה","18/01/2024","12:30",0.073,0
"503-00000000","צריכה","18/01/2024","12:45",0.073,0
"503-00000000","צריכה","18/01/2024","13:00",0.074,0
"503-00000000","צריכה","18/01/2024","13:15",0.073,0
"503-00000000","צריכה","18/01/2024","13:30",0.074,0
"503-00000000","צריכה","18/01/2024","13:45",0.075,0
"503-00000000","צריכה","18/01/2024","14:00",0.083,0
"503-00000000","צריכה","18/01/2024","14:15",0.058,0
"503-00000000","צריכה","18/01/2024","14:30",0.083,0
"503-00000000","צריכה","18/01/2024","14:45",0.083,0
"503-00000000","צריכה","18/01/2024","15:00",0.072,0
"503-00000000","צריכה","18/01/2024","15:15",0.065,0
"503-00000000","צריכה","18/01/2024","15:30",0.063,0
"503-00000000","צריכה","18/01/2024","15:45",0.055,0
"503-00000000","צריכה","18/01/2024","16:00",0.056,0
"503-00000000","צריכה","18/01/2024","16:15",0.073,0
"503-00000000","צריכה","18/01/2024","16:30",0.061,0
"503-00000000","צריכה","18/01/2024","16:45",0.053,0
"503-00000000","צריכה","18/01/2024","17:00",0.208,0
"503-00000000","צריכה","18/01/2024","17:15",0.237,0
"503-00000000","צריכה","18/01/2024","17:30",0.238,0
"503-00000000","צריכה","18/01/2024","17:45",0.293,0
"503-00000000","צריכה","18/01/2024","18:00",0.217,0
"503-00000000","צריכה","18/01/2024","18:15",0.293,0
"503-00000000","צריכה","18/01/2024","18:30",0.292,0
"503-00000000","צריכה","18/01/2024","18:45",0.226,0
"503-00000000","צריכה","18/01/2024","19:00",0.208,0
"503-00000000","צריכה","18/01/2024","19:15",0.203,0
"503-00000000","צריכה","18/01/2024","19:30",0.251,0
"503-00000000","צריכה","18/01/2024","19:45",0.231,0
"503-00000000","צריכה","18/01/2024","20:00",0.186,0
"503-00000000","צריכה","18/01/2024","20:15",0.283,0
"503-00000000","צריכה","18/01/2024","20:30",0.294,0
"503-00000000","צריכה","18/01/2024","20:45",0.200,0
"503-00000000","צריכה","18/01/2024","21:00",0.288,0
"503-00000000","צריכה","18/01/2024","21:15",0.277,0
"503-00000000","צריכה","18/01/2024","21:30",0.241,0
"503-00000000","צריכה","18/01/2024","21:45",0.270,0
"503-00000000","צריכה","18/01/2024","22:00",0.287,0
"503-00000000","צריכה","18/01/2024","22:15",0.208,0
"503-00000000","צריכה","18/01/2024","22:30",0.218,0
"503-00000000","צריכה","18/01/2024","22:45",0.185,0
"503-00000000","צריכה","18/01/2024","23:00",0.040,0
"503-00000000","צריכה","18/01/2024","23:15",0.059,0
"503-00000000","צריכה","18/01/2024","23:30",0.044,0
"503-00000000","צריכה","18/01/2024","23:45",0.050,0
"503-00000000","צריכה","19/01/2024","00:00",0.061,0
"503-00000000","צריכה","19/01/2024","00:15",0.061,0
"503-00000000","צריכה","19/01/2024","00:30",0.042,0
"503-00000000","צריכה","19/01/2024","00:45",0.049,0
"503-00000000","צריכה","19/01/2024","01:00",0.047,0
"503-00000000","צריכה","19/01/2024","01:15",0.059,0
"503-00000000","צריכה","19/01/2024","01:30",0.057,0
"503-00000000","צריכה","19/01/2024","01:45",0.042,0
"503-00000000","צריכה","19/01/2024","02:00",0.047,0
"503-00000000","צריכה","19/01/2024","02:15",0.041,0
"503-00000000","צריכה","19/01/2024","02:30",0.047,0
"503-00000000","צריכה","19/01/2024","02:45",0.043,0
"503-00000000","צריכה","19/01/2024","03:00",0.050,0
"503-00000000","צריכה","19/01/2024","03:15",0.046,0
"503-00000000","צריכה","19/01/2024","03:30",0.046,0
"503-00000000","צריכה","19/01/2024","03:45",0.055,0
"503-00000000","צריכה","19/01/2024","04:00",0.058,0
"503-00000000","צריכה","19/01/2024","04:15",0.049,0
"503-00000000","צריכה","19/01/2024","04:30",0.043,0
"503-00000000","צריכה","19/01/2024","04:45",0.054,0
"503-00000000","צריכה","19/01/2024","05:00",0.058,0
"503-00000000","צריכה","19/01/2024","05:15",0.061,0
"503-00000000","צריכה","19/01/2024","05:30",0.050,0
"503-00000000","צריכה","19/01/2024","05:45",0.054,0
"503-00000000","צריכה","19/01/2024","06:00",0.116,0
"503-00000000","צריכה","19/01/2024","06:15",0.114,0
"503-00000000","צריכה","19/01/2024","06:30",0.085,0
"503-00000000","צריכה","19/01/2024","06:45",0.105,0
"503-00000000","צריכה","19/01/2024","07:00",0.099,0
"503-00000000","צריכה","19/01/2024","07:15",0.092,0
"503-00000000","צריכה","19/01/2024","07:30",0.122,0
"503-00000000","צריכה","19/01/2024","07:45",0.082,0
"503-00000000","צריכה","19/01/2024","08:00",0.107,0
"503-00000000","צריכה","19/01/2024","08:15",0.102,0
"503-00000000","צריכה","19/01/2024","08:30",0.077,0
"503-00000000","צריכה","19/01/2024","08:45",0.122,0
"503-00000000","צריכה","19/01/2024","09:00",0.125,0
"503-00000000","צריכה","19/01/2024","09:15",0.122,0
"503-00000000","צריכה","19/01/2024","09:30",0.120,0
"503-00000000","צריכה","19/01/2024","09:45",0.124,0
"503-00000000","צריכה","19/01/2024","10:00",0.092,0
"503-00000000","צריכה","19/01/2024","10:15",0.112,0
"503-00000000","צריכה","19/01/2024","10:30",0.140,0
"503-00000000","צריכה","19/01/2024","10:45",0.117,0
"503-00000000","צריכה","19/01/2024","11:00",0.128,0
"503-00000000","צריכה","19/01/2024","11:15",0.141,0
"503-00000000","צריכה","19/01/2024","11:30",0.140,0
"503-00000000","צריכה","19/01/2024","11:45",0.122,0
"503-00000000","צריכה","19/01/2024","12:00",0.135,0
"503-00000000","צריכה","19/01/2024","12:15",0.094,0
"503-00000000","צריכה","19/01/2024","12:30",0.132,0
"503-00000000","צריכה","19/01/2024","12:45",0.145,0
"503-00000000","צריכה","19/01/2024","13:00",0.122,0
"503-00000000","צריכה","19/01/2024","13:15",0.116,0
"503-00000000","צריכה","19/01/2024","13:30",0.138,0
"503-00000000","צריכה","19/01/2024","13:45",0.103,0
"503-00000000","צריכה","19/01/2024","14:00",0.145,0
"503-00000000","צריכה","19/01/2024","14:15",0.113,0
"503-00000000","צריכה","19/01/2024","14:30",0.137,0
"503-00000000","צריכה","19/01/2024","14:45",0.121,0
"503-00000000","צריכה","19/01/2024","15:00",0.106,0
"503-00000000","צריכה","19/01/2024","15:15",0.143,0
"503-00000000","צריכה","19/01/2024","15:30",0.100,0
"503-00000000","צריכה","19/01/2024","15:45",0.128,0
"503-00000000","צריכה","19/01/2024","16:00",0.134,0
"503-00000000","צריכה","19/01/2024","16:15",0.105,0
"503-00000000","צריכה","19/01/2024","16:30",0.126,0
"503-00000000","צריכה","19/01/2024","16:45",0.121,0
"503-00000000","צריכה","19/01/2024","17:00",0.291,0
"503-00000000","צריכה","19/01/2024","17:15",0.211,0
"503-00000000","צריכה","19/01/2024","17:30",0.270,0
"503-00000000","צריכה","19/01/2024","17:45",0.228,0
"503-00000000","צריכה","19/01/2024","18:00",0.291,0
"503-00000000","צריכה","19/01/2024","18:15",0.211,0
"503-00000000","צריכה","19/01/2024","18:30",0.249,0
"503-00000000","צריכה","19/01/2024","18:45",0.268,0
"503-00000000","צריכה","19/01/2024","19:00",0.287,0
"503-00000000","צריכה","19/01/2024","19:15",0.180,0
"503-00000000","צריכה","19/01/2024","19:30",0.263,0
"503-00000000","צריכה","19/01/2024","19:45",0.190,0
"503-00000000","צריכה","19/01/2024","20:00",0.251,0
"503-00000000","צריכה","19/01/2024","20:15",0.225,0
"503-00000000","צריכה","19/01/2024","20:30",0.195,0
"503-00000000","צריכה","19/01/2024","20:45",0.200,0
"503-00000000","צריכה","19/01/2024","21:00",0.203,0
"503-00000000","צריכה","19/01/2024","21:15",0.181,0
"503-00000000","צריכה","19/01/2024","21:30",0.203,0
"503-00000000","צריכה","19/01/2024","21:45",0.197,0
"503-00000000","צריכה","19/01/2024","22:00",0.281,0
"503-00000000","צריכה","19/01/2024","22:15",0.198,0
"503-00000000","צריכה","19/01/2024","22:30",0.276,0
"503-00000000","צריכה","19/01/2024","22:45",0.182,0
"503-00000000","צריכה","19/01/2024","23:00",0.040,0
"503-00000000","צריכה","19/01/2024","23:15",0.062,0
"503-00000000","צריכה","19/01/2024","23:30",0.047,0
"503-00000000","צריכה","19/01/2024","23:45",0.051,0
"503-00000000","צריכה","20/01/2024","00:00",0.039,0
"503-00000000","צריכה","20/01/2024","00:15",0.061,0
"503-00000000","צריכה","20/01/2024","00:30",0.052,0
"503-00000000","צריכה","20/01/2024","00:45",0.055,0
"503-00000000","צריכה","20/01/2024","01:00",0.062,0
"503-00000000","צריכה","20/01/2024","01:15",0.047,0
"503-00000000","צריכה","20/01/2024","01:30",0.048,0
"503-00000000","צריכה","20/01/2024","01:45",0.043,0
"503-00000000","צריכה","20/01/2024","02:00",0.060,0
"503-00000000","צריכה","20/01/2024","02:15",0.043,0
"503-00000000","צריכה","20/01/2024","02:30",0.056,0
"503-00000000","צריכה","20/01/2024","02:45",0.049,0
"503-00000000","צריכה","20/01/2024","03:00",0.060,0
"503-00000000","צריכה","20/01/2024","03:15",0.051,0
"503-00000000","צריכה","20/01/2024","03:30",0.055,0
"503-00000000","צריכה","20/01/2024","03:45",0.049,0
"503-00000000","צריכה","20/01/2024","04:00",0.055,0
"503-00000000","צריכה","20/01/2024","04:15",0.052,0
"503-00000000","צריכה","20/01/2024","04:30",0.047,0
"503-00000000","צריכה","20/01/2024","04:45",0.058,0
"503-00000000","צריכה","20/01/2024","05:00",0.051,0
"503-00000000","צריכה","20/01/2024","05:15",0.058,0
"503-00000000","צריכה","20/01/2024","05:30",0.054,0
"503-00000000","צריכה","20/01/2024","05:45",0.044,0
"503-00000000","צריכה","20/01/2024","06:00",0.099,0
"503-00000000","צריכה","20/01/2024","06:15",0.103,0
"503-00000000","צריכה","20/01/2024","06:30",0.089,0
"503-00000000","צריכה","20/01/2024","06:45",0.113,0
"503-00000000","צריכה","20/01/2024","07:00",0.095,0
"503-00000000","צריכה","20/01/2024","07:15",0.110,0
"503-00000000","צריכה","20/01/2024","07:30",0.105,0
"503-00000000","צריכה","20/01/2024","07:45",0.075,0
"503-00000000","צריכה","20/01/2024","08:00",0.097,0
"503-00000000","צריכה","20/01/2024","08:15",0.121,0
"503-00000000","צריכה","20/01/2024","08:30",0.124,0
"503-00000000","צריכה","20/01/2024","08:45",0.094,0
"503-00000000","צריכה","20/01/2024","09:00",0.111,0
"503-00000000","צריכה","20/01/2024","09:15",0.117,0
"503-00000000","צריכה","20/01/2024","09:30",0.117,0
"503-00000000","צריכה","20/01/2024","09:45",0.146,0
"503-00000000","צריכה","20/01/2024","10:00",0.146,0
"503-00000000","צריכה","20/01/2024","10:15",0.113,0
"503-00000000","צריכה","20/01/2024","10:30",0.096,0
"503-00000000","צריכה","20/01/2024","10:45",0.142,0
"503-00000000","צריכה","20/01/2024","11:00",0.119,0
"503-00000000","צריכה","20/01/2024","11:15",0.142,0
"503-00000000","צריכה","20/01/2024","11:30",0.118,0
"503-00000000","צריכה","20/01/2024","11:45",0.125,0
"503-00000000","צריכה","20/01/2024","12:00",0.106,0
"503-00000000","צריכה","20/01/2024","12:15",0.102,0
"503-00000000","צריכה","20/01/2024","12:30",0.120,0
"503-00000000","צריכה","20/01/2024","12:45",0.090,0
"503-00000000","צריכה","20/01/2024","13:00",0.100,0
"503-00000000","צריכה","20/01/2024","13:15",0.111,0
"503-00000000","צריכה","20/01/2024","13:30",0.124,0
"503-00000000","צריכה","20/01/2024","13:45",0.092,0
"503-00000000","צריכה","20/01/2024","14:00",0.122,0
"503-00000000","צריכה","20/01/2024","14:15",0.100,0
"503-00000000","צריכה","20/01/2024","14:30",0.125,0
"503-00000000","צריכה","20/01/2024","14:45",0.107,0
"503-00000000","צריכה","20/01/2024","15:00",0.146,0
"503-00000000","צריכה","20/01/2024","15:15",0.127,0
"503-00000000","צריכה","20/01/2024","15:30",0.127,0
"503-00000000","צריכה","20/01/2024","15:45",0.123,0
"503-00000000","צריכה","20/01/2024","16:00",0.114,0
"503-00000000","צריכה","20/01/2024","16:15",0.098,0
"503-00000000","צריכה","20/01/2024","16:30",0.138,0
"503-00000000","צריכה","20/01/2024","16:45",0.135,0
"503-00000000","צריכה","20/01/2024","17:00",0.188,0
"503-00000000","צריכה","20/01/2024","17:15",0.270,0
"503-00000000","צריכה","20/01/2024","17:30",0.289,0
"503-00000000","צריכה","20/01/2024","17:45",0.200,0
"503-00000000","צריכה","20/01/2024","18:00",0.255,0
"503-00000000","צריכה","20/01/2024","18:15",0.251,0
"503-00000000","צריכה","20/01/2024","18:30",0.237,0
"503-00000000","צריכה","20/01/2024","18:45",0.286,0
"503-00000000","צריכה","20/01/2024","19:00",0.265,0
"503-00000000","צריכה","20/01/2024","19:15",0.186,0
"503-00000000","צריכה","20/01/2024","19:30",0.268,0
"503-00000000","צריכה","20/01/2024","19:45",0.259,0
"503-00000000","צריכה","20/01/2024","20:00",0.198,0
"503-00000000","צריכה","20/01/2024","20:15",0.216,0
"503-00000000","צריכה","20/01/2024","20:30",0.255,0
"503-00000000","צריכה","20/01/2024","20:45",0.202,0
"503-00000000","צריכה","20/01/2024","21:00",0.285,0
"503-00000000","צריכה","20/01/2024","21:15",0.286,0
"503-00000000","צריכה","20/01/2024","21:30",0.212,0
"503-00000000","צריכה","20/01/2024","21:45",0.219,0
"503-00000000","צריכה","20/01/2024","22:00",0.266,0
"503-00000000","צריכה","20/01/2024","22:15",0.281,0
"503-00000000","צריכה","20/01/2024","22:30",0.190,0
"503-00000000","צריכה","20/01/2024","22:45",0.219,0
"503-00000000","צריכה","20/01/2024","23:00",0.041,0
"503-00000000","צריכה","20/01/2024","23:15",0.053,0
"503-00000000","צריכה","20/01/2024","23:30",0.056,0
"503-00000000","צריכה","20/01/2024","23:45",0.061,0
"503-00000000","צריכה","21/01/2024","00:00",0.056,0
"503-00000000","צריכה","21/01/2024","00:15",0.042,0
"503-00000000","צריכה","21/01/2024","00:30",0.062,0
"503-00000000","צריכה","21/01/2024","00:45",0.048,0
"503-00000000","צריכה","21/01/2024","01:00",0.042,0
"503-00000000","צריכה","21/01/2024","01:15",0.055,0
"503-00000000","צריכה","21/01/2024","01:30",0.059,0
"503-00000000","צריכה","21/01/2024","01:45",0.057,0
"503-00000000","צריכה","21/01/2024","02:00",0.057,0
"503-00000000","צריכה","21/01/2024","02:15",0.051,0
"503-00000000","צריכה","21/01/2024","02:30",0.061,0
"503-00000000","צריכה","21/01/2024","02:45",0.057,0
"503-00000000","צריכה","21/01/2024","03:00",0.043,0
"503-00000000","צריכה","21/01/2024","03:15",0.052,0
"503-00000000","צריכה","21/01/2024","03:30",0.040,0
"503-00000000","צריכה","21/01/2024","03:45",0.051,0
"503-00000000","צריכה","21/01/2024","04:00",0.045,0
"503-00000000","צריכה","21/01/2024","04:15",0.049,0
"503-00000000","צריכה","21/01/2024","04:30",0.049,0
"503-00000000","צריכה","21/01/2024","04:45",0.043,0
"503-00000000","צריכה","21/01/2024","05:00",0.055,0
"503-00000000","צריכה","21/01/2024","05:15",0.060,0
"503-00000000","צריכה","21/01/2024","05:30",0.042,0
"503-00000000","צריכה","21/01/2024","05:45",0.041,0
"503-00000000","צריכה","21/01/2024","06:00",0.077,0
"503-00000000","צריכה","21/01/2024","06:15",0.096,0
"503-00000000","צריכה","21/01/2024","06:30",0.088,0
"503-00000000","צריכה","21/01/2024","06:45",0.085,0
"503-00000000","צריכה","21/01/2024","07:00",0.098,0
"503-00000000","צריכה","21/01/2024","07:15",0.103,0
"503-00000000","צריכה","21/01/2024","07:30",0.118,0
"503-00000000","צריכה","21/01/2024","07:45",0.079,0
"503-00000000","צריכה","21/01/2024","08:00",0.091,0
"503-00000000","צריכה","21/01/2024","08:15",0.092,0
"503-00000000","צריכה","21/01/2024","08:30",0.102,0
"503-00000000","צריכה","21/01/2024","08:45",0.106,0
"503-00000000","צריכה","21/01/2024","09:00",0.063,0
"503-00000000","צריכה","21/01/2024","09:15",0.082,0
"503-00000000","צריכה","21/01/2024","09:30",0.076,0
"503-00000000","צריכה","21/01/2024","09:45",0.068,0
"503-00000000","צריכה","21/01/2024","10:00",0.077,0
"503-00000000","צריכה","21/01/2024","10:15",0.071,0
"503-00000000","צריכה","21/01/2024","10:30",0.064,0
"503-00000000","צריכה","21/01/2024","10:45",0.081,0
"503-00000000","צריכה","21/01/2024","11:00",0.076,0
"503-00000000","צריכה","21/01/2024","11:15",0.055,0
"503-00000000","צריכה","21/01/2024","11:30",0.078,0
"503-00000000","צריכה","21/01/2024","11:45",0.082,0
"503-00000000","צריכה","21/01/2024","12:00",0.080,0
"503-00000000","צריכה","21/01/2024","12:15",0.083,0
"503-00000000","צריכה","21/01/2024","12:30",0.067,0
"503-00000000","צריכה","21/01/2024","12:45",0.067,0
"503-00000000","צריכה","21/01/2024","13:00",0.061,0
"503-00000000","צריכה","21/01/2024","13:15",0.054,0
"503-00000000","צריכה","21/01/2024","13:30",0.065,0
"503-00000000","צריכה","21/01/2024","13:45",0.051,0
"503-00000000","צריכה","21/01/2024","14:00",0.083,0
"503-00000000","צריכה","21/01/2024","14:15",0.081,0
"503-00000000","צריכה","21/01/2024","14:30",0.053,0
"503-00000000","צריכה","21/01/2024","14:45",0.081,0
"503-00000000","צריכה","21/01/2024","15:00",0.073,0
"503-00000000","צריכה","21/01/2024","15:15",0.072,0
"503-00000000","צריכה","21/01/2024","15:30",0.053,0
"503-00000000","צריכה","21/01/2024","15:45",0.076,0
"503-00000000","צריכה","21/01/2024","16:00",0.063,0
"503-00000000","צריכה","21/01/2024","16:15",0.071,0
"503-00000000","צריכה","21/01/2024","16:30",0.069,0
"503-00000000","צריכה","21/01/2024","16:45",0.074,0
"503-00000000","צריכה","21/01/2024","17:00",0.292,0
"503-00000000","צריכה","21/01/2024","17:15",0.186,0
"503-00000000","צריכה","21/01/2024","17:30",0.244,0
"503-00000000","צריכה","21/01/2024","17:45",0.219,0
"503-00000000","צריכה","21/01/2024","18:00",0.208,0
"503-00000000","צריכה","21/01/2024","18:15",0.292,0
"503-00000000","צריכה","21/01/2024","18:30",0.265,0
"503-00000000","צריכה","21/01/2024","18:45",0.238,0
"503-00000000","צריכה","21/01/2024","19:00",0.293,0
"503-00000000","צריכה","21/01/2024","19:15",0.228,0
"503-00000000","צריכה","21/01/2024","19:30",0.242,0
"503-00000000","צריכה","21/01/2024","19:45",0.247,0
"503-00000000","צריכה","21/01/2024","20:00",0.182,0
"503-00000000","צריכה","21/01/2024","20:15",0.295,0
"503-00000000","צריכה","21/01/2024","20:30",0.233,0
"503-00000000","צריכה","21/01/2024","20:45",0.266,0
"503-00000000","צריכה","21/01/2024","21:00",0.234,0
"503-00000000","צריכה","21/01/2024","21:15",0.264,0
"503-00000000","צריכה","21/01/2024","21:30",0.239,0
"503-00000000","צריכה","21/01/2024","21:45",0.208,0
"503-00000000","צריכה","21/01/2024","22:00",0.181,0
"503-00000000","צריכה","21/01/2024","22:15",0.262,0
"503-00000000","צריכה","21/01/2024","22:30",0.257,0
"503-00000000","צריכה","21/01/2024","22:45",0.225,0
"503-00000000","צריכה","21/01/2024","23:00",0.057,0
"503-00000000","צריכה","21/01/2024","23:15",0.057,0
"503-00000000","צריכה","21/01/2024","23:30",0.051,0
"503-00000000","צריכה","21/01/2024","23:45",0.061,0
"503-00000000","צריכה","22/01/2024","00:00",0.057,0
"503-00000000","צריכה","22/01/2024","00:15",0.051,0
"503-00000000","צריכה","22/01/2024","00:30",0.042,0
"503-00000000","צריכה","22/01/2024","00:45",0.059,0
"503-00000000","צריכה","22/01/2024","01:00",0.055,0
"503-00000000","צריכה","22/01/2024","01:15",0.048,0
"503-00000000","צריכה","22/01/2024","01:30",0.058,0
"503-00000000","צריכה","22/01/2024","01:45",0.055,0
"503-00000000","צריכה","22/01/2024","02:00",0.052,0
"503-00000000","צריכה","22/01/2024","02:15",0.041,0
"503-00000000","צריכה","22/01/2024","02:30",0.043,0
"503-00000000","צריכה","22/01/2024","02:45",0.059,0
"503-00000000","צריכה","22/01/2024","03:00",0.059,0
"503-00000000","צריכה","22/01/2024","03:15",0.046,0
"503-00000000","צריכה","22/01/2024","03:30",0.056,0
"503-00000000","צריכה","22/01/2024","03:45",0.045,0
"503-00000000","צריכה","22/01/2024","04:00",0.046,0
"503-00000000","צריכה","22/01/2024","04:15",0.049,0
"503-00000000","צריכה","22/01/2024","04:30",0.053,0
"503-00000000","צריכה","22/01/2024","04:45",0.057,0
"503-00000000","צריכה","22/01/2024","05:00",0.054,0
"503-00000000","צריכה","22/01/2024","05:15",0.043,0
"503-00000000","צריכה","22/01/2024","05:30",0.046,0
"503-00000000","צריכה","22/01/2024","05:45",0.043,0
"503-00000000","צריכה","22/01/2024","06:00",0.104,0
"503-00000000","צריכה","22/01/2024","06:15",0.120,0
"503-00000000","צריכה","22/01/2024","06:30",0.109,0
"503-00000000","צריכה","22/01/2024","06:45",0.099,0
"503-00000000","צריכה","22/01/2024","07:00",0.121,0
"503-00000000","צריכה","22/01/2024","07:15",0.107,0
"503-00000000","צריכה","22/01/2024","07:30",0.122,0
"503-00000000","צריכה","22/01/2024","07:45",0.077,0
"503-00000000","צריכה","22/01/2024","08:00",0.094,0
"503-00000000","צריכה","22/01/2024","08:15",0.100,0
"503-00000000","צריכה","22/01/2024","08:30",0.099,0
"503-00000000","צריכה","22/01/2024","08:45",0.103,0
"503-00000000","צריכה","22/01/2024","09:00",0.062,0
"503-00000000","צריכה","22/01/2024","09:15",0.071,0
"503-00000000","צריכה","22/01/2024","09:30",0.078,0
"503-00000000","צריכה","22/01/2024","09:45",0.052,0
"503-00000000","צריכה","22/01/2024","10:00",0.080,0
"503-00000000","צריכה","22/01/2024","10:15",0.068,0
"503-00000000","צריכה","22/01/2024","10:30",0.076,0
"503-00000000","צריכה","22/01/2024","10:45",0.066,0
"503-00000000","צריכה","22/01/2024","11:00",0.065,0
"503-00000000","צריכה","22/01/2024","11:15",0.064,0
"503-00000000","צריכה","22/01/2024","11:30",0.066,0
"503-00000000","צריכה","22/01/2024","11:45",0.057,0
"503-00000000","צריכה","22/01/2024","12:00",0.069,0
"503-00000000","צריכה","22/01/2024","12:15",0.059,0
"503-00000000","צריכה","22/01/2024","12:30",0.076,0
"503-00000000","צריכה","22/01/2024","12:45",0.072,0
"503-00000000","צריכה","22/01/2024","13:00",0.081,0
"503-00000000","צריכה","22/01/2024","13:15",0.062,0
"503-00000000","צריכה","22/01/2024","13:30",0.070,0
"503-00000000","צריכה","22/01/2024","13:45",0.059,0
"503-00000000","צריכה","22/01/2024","14:00",0.083,0
"503-00000000","צריכה","22/01/2024","14:15",0.055,0
"503-00000000","צריכה","22/01/2024","14:30",0.060,0
"503-00000000","צריכה","22/01/2024","14:45",0.084,0
"503-00000000","צריכה","22/01/2024","15:00",0.079,0
"503-00000000","צריכה","22/01/2024","15:15",0.081,0
"503-00000000","צריכה","22/01/2024","15:30",0.077,0
"503-00000000","צריכה","22/01/2024","15:45",0.078,0
"503-00000000","צריכה","22/01/2024","16:00",0.082,0
"503-00000000","צריכה","22/01/2024","16:15",0.057,0
"503-00000000","צריכה","22/01/2024","16:30",0.068,0
"503-00000000","צריכה","22/01/2024","16:45",0.071,0
"503-00000000","צריכה","22/01/2024","17:00",0.222,0
"503-00000000","צריכה","22/01/2024","17:15",0.200,0
"503-00000000","צריכה","22/01/2024","17:30",0.243,0
"503-00000000","צריכה","22/01/2024","17:45",0.181,0
"503-00000000","צריכה","22/01/2024","18:00",0.292,0
"503-00000000","צריכה","22/01/2024","18:15",0.193,0
"503-00000000","צריכה","22/01/2024","18:30",0.256,0
"503-00000000","צריכה","22/01/2024","18:45",0.271,0
"503-00000000","צריכה","22/01/2024","19:00",0.187,0
"503-00000000","צריכה","22/01/2024","19:15",0.268,0
"503-00000000","צריכה","22/01/2024","19:30",0.260,0
"503-00000000","צריכה","22/01/2024","19:45",0.210,0
"503-00000000","צריכה","22/01/2024","20:00",0.231,0
"503-00000000","צריכה","22/01/2024","20:15",0.245,0
"503-00000000","צריכה","22/01/2024","20:30",0.276,0
"503-00000000","צריכה","22/01/2024","20:45",0.280,0
"503-00000000","צריכה","22/01/2024","21:00",0.288,0
"503-00000000","צריכה","22/01/2024","21:15",0.194,0
"503-00000000","צריכה","22/01/2024","21:30",0.252,0
"503-00000000","צריכה","22/01/2024","21:45",0.271,0
"503-00000000","צריכה","22/01/2024","22:00",0.201,0
"503-00000000","צריכה","22/01/2024","22:15",0.296,0
"503-00000000","צריכה","22/01/2024","22:30",0.270,0
"503-00000000","צריכה","22/01/2024","22:45",0.296,0
"503-00000000","צריכה","22/01/2024","23:00",0.052,0
"503-00000000","צריכה","22/01/2024","23:15",0.061,0
"503-00000000","צריכה","22/01/2024","23:30",0.055,0
"503-00000000","צריכה","22/01/2024","23:45",0.059,0
"503-00000000","צריכה","23/01/2024","00:00",0.045,0
"503-00000000","צריכה","23/01/2024","00:15",0.050,0
"503-00000000","צריכה","23/01/2024","00:30",0.047,0
"503-00000000","צריכה","23/01/2024","00:45",0.055,0
"503-00000000","צריכה","23/01/2024","01:00",0.060,0
"503-00000000","צריכה","23/01/2024","01:15",0.044,0
"503-00000000","צריכה","23/01/2024","01:30",0.059,0
"503-00000000","צריכה","23/01/2024","01:45",0.049,0
"503-00000000","צריכה","23/01/2024","02:00",0.039,0
"503-00000000","צריכה","23/01/2024","02:15",0.061,0
"503-00000000","צריכה","23/01/2024","02:30",0.055,0
"503-00000000","צריכה","23/01/2024","02:45",0.039,0
"503-00000000","צריכה","23/01/2024","03:00",0.060,0
"503-00000000","צריכה","23/01/2024","03:15",0.050,0
"503-00000000","צריכה","23/01/2024","03:30",0.057,0
"503-00000000","צריכה","23/01/2024","03:45",0.055,0
"503-00000000","צריכה","23/01/2024","04:00",0.053,0
"503-00000000","צריכה","23/01/2024","04:15",0.040,0
"503-00000000","צריכה","23/01/2024","04:30",0.058,0
"503-00000000","צריכה","23/01/2024","04:45",0.056,0
"503-00000000","צריכה","23/01/2024","05:00",0.047,0
"503-00000000","צריכה","23/01/2024","05:15",0.060,0
"503-00000000","צריכה","23/01/2024","05:30",0.062,0
"503-00000000","צריכה","23/01/2024","05:45",0.046,0
"503-00000000","צריכה","23/01/2024","06:00",0.109,0
"503-00000000","צריכה","23/01/2024","06:15",0.094,0
"503-00000000","צריכה","23/01/2024","06:30",0.090,0
"503-00000000","צריכה","23/01/2024","06:45",0.084,0
"503-00000000","צריכה","23/01/2024","07:00",0.087,0
"503-00000000","צריכה","23/01/2024","07:15",0.104,0
"503-00000000","צריכה","23/01/2024","07:30",0.101,0
"503-00000000","צריכה","23/01/2024","07:45",0.094,0
"503-00000000","צריכה","23/01/2024","08:00",0.087,0
"503-00000000","צריכה","23/01/2024","08:15",0.124,0
"503-00000000","צריכה","23/01/2024","08:30",0.101,0
"503-00000000","צריכה","23/01/2024","08:45",0.116,0
"503-00000000","צריכה","23/01/2024","09:00",0.071,0
"503-00000000","צריכה","23/01/2024","09:15",0.067,0
"503-00000000","צריכה","23/01/2024","09:30",0.053,0
"503-00000000","צריכה","23/01/2024","09:45",0.051,0
"503-00000000","צריכה","23/01/2024","10:00",0.070,0
"503-00000000","צריכה","23/01/2024","10:15",0.054,0
"503-00000000","צריכה","23/01/2024","10:30",0.074,0
"503-00000000","צריכה","23/01/2024","10:45",0.073,0
"503-00000000","צריכה","23/01/2024","11:00",0.078,0
"503-00000000","צריכה","23/01/2024","11:15",0.081,0
"503-00000000","צריכה","23/01/2024","11:30",0.073,0
"503-00000000","צריכה","23/01/2024","11:45",0.055,0
"503-00000000","צריכה","23/01/2024","12:00",0.062,0
"503-00000000","צריכה","23/01/2024","12:15",0.080,0
"503-00000000","צריכה","23/01/2024","12:30",0.074,0
"503-00000000","צריכה","23/01/2024","12:45",0.061,0
"503-00000000","צריכה","23/01/2024","13:00",0.077,0
"503-00000000","צריכה","23/01/2024","13:15",0.073,0
"503-00000000","צריכה","23/01/2024","13:30",0.052,0
"503-00000000","צריכה","23/01/2024","13:45",0.068,0
"503-00000000","צריכה","23/01/2024","14:00",0.057,0
"503-00000000","צריכה","23/01/2024","14:15",0.082,0
"503-00000000","צריכה","23/01/2024","14:30",0.083,0
"503-00000000","צריכה","23/01/2024","14:45",0.074,0
"503-00000000","צריכה","23/01/2024","15:00",0.069,0
"503-00000000","צריכה","23/01/2024","15:15",0.059,0
"503-00000000","צריכה","23/01/2024","15:30",0.059,0
"503-00000000","צריכה","23/01/2024","15:45",0.056,0
"503-00000000","צריכה","23/01/2024","16:00",0.083,0
"503-00000000","צריכה","23/01/2024","16:15",0.065,0
"503-00000000","צריכה","23/01/2024","16:30",0.056,0
"503-00000000","צריכה","23/01/2024","16:45",0.082,0
"503-00000000","צריכה","23/01/2024","17:00",0.259,0
"503-00000000","צריכה","23/01/2024","17:15",0.251,0
"503-00000000","צריכה","23/01/2024","17:30",0.219,0
"503-00000000","צריכה","23/01/2024","17:45",0.183,0
"503-00000000","צריכה","23/01/2024","18:00",0.224,0
"503-00000000","צריכה","23/01/2024","18:15",0.272,0
"503-00000000","צריכה","23/01/2024","18:30",0.181,0
"503-00000000","צריכה","23/01/2024","18:45",0.296,0
"503-00000000","צריכה","23/01/2024","19:00",0.216,0
"503-00000000","צריכה","23/01/2024","19:15",0.210,0
"503-00000000","צריכה","23/01/2024","19:30",0.214,0
"503-00000000","צריכה","23/01/2024","19:45",0.243,0
"503-00000000","צריכה","23/01/2024","20:00",0.270,0
"503-00000000","צריכה","23/01/2024","20:15",0.295,0
"503-00000000","צריכה","23/01/2024","20:30",0.271,0
"503-00000000","צריכה","23/01/2024","20:45",0.290,0
"503-00000000","צריכה","23/01/2024","21:00",0.248,0
"503-00000000","צריכה","23/01/2024","21:15",0.239,0
"503-00000000","צריכה","23/01/2024","21:30",0.207,0
"503-00000000","צריכה","23/01/2024","21:45",0.274,0
"503-00000000","צריכה","23/01/2024","22:00",0.259,0
"503-00000000","צריכה","23/01/2024","22:15",0.213,0
"503-00000000","צריכה","23/01/2024","22:30",0.214,0
"503-00000000","צריכה","23/01/2024","22:45",0.265,0
"503-00000000","צריכה","23/01/2024","23:00",0.039,0
"503-00000000","צריכה","23/01/2024","23:15",0.044,0
"503-00000000","צריכה","23/01/2024","23:30",0.053,0
"503-00000000","צריכה","23/01/2024","23:45",0.056,0
"503-00000000","צריכה","24/01/2024","00:00",0.055,0
"503-00000000","צריכה","24/01/2024","00:15",0.043,0
"503-00000000","צריכה","24/01/2024","00:30",0.060,0
"503-00000000","צריכה","24/01/2024","00:45",0.039,0
"503-00000000","צריכה","24/01/2024","01:00",0.050,0
"503-00000000","צריכה","24/01/2024","01:15",0.038,0
"503-00000000","צריכה","24/01/2024","01:30",0.045,0
"503-00000000","צריכה","24/01/2024","01:45",0.057,0
"503-00000000","צריכה","24/01/2024","02:00",0.048,0
"503-00000000","צריכה","24/01/2024","02:15",0.048,0
"503-00000000","צריכה","24/01/2024","02:30",0.042,0
"503-00000000","צריכה","24/01/2024","02:45",0.041,0
"503-00000000","צריכה","24/01/2024","03:00",0.047,0
"503-00000000","צריכה","24/01/2024","03:15",0.043,0
"503-00000000","צריכה","24/01/2024","03:30",0.039,0
"503-00000000","צריכה","24/01/2024","03:45",0.045,0
"503-00000000","צריכה","24/01/2024","04:00",0.058,0
"503-00000000","צריכה","24/01/2024","04:15",0.050,0
"503-00000000","צריכה","24/01/2024","04:30",0.044,0
"503-00000000","צריכה","24/01/2024","04:45",0.054,0
"503-00000000","צריכה","24/01/2024","05:00",0.041,0
"503-00000000","צריכה","24/01/2024","05:15",0.053,0
"503-00000000","צריכה","24/01/2024","05:30",0.061,0
"503-00000000","צריכה","24/01/2024","05:45",0.044,0
"503-00000000","צריכה","24/01/2024","06:00",0.081,0
"503-00000000","צריכה","24/01/2024","06:15",0.110,0
"503-00000000","צריכה","24/01/2024","06:30",0.103,0
"503-00000000","צריכה","24/01/2024","06:45",0.120,0
"503-00000000","צריכה","24/01/2024","07:00",0.110,0
"503-00000000","צריכה","24/01/2024","07:15",0.100,0
"503-00000000","צריכה","24/01/2024","07:30",0.104,0
"503-00000000","צריכה","24/01/2024","07:45",0.081,0
"503-00000000","צריכה","24/01/2024","08:00",0.119,0
"503-00000000","צריכה","24/01/2024","08:15",0.091,0
"503-00000000","צריכה","24/01/2024","08:30",0.110,0
"503-00000000","צריכה","24/01/2024","08:45",0.080,0
"503-00000000","צריכה","24/01/2024","09:00",0.067,0
"503-00000000","צריכה","24/01/2024","09:15",0.058,0
"503-00000000","צריכה","24/01/2024","09:30",0.074,0
"503-00000000","צריכה","24/01/2024","09:45",0.070,0
"503-00000000","צריכה","24/01/2024","10:00",0.061,0
"503-00000000","צריכה","24/01/2024","10:15",0.074,0
"503-00000000","צריכה","24/01/2024","10:30",0.072,0
"503-00000000","צריכה","24/01/2024","10:45",0.076,0
"503-00000000","צריכה","24/01/2024","11:00",0.073,0
"503-00000000","צריכה","24/01/2024","11:15",0.064,0
"503-00000000","צריכה","24/01/2024","11:30",0.082,0
"503-00000000","צריכה","24/01/2024","11:45",0.082,0
"503-00000000","צריכה","24/01/2024","12:00",0.084,0
"503-00000000","צריכה","24/01/2024","12:15",0.081,0
"503-00000000","צריכה","24/01/2024","12:30",0.073,0
"503-00000000","צריכה","24/01/2024","12:45",0.072,0
"503-00000000","צריכה","24/01/2024","13:00",0.058,0
"503-00000000","צריכה","24/01/2024","13:15",0.075,0
"503-00000000","צריכה","24/01/2024","13:30",0.062,0
"503-00000000","צריכה","24/01/2024","13:45",0.061,0
"503-00000000","צריכה","24/01/2024","14:00",0.076,0
"503-00000000","צריכה","24/01/2024","14:15",0.071,0
"503-00000000","צריכה","24/01/2024","14:30",0.073,0
"503-00000000","צריכה","24/01/2024","14:45",0.081,0
"503-00000000","צריכה","24/01/2024","15:00",0.075,0
"503-00000000","צריכה","24/01/2024","15:15",0.072,0
"503-00000000","צריכה","24/01/2024","15:30",0.079,0
"503-00000000","צריכה","24/01/2024","15:45",0.072,0
"503-00000000","צריכה","24/01/2024","16:00",0.057,0
"503-00000000","צריכה","24/01/2024","16:15",0.064,0
"503-00000000","צריכה","24/01/2024","16:30",0.060,0
"503-00000000","צריכה","24/01/2024","16:45",0.069,0
"503-00000000","צריכה","24/01/2024","17:00",0.212,0
"503-00000000","צריכה","24/01/2024","17:15",0.230,0
"503-00000000","צריכה","24/01/2024","17:30",0.197,0
"503-00000000","צריכה","24/01/2024","17:45",0.183,0
"503-00000000","צריכה","24/01/2024","18:00",0.263,0
"503-00000000","צריכה","24/01/2024","18:15",0.216,0
"503-00000000","צריכה","24/01/2024","18:30",0.190,0
"503-00000000","צריכה","24/01/2024","18:45",0.276,0
"503-00000000","צריכה","24/01/2024","19:00",0.267,0
"503-00000000","צריכה","24/01/2024","19:15",0.236,0
"503-00000000","צריכה","24/01/2024","19:30",0.267,0
"503-00000000","צריכה","24/01/2024","19:45",0.203,0
"503-00000000","צריכה","24/01/2024","20:00",0.213,0
"503-00000000","צריכה","24/01/2024","20:15",0.269,0
"503-00000000","צריכה","24/01/2024","20:30",0.268,0
"503-00000000","צריכה","24/01/2024","20:45",0.245,0
"503-00000000","צריכה","24/01/2024","21:00",0.203,0
"503-00000000","צריכה","24/01/2024","21:15",0.272,0
"503-00000000","צריכה","24/01/2024","21:30",0.260,0
"503-00000000","צריכה","24/01/2024","21:45",0.234,0
"503-00000000","צריכה","24/01/2024","22:00",0.211,0
"503-00000000","צריכה","24/01/2024","22:15",0.289,0
"503-00000000","צריכה","24/01/2024","22:30",0.275,0
"503-00000000","צריכה","24/01/2024","22:45",0.203,0
"503-00000000","צריכה","24/01/2024","23:00",0.056,0
"503-00000000","צריכה","24/01/2024","23:15",0.054,0
"503-00000000","צריכה","24/01/2024","23:30",0.061,0
"503-00000000","צריכה","24/01/2024","23:45",0.047,0
"503-00000000","צריכה","25/01/2024","00:00",0.050,0
"503-00000000","צריכה","25/01/2024","00:15",0.043,0
"503-00000000","צריכה","25/01/2024","00:30",0.038,0
"503-00000000","צריכה","25/01/2024","00:45",0.038,0
"503-00000000","צריכה","25/01/2024","01:00",0.039,0
"503-00000000","צריכה","25/01/2024","01:15",0.047,0
"503-00000000","צריכה","25/01/2024","01:30",0.052,0
"503-00000000","צריכה","25/01/2024","01:45",0.040,0
"503-00000000","צריכה","25/01/2024","02:00",0.060,0
"503-00000000","צריכה","25/01/2024","02:15",0.054,0
"503-00000000","צריכה","25/01/2024","02:30",0.057,0
"503-00000000","צריכה","25/01/2024","02:45",0.047,0
"503-00000000","צריכה","25/01/2024","03:00",0.047,0
"503-00000000","צריכה","25/01/2024","03:15",0.054,0
"503-00000000","צריכה","25/01/2024","03:30",0.060,0
"503-00000000","צריכה","25/01/2024","03:45",0.049,0
"503-00000000","צריכה","25/01/2024","04:00",0.055,0
"503-00000000","צריכה","25/01/2024","04:15",0.046,0
"503-00000000","צריכה","25/01/2024","04:30",0.057,0
"503-00000000","צריכה","25/01/2024","04:45",0.054,0
"503-00000000","צריכה","25/01/2024","05:00",0.045,0
"503-00000000","צריכה","25/01/2024","05:15",0.052,0
"503-00000000","צריכה","25/01/2024","05:30",0.044,0
"503-00000000","צריכה","25/01/2024","05:45",0.047,0
"503-00000000","צריכה","25/01/2024","06:00",0.092,0
"503-00000000","צריכה","25/01/2024","06:15",0.085,0
"503-00000000","צריכה","25/01/2024","06:30",0.091,0
"503-00000000","צריכה","25/01/2024","06:45",0.088,0
"503-00000000","צריכה","25/01/2024","07:00",0.095,0
"503-00000000","צריכה","25/01/2024","07:15",0.082,0
"503-00000000","צריכה","25/01/2024","07:30",0.078,0
"503-00000000","צריכה","25/01/2024","07:45",0.114,0
"503-00000000","צריכה","25/01/2024","08:00",0.103,0
"503-00000000","צריכה","25/01/2024","08:15",0.107,0
"503-00000000","צריכה","25/01/2024","08:30",0.097,0
"503-00000000","צריכה","25/01/2024","08:45",0.110,0
"503-00000000","צריכה","25/01/2024","09:00",0.051,0
"503-00000000","צריכה","25/01/2024","09:15",0.058,0
"503-00000000","צריכה","25/01/2024","09:30",0.071,0
"503-00000000","צריכה","25/01/2024","09:45",0.080,0
"503-00000000","צריכה","25/01/2024","10:00",0.072,0
"503-00000000","צריכה","25/01/2024","10:15",0.055,0
"503-00000000","צריכה","25/01/2024","10:30",0.073,0
"503-00000000","צריכה","25/01/2024","10:45",0.081,0
"503-00000000","צריכה","25/01/2024","11:00",0.080,0
"503-00000000","צריכה","25/01/2024","11:15",0.083,0
"503-00000000","צריכה","25/01/2024","11:30",0.051,0
"503-00000000","צריכה","25/01/2024","11:45",0.068,0
"503-00000000","צריכה","25/01/2024","12:00",0.074,0
"503-00000000","צריכה","25/01/2024","12:15",0.059,0
"503-00000000","צריכה","25/01/2024","12:30",0.072,0
"503-00000000","צריכה","25/01/2024","12:45",0.067,0
"503-00000000","צריכה","25/01/2024","13:00",0.064,0
"503-00000000","צריכה","25/01/2024","13:15",0.056,0
"503-00000000","צריכה","25/01/2024","13:30",0.080,0
"503-00000000","צריכה","25/01/2024","13:45",0.082,0
"503-00000000","צריכה","25/01/2024","14:00",0.062,0
"503-00000000","צריכה","25/01/2024","14:15",0.082,0
"503-00000000","צריכה","25/01/2024","14:30",0.055,0
"503-00000000","צריכה","25/01/2024","14:45",0.077,0
"503-00000000","צריכה","25/01/2024","15:00",0.062,0
"503-00000000","צריכה","25/01/2024","15:15",0.083,0
"503-00000000","צריכה","25/01/2024","15:30",0.077,0
"503-00000000","צריכה","25/01/2024","15:45",0.060,0
"503-00000000","צריכה","25/01/2024","16:00",0.058,0
"503-00000000","צריכה","25/01/2024","16:15",0.062,0
"503-00000000","צריכה","25/01/2024","16:30",0.069,0
"503-00000000","צריכה","25/01/2024","16:45",0.070,0
"503-00000000","צריכה","25/01/2024","17:00",0.259,0
"503-00000000","צריכה","25/01/2024","17:15",0.269,0
"503-00000000","צריכה","25/01/2024","17:30",0.195,0
"503-00000000","צריכה","25/01/2024","17:45",0.239,0
"503-00000000","צריכה","25/01/2024","18:00",0.279,0
"503-00000000","צריכה","25/01/2024","18:15",0.190,0
"503-00000000","צריכה","25/01/2024","18:30",0.217,0
"503-00000000","צריכה","25/01/2024","18:45",0.225,0
"503-00000000","צריכה","25/01/2024","19:00",0.226,0
"503-00000000","צריכה","25/01/2024","19:15",0.219,0
"503-00000000","צריכה","25/01/2024","19:30",0.193,0
"503-00000000","צריכה","25/01/2024","19:45",0.222,0
"503-00000000","צריכה","25/01/2024","20:00",0.260,0
"503-00000000","צריכה","25/01/2024","20:15",0.260,0
"503-00000000","צריכה","25/01/2024","20:30",0.257,0
"503-00000000","צריכה","25/01/2024","20:45",0.181,0
"503-00000000","צריכה","25/01/2024","21:00",0.270,0
"503-00000000","צריכה","25/01/2024","21:15",0.282,0
"503-00000000","צריכה","25/01/2024","21:30",0.255,0
"503-00000000","צריכה","25/01/2024","21:45",0.267,0
"503-00000000","צריכה","25/01/2024","22:00",0.226,0
"503-00000000","צריכה","25/01/2024","22:15",0.234,0
"503-00000000","צריכה","25/01/2024","22:30",0.217,0
"503-00000000","צריכה","25/01/2024","22:45",0.201,0
"503-00000000","צריכה","25/01/2024","23:00",0.046,0
"503-00000000","צריכה","25/01/2024","23:15",0.058,0
"503-00000000","צריכה","25/01/2024","23:30",0.054,0
"503-00000000","צריכה","25/01/2024","23:45",0.056,0
"503-00000000","צריכה","26/01/2024","00:00",0.059,0
"503-00000000","צריכה","26/01/2024","00:15",0.039,0
"503-00000000","צריכה","26/01/2024","00:30",0.060,0
"503-00000000","צריכה","26/01/2024","00:45",0.056,0
"503-00000000","צריכה","26/01/2024","01:00",0.043,0
"503-00000000","צריכה","26/01/2024","01:15",0.048,0
"503-00000000","צריכה","26/01/2024","01:30",0.039,0
"503-00000000","צריכה","26/01/2024","01:45",0.046,0
"503-00000000","צריכה","26/01/2024","02:00",0.061,0
"503-00000000","צריכה","26/01/2024","02:15",0.047,0
"503-00000000","צריכה","26/01/2024","02:30",0.044,0
"503-00000000","צריכה","26/01/2024","02:45",0.053,0
"503-00000000","צריכה","26/01/2024","03:00",0.054,0
"503-00000000","צריכה","26/01/2024","03:15",0.042,0
"503-00000000","צריכה","26/01/2024","03:30",0.053,0
"503-00000000","צריכה","26/01/2024","03:45",0.046,0
"503-00000000","צריכה","26/01/2024","04:00",0.049,0
"503-00000000","צריכה","26/01/2024","04:15",0.058,0
"503-00000000","צריכה","26/01/2024","04:30",0.038,0
"503-00000000","צריכה","26/01/2024","04:45",0.038,0
"503-00000000","צריכה","26/01/2024","05:00",0.040,0
"503-00000000","צריכה","26/01/2024","05:15",0.056,0
"503-00000000","צריכה","26/01/2024","05:30",0.043,0
"503-00000000","צריכה","26/01/2024","05:45",0.059,0
"503-00000000","צריכה","26/01/2024","06:00",0.097,0
"503-00000000","צריכה","26/01/2024","06:15",0.095,0
"503-00000000","צריכה","26/01/2024","06:30",0.075,0
"503-00000000","צריכה","26/01/2024","06:45",0.112,0
"503-00000000","צריכה","26/01/2024","07:00",0.095,0
"503-00000000","צריכה","26/01/2024","07:15",0.114,0
"503-00000000","צריכה","26/01/2024","07:30",0.114,0
"503-00000000","צריכה","26/01/2024","07:45",0.103,0
"503-00000000","צריכה","26/01/2024","08:00",0.088,0
"503-00000000","צריכה","26/01/2024","08:15",0.120,0
"503-00000000","צריכה","26/01/2024","08:30",0.108,0
"503-00000000","צריכה","26/01/2024","08:45",0.089,0
"503-00000000","צריכה","26/01/2024","09:00",0.112,0
"503-00000000","צריכה","26/01/2024","09:15",0.144,0
"503-00000000","צריכה","26/01/2024","09:30",0.094,0
"503-00000000","צריכה","26/01/2024","09:45",0.143,0
"503-00000000","צריכה","26/01/2024","10:00",0.091,0
"503-00000000","צריכה","26/01/2024","10:15",0.101,0
"503-00000000","צריכה","26/01/2024","10:30",0.089,0
"503-00000000","צריכה","26/01/2024","10:45",0.113,0
"503-00000000","צריכה","26/01/2024","11:00",0.096,0
"503-00000000","צריכה","26/01/2024","11:15",0.115,0
"503-00000000","צריכה","26/01/2024","11:30",0.103,0
"503-00000000","צריכה","26/01/2024","11:45",0.132,0
"503-00000000","צריכה","26/01/2024","12:00",0.143,0
"503-00000000","צריכה","26/01/2024","12:15",0.132,0
"503-00000000","צריכה","26/01/2024","12:30",0.133,0
"503-00000000","צריכה","26/01/2024","12:45",0.103,0
"503-00000000","צריכה","26/01/2024","13:00",0.122,0
"503-00000000","צריכה","26/01/2024","13:15",0.144,0
"503-00000000","צריכה","26/01/2024","13:30",0.136,0
"503-00000000","צריכה","26/01/2024","13:45",0.101,0
"503-00000000","צריכה","26/01/2024","14:00",0.142,0
"503-00000000","צריכה","26/01/2024","14:15",0.091,0
"503-00000000","צריכה","26/01/2024","14:30",0.118,0
"503-00000000","צריכה","26/01/2024","14:45",0.115,0
"503-00000000","צריכה","26/01/2024","15:00",0.135,0
"503-00000000","צריכה","26/01/2024","15:15",0.101,0
"503-00000000","צריכה","26/01/2024","15:30",0.139,0
"503-00000000","צריכה","26/01/2024","15:45",0.130,0
"503-00000000","צריכה","26/01/2024","16:00",0.098,0
"503-00000000","צריכה","26/01/2024","16:15",0.091,0
"503-00000000","צריכה","26/01/2024","16:30",0.114,0
"503-00000000","צריכה","26/01/2024","16:45",0.116,0
"503-00000000","צריכה","26/01/2024","17:00",0.186,0
"503-00000000","צריכה","26/01/2024","17:15",0.241,0
"503-00000000","צריכה","26/01/2024","17:30",0.224,0
"503-00000000","צריכה","26/01/2024","17:45",0.196,0
"503-00000000","צריכה","26/01/2024","18:00",0.260,0
"503-00000000","צריכה","26/01/2024","18:15",0.214,0
"503-00000000","צריכה","26/01/2024","18:30",0.201,0
"503-00000000","צריכה","26/01/2024","18:45",0.190,0
"503-00000000","צריכה","26/01/2024","19:00",0.200,0
"503-00000000","צריכה","26/01/2024","19:15",0.211,0
"503-00000000","צריכה","26/01/2024","19:30",0.259,0
"503-00000000","צריכה","26/01/2024","19:45",0.228,0
"503-00000000","צריכה","26/01/2024","20:00",0.242,0
"503-00000000","צריכה","26/01/2024","20:15",0.194,0
"503-00000000","צריכה","26/01/2024","20:30",0.276,0
"503-00000000","צריכה","26/01/2024","20:45",0.216,0
"503-00000000","צריכה","26/01/2024","21:00",0.268,0
"503-00000000","צריכה","26/01/2024","21:15",0.189,0
"503-00000000","צריכה","26/01/2024","21:30",0.236,0
"503-00000000","צריכה","26/01/2024","21:45",0.266,0
"503-00000000","צריכה","26/01/2024","22:00",0.257,0
"503-00000000","צריכה","26/01/2024","22:15",0.267,0
"503-00000000","צריכה","26/01/2024","22:30",0.223,0
"503-00000000","צריכה","26/01/2024","22:45",0.237,0
"503-00000000","צריכה","26/01/2024","23:00",0.050,0
"503-00000000","צריכה","26/01/2024","23:15",0.048,0
"503-00000000","צריכה","26/01/2024","23:30",0.048,0
"503-00000000","צריכה","26/01/2024","23:45",0.040,0
"503-00000000","צריכה","27/01/2024","00:00",0.046,0
"503-00000000","צריכה","27/01/2024","00:15",0.038,0
"503-00000000","צריכה","27/01/2024","00:30",0.059,0
"503-00000000","צריכה","27/01/2024","00:45",0.055,0
"503-00000000","צריכה","27/01/2024","01:00",0.039,0
"503-00000000","צריכה","27/01/2024","01:15",0.055,0
"503-00000000","צריכה","27/01/2024","01:30",0.055,0
"503-00000000","צריכה","27/01/2024","01:45",0.056,0
"503-00000000","צריכה","27/01/2024","02:00",0.054,0
"503-00000000","צריכה","27/01/2024","02:15",0.046,0
"503-00000000","צריכה","27/01/2024","02:30",0.060,0
"503-00000000","צריכה","27/01/2024","02:45",0.061,0
"503-00000000","צריכה","27/01/2024","03:00",0.038,0
"503-00000000","צריכה","27/01/2024","03:15",0.051,0
"503-00000000","צריכה","27/01/2024","03:30",0.040,0
"503-00000000","צריכה","27/01/2024","03:45",0.048,0
"503-00000000","צריכה","27/01/2024","04:00",0.042,0
"503-00000000","צריכה","27/01/2024","04:15",0.045,0
"503-00000000","צריכה","27/01/2024","04:30",0.062,0
"503-00000000","צריכה","27/01/2024","04:45",0.045,0
"503-00000000","צריכה","27/01/2024","05:00",0.050,0
"503-00000000","צריכה","27/01/2024","05:15",0.048,0
"503-00000000","צריכה","27/01/2024","05:30",0.048,0
"503-00000000","צריכה","27/01/2024","05:45",0.041,0
"503-00000000","צריכה","27/01/2024","06:00",0.111,0
"503-00000000","צריכה","27/01/2024","06:15",0.104,0
"503-00000000","צריכה","27/01/2024","06:30",0.101,0
"503-00000000","צריכה","27/01/2024","06:45",0.080,0
"503-00000000","צריכה","27/01/2024","07:00",0.088,0
"503-00000000","צריכה","27/01/2024","07:15",0.099,0
"503-00000000","צריכה","27/01/2024","07:30",0.093,0
"503-00000000","צריכה","27/01/2024","07:45",0.090,0
"503-00000000","צריכה","27/01/2024","08:00",0.083,0
"503-00000000","צריכה","27/01/2024","08:15",0.092,0
"503-00000000","צריכה","27/01/2024","08:30",0.108,0
"503-00000000","צריכה","27/01/2024","08:45",0.084,0
"503-00000000","צריכה","27/01/2024","09:00",0.114,0
"503-00000000","צריכה","27/01/2024","09:15",0.093,0
"503-00000000","צריכה","27/01/2024","09:30",0.132,0
"503-00000000","צריכה","27/01/2024","09:45",0.110,0
"503-00000000","צריכה","27/01/2024","10:00",0.104,0
"503-00000000","צריכה","27/01/2024","10:15",0.098,0
"503-00000000","צריכה","27/01/2024","10:30",0.107,0
"503-00000000","צריכה","27/01/2024","10:45",0.133,0
"503-00000000","צריכה","27/01/2024","11:00",0.110,0
"503-00000000","צריכה","27/01/2024","11:15",0.097,0
"503-00000000","צריכה","27/01/2024","11:30",0.126,0
"503-00000000","צריכה","27/01/2024","11:45",0.093,0
"503-00000000","צריכה","27/01/2024","12:00",0.110,0
"503-00000000","צריכה","27/01/2024","12:15",0.126,0
"503-00000000","צריכה","27/01/2024","12:30",0.127,0
"503-00000000","צריכה","27/01/2024","12:45",0.095,0
"503-00000000","צריכה","27/01/2024","13:00",0.118,0
"503-00000000","צריכה","27/01/2024","13:15",0.111,0
"503-00000000","צריכה","27/01/2024","13:30",0.092,0
"503-00000000","צריכה","27/01/2024","13:45",0.093,0
"503-00000000","צריכה","27/01/2024","14:00",0.118,0
"503-00000000","צריכה","27/01/2024","14:15",0.126,0
"503-00000000","צריכה","27/01/2024","14:30",0.110,0
"503-00000000","צריכה","27/01/2024","14:45",0.139,0
"503-00000000","צריכה","27/01/2024","15:00",0.114,0
"503-00000000","צריכה","27/01/2024","15:15",0.092,0
"503-00000000","צריכה","27/01/2024","15:30",0.103,0
"503-00000000","צריכה","27/01/2024","15:45",0.145,0
"503-00000000","צריכה","27/01/2024","16:00",0.130,0
"503-00000000","צריכה","27/01/2024","16:15",0.106,0
"503-00000000","צריכה","27/01/2024","16:30",0.097,0
"503-00000000","צריכה","27/01/2024","16:45",0.130,0
"503-00000000","צריכה","27/01/2024","17:00",0.222,0
"503-00000000","צריכה","27/01/2024","17:15",0.234,0
"503-00000000","צריכה","27/01/2024","17:30",0.209,0
"503-00000000","צריכה","27/01/2024","17:45",0.200,0
"503-00000000","צריכה","27/01/2024","18:00",0.207,0
"503-00000000","צריכה","27/01/2024","18:15",0.265,0
"503-00000000","צריכה","27/01/2024","18:30",0.240,0
"503-00000000","צריכה","27/01/2024","18:45",0.215,0
"503-00000000","צריכה","27/01/2024","19:00",0.197,0
"503-00000000","צריכה","27/01/2024","19:15",0.247,0
"503-00000000","צריכה","27/01/2024","19:30",0.275,0
"503-00000000","צריכה","27/01/2024","19:45",0.246,0
"503-00000000","צריכה","27/01/2024","20:00",0.251,0
"503-00000000","צריכה","27/01/2024","20:15",0.278,0
"503-00000000","צריכה","27/01/2024","20:30",0.229,0
"503-00000000","צריכה","27/01/2024","20:45",0.276,0
"503-00000000","צריכה","27/01/2024","21:00",0.237,0
"503-00000000","צריכה","27/01/2024","21:15",0.217,0
"503-00000000","צריכה","27/01/2024","21:30",0.213,0
"503-00000000","צריכה","27/01/2024","21:45",0.214,0
"503-00000000","צריכה","27/01/2024","22:00",0.256,0
"503-00000000","צריכה","27/01/2024","22:15",0.285,0
"503-00000000","צריכה","27/01/2024","22:30",0.178,0
"503-00000000","צריכה","27/01/2024","22:45",0.287,0
"503-00000000","צריכה","27/01/2024","23:00",0.058,0
"503-00000000","צריכה","27/01/2024","23:15",0.048,0
"503-00000000","צריכה","27/01/2024","23:30",0.058,0
"503-00000000","צריכה","27/01/2024","23:45",0.056,0
"503-00000000","צריכה","28/01/2024","00:00",0.062,0
"503-00000000","צריכה","28/01/2024","00:15",0.038,0
"503-00000000","צריכה","28/01/2024","00:30",0.059,0
"503-00000000","צריכה","28/01/2024","00:45",0.055,0
"503-00000000","צריכה","28/01/2024","01:00",0.043,0
"503-00000000","צריכה","28/01/2024","01:15",0.062,0
"503-00000000","צריכה","28/01/2024","01:30",0.062,0
"503-00000000","צריכה","28/01/2024","01:45",0.047,0
"503-00000000","צריכה","28/01/2024","02:00",0.060,0
"503-00000000","צריכה","28/01/2024","02:15",0.056,0
"503-00000000","צריכה","28/01/2024","02:30",0.047,0
"503-00000000","צריכה","28/01/2024","02:45",0.042,0
"503-00000000","צריכה","28/01/2024","03:00",0.062,0
"503-00000000","צריכה","28/01/2024","03:15",0.051,0
"503-00000000","צריכה","28/01/2024","03:30",0.054,0
"503-00000000","צריכה","28/01/2024","03:45",0.058,0
"503-00000000","צריכה","28/01/2024","04:00",0.058,0
"503-00000000","צריכה","28/01/2024","04:15",0.041,0
"503-00000000","צריכה","28/01/2024","04:30",0.051,0
"503-00000000","צריכה","28/01/2024","04:45",0.056,0
"503-00000000","צריכה","28/01/2024","05:00",0.055,0
"503-00000000","צריכה","28/01/2024","05:15",0.057,0
"503-00000000","צריכה","28/01/2024","05:30",0.042,0
"503-00000000","צריכה","28/01/2024","05:45",0.052,0
"503-00000000","צריכה","28/01/2024","06:00",0.103,0
"503-00000000","צריכה","28/01/2024","06:15",0.081,0
"503-00000000","צריכה","28/01/2024","06:30",0.077,0
"503-00000000","צריכה","28/01/2024","06:45",0.080,0
"503-00000000","צריכה","28/01/2024","07:00",0.121,0
"503-00000000","צריכה","28/01/2024","07:15",0.078,0
"503-00000000","צריכה","28/01/2024","07:30",0.116,0
"503-00000000","צריכה","28/01/2024","07:45",0.078,0
"503-00000000","צריכה","28/01/2024","08:00",0.100,0
"503-00000000","צריכה","28/01/2024","08:15",0.086,0
"503-00000000","צריכה","28/01/2024","08:30",0.113,0
"503-00000000","צריכה","28/01/2024","08:45",0.101,0
"503-00000000","צריכה","28/01/2024","09:00",0.079,0
"503-00000000","צריכה","28/01/2024","09:15",0.070,0
"503-00000000","צריכה","28/01/2024","09:30",0.055,0
"503-00000000","צריכה","28/01/2024","09:45",0.056,0
"503-00000000","צריכה","28/01/2024","10:00",0.058,0
"503-00000000","צריכה","28/01/2024","10:15",0.073,0
"503-00000000","צריכה","28/01/2024","10:30",0.082,0
"503-00000000","צריכה","28/01/2024","10:45",0.070,0
"503-00000000","צריכה","28/01/2024","11:00",0.079,0
"503-00000000","צריכה","28/01/2024","11:15",0.054,0
"503-00000000","צריכה","28/01/2024","11:30",0.069,0
"503-00000000","צריכה","28/01/2024","11:45",0.083,0
"503-00000000","צריכה","28/01/2024","12:00",0.072,0
"503-00000000","צריכה","28/01/2024","12:15",0.076,0
"503-00000000","צריכה","28/01/2024","12:30",0.073,0
"503-00000000","צריכה","28/01/2024","12:45",0.056,0
"503-00000000","צריכה","28/01/2024","13:00",0.076,0
"503-00000000","צריכה","28/01/2024","13:15",0.065,0
"503-00000000","צריכה","28/01/2024","13:30",0.054,0
"503-00000000","צריכה","28/01/2024","13:45",0.053,0
"503-00000000","צריכה","28/01/2024","14:00",0.056,0
"503-00000000","צריכה","28/01/2024","14:15",0.062,0
"503-00000000","צריכה","28/01/2024","14:30",0.054,0
"503-00000000","צריכה","28/01/2024","14:45",0.069,0
"503-00000000","צריכה","28/01/2024","15:00",0.065,0
"503-00000000","צריכה","28/01/2024","15:15",0.070,0
"503-00000000","צריכה","28/01/2024","15:30",0.054,0
"503-00000000","צריכה","28/01/2024","15:45",0.080,0
"503-00000000","צריכה","28/01/2024","16:00",0.065,0
"503-00000000","צריכה","28/01/2024","16:15",0.074,0
"503-00000000","צריכה","28/01/2024","16:30",0.083,0
"503-00000000","צריכה","28/01/2024","16:45",0.068,0
"503-00000000","צריכה","28/01/2024","17:00",0.207,0
"503-00000000","צריכה","28/01/2024","17:15",0.195,0
"503-00000000","צריכה","28/01/2024","17:30",0.237,0
"503-00000000","צריכה","28/01/2024","17:45",0.209,0
"503-00000000","צריכה","28/01/2024","18:00",0.244,0
"503-00000000","צריכה","28/01/2024","18:15",0.196,0
"503-00000000","צריכה","28/01/2024","18:30",0.197,0
"503-00000000","צריכה","28/01/2024","18:45",0.268,0
"503-00000000","צריכה","28/01/2024","19:00",0.213,0
"503-00000000","צריכה","28/01/2024","19:15",0.201,0
"503-00000000","צריכה","28/01/2024","19:30",0.259,0
"503-00000000","צריכה","28/01/2024","19:45",0.266,0
"503-00000000","צריכה","28/01/2024","20:00",0.257,0
"503-00000000","צריכה","28/01/2024","20:15",0.284,0
"503-00000000","צריכה","28/01/2024","20:30",0.297,0
"503-00000000","צריכה","28/01/2024","20:45",0.240,0
"503-00000000","צריכה","28/01/2024","21:00",0.239,0
"503-00000000","צריכה","28/01/2024","21:15",0.220,0
"503-00000000","צריכה","28/01/2024","21:30",0.239,0
"503-00000000","צריכה","28/01/2024","21:45",0.276,0
"503-00000000","צריכה","28/01/2024","22:00",0.275,0
"503-00000000","צריכה","28/01/2024","22:15",0.181,0
"503-00000000","צריכה","28/01/2024","22:30",0.244,0
"503-00000000","צריכה","28/01/2024","22:45",0.291,0
"503-00000000","צריכה","28/01/2024","23:00",0.044,0
"503-00000000","צריכה","28/01/2024","23:15",0.059,0
"503-00000000","צריכה","28/01/2024","23:30",0.052,0
"503-00000000","צריכה","28/01/2024","23:45",0.057,0
"503-00000000","צריכה","29/01/2024","00:00",0.039,0
"503-00000000","צריכה","29/01/2024","00:15",0.047,0
"503-00000000","צריכה","29/01/2024","00:30",0.045,0
"503-00000000","צריכה","29/01/2024","00:45",0.047,0
"503-00000000","צריכה","29/01/2024","01:00",0.051,0
"503-00000000","צריכה","29/01/2024","01:15",0.058,0
"503-00000000","צריכה","29/01/2024","01:30",0.042,0
"503-00000000","צריכה","29/01/2024","01:45",0.048,0
"503-00000000","צריכה","29/01/2024","02:00",0.039,0
"503-00000000","צריכה","29/01/2024","02:15",0.062,0
"503-00000000","צריכה","29/01/2024","02:30",0.041,0
"503-00000000","צריכה","29/01/2024","02:45",0.056,0
"503-00000000","צריכה","29/01/2024","03:00",0.053,0
"503-00000000","צריכה","29/01/2024","03:15",0.054,0
"503-00000000","צריכה","29/01/2024","03:30",0.045,0
"503-00000000","צריכה","29/01/2024","03:45",0.039,0
"503-00000000","צריכה","29/01/2024","04:00",0.055,0
"503-00000000","צריכה","29/01/2024","04:15",0.059,0
"503-00000000","צריכה","29/01/2024","04:30",0.043,0
"503-00000000","צריכה","29/01/2024","04:45",0.051,0
"503-00000000","צריכה","29/01/2024","05:00",0.038,0
"503-00000000","צריכה","29/01/2024","05:15",0.039,0
"503-00000000","צריכה","29/01/2024","05:30",0.052,0
"503-00000000","צריכה","29/01/2024","05:45",0.057,0
"503-00000000","צריכה","29/01/2024","06:00",0.100,0
"503-00000000","צריכה","29/01/2024","06:15",0.087,0
"503-00000000","צריכה","29/01/2024","06:30",0.093,0
"503-00000000","צריכה","29/01/2024","06:45",0.102,0
"503-00000000","צריכה","29/01/2024","07:00",0.119,0
"503-00000000","צריכה","29/01/2024","07:15",0.105,0
"503-00000000","צריכה","29/01/2024","07:30",0.098,0
"503-00000000","צריכה","29/01/2024","07:45",0.099,0
"503-00000000","צריכה","29/01/2024","08:00",0.118,0
"503-00000000","צריכה","29/01/2024","08:15",0.078,0
"503-00000000","צריכה","29/01/2024","08:30",0.124,0
"503-00000000","צריכה","29/01/2024","08:45",0.110,0
"503-00000000","צריכה","29/01/2024","09:00",0.076,0
"503-00000000","צריכה","29/01/2024","09:15",0.071,0
"503-00000000","צריכה","29/01/2024","09:30",0.061,0
"503-00000000","צריכה","29/01/2024","09:45",0.068,0
"503-00000000","צריכה","29/01/2024","10:00",0.056,0
"503-00000000","צריכה","29/01/2024","10:15",0.063,0
"503-00000000","צריכה","29/01/2024","10:30",0.067,0
"503-00000000","צריכה","29/01/2024","10:45",0.055,0
"503-00000000","צריכה","29/01/2024","11:00",0.051,0
"503-00000000","צריכה","29/01/2024","11:15",0.058,0
"503-00000000","צריכה","29/01/2024","11:30",0.071,0
"503-00000000","צריכה","29/01/2024","11:45",0.052,0
"503-00000000","צריכה","29/01/2024","12:00",0.084,0
"503-00000000","צריכה","29/01/2024","12:15",0.066,0
"503-00000000","צריכה","29/01/2024","12:30",0.062,0
"503-00000000","צריכה","29/01/2024","12:45",0.056,0
"503-00000000","צריכה","29/01/2024","13:00",0.074,0
"503-00000000","צריכה","29/01/2024","13:15",0.076,0
"503-00000000","צריכה","29/01/2024","13:30",0.064,0
"503-00000000","צריכה","29/01/2024","13:45",0.066,0
"503-00000000","צריכה","29/01/2024","14:00",0.074,0
"503-00000000","צריכה","29/01/2024","14:15",0.072,0
"503-00000000","צריכה","29/01/2024","14:30",0.074,0
"503-00000000","צריכה","29/01/2024","14:45",0.055,0
"503-00000000","צריכה","29/01/2024","15:00",0.060,0
"503-00000000","צריכה","29/01/2024","15:15",0.079,0
"503-00000000","צריכה","29/01/2024","15:30",0.052,0
"503-00000000","צריכה","29/01/2024","15:45",0.055,0
"503-00000000","צריכה","29/01/2024","16:00",0.082,0
"503-00000000","צריכה","29/01/2024","16:15",0.058,0
"503-00000000","צריכה","29/01/2024","16:30",0.074,0
"503-00000000","צריכה","29/01/2024","16:45",0.079,0
"503-00000000","צריכה","29/01/2024","17:00",0.263,0
"503-00000000","צריכה","29/01/2024","17:15",0.235,0
"503-00000000","צריכה","29/01/2024","17:30",0.244,0
"503-00000000","צריכה","29/01/2024","17:45",0.275,0
"503-00000000","צריכה","29/01/2024","18:00",0.293,0
"503-00000000","צריכה","29/01/2024","18:15",0.272,0
"503-00000000","צריכה","29/01/2024","18:30",0.224,0
"503-00000000","צריכה","29/01/2024","18:45",0.256,0
"503-00000000","צריכה","29/01/2024","19:00",0.228,0
"503-00000000","צריכה","29/01/2024","19:15",0.190,0
"503-00000000","צריכה","29/01/2024","19:30",0.182,0
"503-00000000","צריכה","29/01/2024","19:45",0.296,0
"503-00000000","צריכה","29/01/2024","20:00",0.292,0
"503-00000000","צריכה","29/01/2024","20:15",0.193,0
"503-00000000","צריכה","29/01/2024","20:30",0.229,0
"503-00000000","צריכה","29/01/2024","20:45",0.287,0
"503-00000000","צריכה","29/01/2024","21:00",0.287,0
"503-00000000","צריכה","29/01/2024","21:15",0.247,0
"503-00000000","צריכה","29/01/2024","21:30",0.255,0
"503-00000000","צריכה","29/01/2024","21:45",0.219,0
"503-00000000","צריכה","29/01/2024","22:00",0.212,0
"503-00000000","צריכה","29/01/2024","22:15",0.195,0
"503-00000000","צריכה","29/01/2024","22:30",0.255,0
"503-00000000","צריכה","29/01/2024","22:45",0.286,0
"503-00000000","צריכה","29/01/2024","23:00",0.056,0
"503-00000000","צריכה","29/01/2024","23:15",0.039,0
"503-00000000","צריכה","29/01/2024","23:30",0.052,0
"503-00000000","צריכה","29/01/2024","23:45",0.047,0
"503-00000000","צריכה","30/01/2024","00:00",0.044,0
"503-00000000","צריכה","30/01/2024","00:15",0.051,0
"503-00000000","צריכה","30/01/2024","00:30",0.045,0
"503-00000000","צריכה","30/01/2024","00:45",0.059,0
"503-00000000","צריכה","30/01/2024","01:00",0.044,0
"503-00000000","צריכה","30/01/2024","01:15",0.058,0
"503-00000000","צריכה","30/01/2024","01:30",0.048,0
"503-00000000","צריכה","30/01/2024","01:45",0.055,0
"503-00000000","צריכה","30/01/2024","02:00",0.053,0
"503-00000000","צריכה","30/01/2024","02:15",0.057,0
"503-00000000","צריכה","30/01/2024","02:30",0.053,0
"503-00000000","צריכה","30/01/2024","02:45",0.056,0
"503-00000000","צריכה","30/01/2024","03:00",0.043,0
"503-00000000","צריכה","30/01/2024","03:15",0.044,0
"503-00000000","צריכה","30/01/2024","03:30",0.042,0
"503-00000000","צריכה","30/01/2024","03:45",0.043,0
"503-00000000","צריכה","30/01/2024","04:00",0.040,0
"503-00000000","צריכה","30/01/2024","04:15",0.043,0
"503-00000000","צריכה","30/01/2024","04:30",0.041,0
"503-00000000","צריכה","30/01/2024","04:45",0.051,0
"503-00000000","צריכה","30/01/2024","05:00",0.049,0
"503-00000000","צריכה","30/01/2024","05:15",0.056,0
"503-00000000","צריכה","30/01/2024","05:30",0.061,0
"503-00000000","צריכה","30/01/2024","05:45",0.062,0
"503-00000000","צריכה","30/01/2024","06:00",0.111,0
"503-00000000","צריכה","30/01/2024","06:15",0.113,0
"503-00000000","צריכה","30/01/2024","06:30",0.112,0
"503-00000000","צריכה","30/01/2024","06:45",0.093,0
"503-00000000","צריכה","30/01/2024","07:00",0.104,0
"503-00000000","צריכה","30/01/2024","07:15",0.075,0
"503-00000000","צריכה","30/01/2024","07:30",0.076,0
"503-00000000","צריכה","30/01/2024","07:45",0.100,0
"503-00000000","צריכה","30/01/2024","08:00",0.106,0
"503-00000000","צריכה","30/01/2024","08:15",0.116,0
"503-00000000","צריכה","30/01/2024","08:30",0.125,0
"503-00000000","צריכה","30/01/2024","08:45",0.117,0
"503-00000000","צריכה","30/01/2024","09:00",0.075,0
"503-00000000","צריכה","30/01/2024","09:15",0.073,0
"503-00000000","צריכה","30/01/2024","09:30",0.078,0
"503-00000000","צריכה","30/01/2024","09:45",0.066,0
"503-00000000","צריכה","30/01/2024","10:00",0.082,0
"503-00000000","צריכה","30/01/2024","10:15",0.082,0
"503-00000000","צריכה","30/01/2024","10:30",0.070,0
"503-00000000","צריכה","30/01/2024","10:45",0.054,0
"503-00000000","צריכה","30/01/2024","11:00",0.062,0
"503-00000000","צריכה","30/01/2024","11:15",0.071,0
"503-00000000","צריכה","30/01/2024","11:30",0.068,0
"503-00000000","צריכה","30/01/2024","11:45",0.055,0
"503-00000000","צריכה","30/01/2024","12:00",0.055,0
"503-00000000","צריכה","30/01/2024","12:15",0.074,0
"503-00000000","צריכה","30/01/2024","12:30",0.077,0
"503-00000000","צריכה","30/01/2024","12:45",0.062,0
"503-00000000","צריכה","30/01/2024","13:00",0.083,0
"503-00000000","צריכה","30/01/2024","13:15",0.069,0
"503-00000000","צריכה","30/01/2024","13:30",0.066,0
"503-00000000","צריכה","30/01/2024","13:45",0.072,0
"503-00000000","צריכה","30/01/2024","14:00",0.083,0
"503-00000000","צריכה","30/01/2024","14:15",0.078,0
"503-00000000","צריכה","30/01/2024","14:30",0.084,0
"503-00000000","צריכה","30/01/2024","14:45",0.081,0
"503-00000000","צריכה","30/01/2024","15:00",0.067,0
"503-00000000","צריכה","30/01/2024","15:15",0.051,0
"503-00000000","צריכה","30/01/2024","15:30",0.078,0
"503-00000000","צריכה","30/01/2024","15:45",0.053,0
"503-00000000","צריכה","30/01/2024","16:00",0.063,0
"503-00000000","צריכה","30/01/2024","16:15",0.082,0
"503-00000000","צריכה","30/01/2024","16:30",0.066,0
"503-00000000","צריכה","30/01/2024","16:45",0.052,0
"503-00000000","צריכה","30/01/2024","17:00",0.246,0
"503-00000000","צריכה","30/01/2024","17:15",0.274,0
"503-00000000","צריכה","30/01/2024","17:30",0.197,0
"503-00000000","צריכה","30/01/2024","17:45",0.267,0
"503-00000000","צריכה","30/01/2024","18:00",0.290,0
"503-00000000","צריכה","30/01/2024","18:15",0.242,0
"503-00000000","צריכה","30/01/2024","18:30",0.296,0
"503-00000000","צריכה","30/01/2024","18:45",0.249,0
"503-00000000","צריכה","30/01/2024","19:00",0.223,0
"503-00000000","צריכה","30/01/2024","19:15",0.191,0
"503-00000000","צריכה","30/01/2024","19:30",0.210,0
"503-00000000","צריכה","30/01/2024","19:45",0.217,0
"503-00000000","צריכה","30/01/2024","20:00",0.233,0
"503-00000000","צריכה","30/01/2024","20:15",0.257,0
"503-00000000","צריכה","30/01/2024","20:30",0.253,0
"503-00000000","צריכה","30/01/2024","20:45",0.193,0
"503-00000000","צריכה","30/01/2024","21:00",0.247,0
"503-00000000","צריכה","30/01/2024","21:15",0.187,0
"503-00000000","צריכה","30/01/2024","21:30",0.217,0
"503-00000000","צריכה","30/01/2024","21:45",0.267,0
"503-00000000","צריכה","30/01/2024","22:00",0.295,0
"503-00000000","צריכה","30/01/2024","22:15",0.199,0
"503-00000000","צריכה","30/01/2024","22:30",0.295,0
"503-00000000","צריכה","30/01/2024","22:45",0.201,0
"503-00000000","צריכה","30/01/2024","23:00",0.062,0
"503-00000000","צריכה","30/01/2024","23:15",0.052,0
"503-00000000","צריכה","30/01/2024","23:30",0.047,0
"503-00000000","צריכה","30/01/2024","23:45",0.061,0
"503-00000000","צריכה","31/01/2024","00:00",0.042,0
"503-00000000","צריכה","31/01/2024","00:15",0.040,0
"503-00000000","צריכה","31/01/2024","00:30",0.051,0
"503-00000000","צריכה","31/01/2024","00:45",0.040,0
"503-00000000","צריכה","31/01/2024","01:00",0.056,0
"503-00000000","צריכה","31/01/2024","01:15",0.061,0
"503-00000000","צריכה","31/01/2024","01:30",0.042,0
"503-00000000","צריכה","31/01/2024","01:45",0.059,0
"503-00000000","צריכה","31/01/2024","02:00",0.041,0
"503-00000000","צריכה","31/01/2024","02:15",0.059,0
"503-00000000","צריכה","31/01/2024","02:30",0.042,0
"503-00000000","צריכה","31/01/2024","02:45",0.060,0
"503-00000000","צריכה","31/01/2024","03:00",0.052,0
"503-00000000","צריכה","31/01/2024","03:15",0.041,0
"503-00000000","צריכה","31/01/2024","03:30",0.044,0
"503-00000000","צריכה","31/01/2024","03:45",0.062,0
"503-00000000","צריכה","31/01/2024","04:00",0.051,0
"503-00000000","צריכה","31/01/2024","04:15",0.053,0
"503-00000000","צריכה","31/01/2024","04:30",0.051,0
"503-00000000","צריכה","31/01/2024","04:45",0.054,0
"503-00000000","צריכה","31/01/2024","05:00",0.052,0
"503-00000000","צריכה","31/01/2024","05:15",0.053,0
"503-00000000","צריכה","31/01/2024","05:30",0.060,0
"503-00000000","צריכה","31/01/2024","05:45",0.040,0
"503-00000000","צריכה","31/01/2024","06:00",0.087,0
"503-00000000","צריכה","31/01/2024","06:15",0.097,0
"503-00000000","צריכה","31/01/2024","06:30",0.083,0
"503-00000000","צריכה","31/01/2024","06:45",0.102,0
"503-00000000","צריכה","31/01/2024","07:00",0.103,0
"503-00000000","צריכה","31/01/2024","07:15",0.109,0
"503-00000000","צריכה","31/01/2024","07:30",0.123,0
"503-00000000","צריכה","31/01/2024","07:45",0.115,0
"503-00000000","צריכה","31/01/2024","08:00",0.112,0
"503-00000000","צריכה","31/01/2024","08:15",0.120,0
"503-00000000","צריכה","31/01/2024","08:30",0.085,0
"503-00000000","צריכה","31/01/2024","08:45",0.124,0
"503-00000000","צריכה","31/01/2024","09:00",0.071,0
"503-00000000","צריכה","31/01/2024","09:15",0.079,0
"503-00000000","צריכה","31/01/2024","09:30",0.075,0
"503-00000000","צריכה","31/01/2024","09:45",0.074,0
"503-00000000","צריכה","31/01/2024","10:00",0.057,0
"503-00000000","צריכה","31/01/2024","10:15",0.063,0
"503-00000000","צריכה","31/01/2024","10:30",0.071,0
"503-00000000","צריכה","31/01/2024","10:45",0.058,0
"503-00000000","צריכה","31/01/2024","11:00",0.057,0
"503-00000000","צריכה","31/01/2024","11:15",0.058,0
"503-00000000","צריכה","31/01/2024","11:30",0.056,0
"503-00000000","צריכה","31/01/2024","11:45",0.077,0
"503-00000000","צריכה","31/01/2024","12:00",0.066,0
"503-00000000","צריכה","31/01/2024","12:15",0.076,0
"503-00000000","צריכה","31/01/2024","12:30",0.064,0
"503-00000000","צריכה","31/01/2024","12:45",0.076,0
"503-00000000","צריכה","31/01/2024","13:00",0.053,0
"503-00000000","צריכה","31/01/2024","13:15",0.067,0
"503-00000000","צריכה","31/01/2024","13:30",0.065,0
"503-00000000","צריכה","31/01/2024","13:45",0.066,0
"503-00000000","צריכה","31/01/2024","14:00",0.052,0
"503-00000000","צריכה","31/01/2024","14:15",0.057,0
"503-00000000","צריכה","31/01/2024","14:30",0.064,0
"503-00000000","צריכה","31/01/2024","14:45",0.059,0
"503-00000000","צריכה","31/01/2024","15:00",0.068,0
"503-00000000","צריכה","31/01/2024","15:15",0.051,0
"503-00000000","צריכה","31/01/2024","15:30",0.071,0
"503-00000000","צריכה","31/01/2024","15:45",0.066,0
"503-00000000","צריכה","31/01/2024","16:00",0.069,0
"503-00000000","צריכה","31/01/2024","16:15",0.071,0
"503-00000000","צריכה","31/01/2024","16:30",0.076,0
"503-00000000","צריכה","31/01/2024","16:45",0.072,0
"503-00000000","צריכה","31/01/2024","17:00",0.242,0
"503-00000000","צריכה","31/01/2024","17:15",0.229,0
"503-00000000","צריכה","31/01/2024","17:30",0.257,0
"503-00000000","צריכה","31/01/2024","17:45",0.188,0
"503-00000000","צריכה","31/01/2024","18:00",0.279,0
"503-00000000","צריכה","31/01/2024","18:15",0.290,0
"503-00000000","צריכה","31/01/2024","18:30",0.292,0
"503-00000000","צריכה","31/01/2024","18:45",0.224,0
"503-00000000","צריכה","31/01/2024","19:00",0.255,0
"503-00000000","צריכה","31/01/2024","19:15",0.230,0
"503-00000000","צריכה","31/01/2024","19:30",0.211,0
"503-00000000","צריכה","31/01/2024","19:45",0.236,0
"503-00000000","צריכה","31/01/2024","20:00",0.237,0
"503-00000000","צריכה","31/01/2024","20:15",0.261,0
"503-00000000","צריכה","31/01/2024","20:30",0.262,0
"503-00000000","צריכה","31/01/2024","20:45",0.271,0
"503-00000000","צריכה","31/01/2024","21:00",0.189,0
"503-00000000","צריכה","31/01/2024","21:15",0.261,0
"503-00000000","צריכה","31/01/2024","21:30",0.261,0
"503-00000000","צריכה","31/01/2024","21:45",0.286,0
"503-00000000","צריכה","31/01/2024","22:00",0.188,0
"503-00000000","צריכה","31/01/2024","22:15",0.293,0
"503-00000000","צריכה","31/01/2024","22:30",0.241,0
"503-00000000","צריכה","31/01/2024","22:45",0.271,0
"503-00000000","צריכה","31/01/2024","23:00",0.058,0
"503-00000000","צריכה","31/01/2024","23:15",0.060,0
"503-00000000","צריכה","31/01/2024","23:30",0.046,0
"503-00000000","צריכה","31/01/2024","23:45",0.059,0
"503-00000000","צריכה","01/02/2024","00:00",0.059,0
"503-00000000","צריכה","01/02/2024","00:15",0.039,0
"503-00000000","צריכה","01/02/2024","00:30",0.052,0
"503-00000000","צריכה","01/02/2024","00:45",0.057,0
"503-00000000","צריכה","01/02/2024","01:00",0.044,0
"503-00000000","צריכה","01/02/2024","01:15",0.051,0
"503-00000000","צריכה","01/02/2024","01:30",0.039,0
"503-00000000","צריכה","01/02/2024","01:45",0.062,0
"503-00000000","צריכה","01/02/2024","02:00",0.055,0
"503-00000000","צריכה","01/02/2024","02:15",0.046,0
"503-00000000","צריכה","01/02/2024","02:30",0.047,0
"503-00000000","צריכה","01/02/2024","02:45",0.043,0
"503-00000000","צריכה","01/02/2024","03:00",0.049,0
"503-00000000","צריכה","01/02/2024","03:15",0.060,0
"503-00000000","צריכה","01/02/2024","03:30",0.057,0
"503-00000000","צריכה","01/02/2024","03:45",0.058,0
"503-00000000","צריכה","01/02/2024","04:00",0.040,0
"503-00000000","צריכה","01/02/2024","04:15",0.043,0
"503-00000000","צריכה","01/02/2024","04:30",0.052,0
"503-00000000","צריכה","01/02/2024","04:45",0.055,0
"503-00000000","צריכה","01/02/2024","05:00",0.042,0
"503-00000000","צריכה","01/02/2024","05:15",0.040,0
"503-00000000","צריכה","01/02/2024","05:30",0.062,0
"503-00000000","צריכה","01/02/2024","05:45",0.039,0
"503-00000000","צריכה","01/02/2024","06:00",0.077,0
"503-00000000","צריכה","01/02/2024","06:15",0.103,0
"503-00000000","צריכה","01/02/2024","06:30",0.091,0
"503-00000000","צריכה","01/02/2024","06:45",0.077,0
"503-00000000","צריכה","01/02/2024","07:00",0.113,0
"503-00000000","צריכה","01/02/2024","07:15",0.113,0
"503-00000000","צריכה","01/02/2024","07:30",0.106,0
"503-00000000","צריכה","01/02/2024","07:45",0.124,0
"503-00000000","צריכה","01/02/2024","08:00",0.109,0
"503-00000000","צריכה","01/02/2024","08:15",0.106,0
"503-00000000","צריכה","01/02/2024","08:30",0.083,0
"503-00000000","צריכה","01/02/2024","08:45",0.117,0
"503-00000000","צריכה","01/02/2024","09:00",0.058,0
"503-00000000","צריכה","01/02/2024","09:15",0.066,0
"503-00000000","צריכה","01/02/2024","09:30",0.056,0
"503-00000000","צריכה","01/02/2024","09:45",0.083,0
"503-00000000","צריכה","01/02/2024","10:00",0.077,0
"503-00000000","צריכה","01/02/2024","10:15",0.077,0
"503-00000000","צריכה","01/02/2024","10:30",0.078,0
"503-00000000","צריכה","01/02/2024","10:45",0.081,0
"503-00000000","צריכה","01/02/2024","11:00",0.051,0
"503-00000000","צריכה","01/02/2024","11:15",0.065,0
"503-00000000","צריכה","01/02/2024","11:30",0.073,0
"503-00000000","צריכה","01/02/2024","11:45",0.079,0
"503-00000000","צריכה","01/02/2024","12:00",0.052,0
"503-00000000","צריכה","01/02/2024","12:15",0.076,0
"503-00000000","צריכה","01/02/2024","12:30",0.080,0
"503-00000000","צריכה","01/02/2024","12:45",0.078,0
"503-00000000","צריכה","01/02/2024","13:00",0.075,0
"503-00000000","צריכה","01/02/2024","13:15",0.069,0
"503-00000000","צריכה","01/02/2024","13:30",0.073,0
"503-00000000","צריכה","01/02/2024","13:45",0.061,0
"503-00000000","צריכה","01/02/2024","14:00",0.067,0
"503-00000000","צריכה","01/02/2024","14:15",0.080,0
"503-00000000","צריכה","01/02/2024","14:30",0.074,0
"503-00000000","צריכה","01/02/2024","14:45",0.078,0
"503-00000000","צריכה","01/02/2024","15:00",0.081,0
"503-00000000","צריכה","01/02/2024","15:15",0.052,0
"503-00000000","צריכה","01/02/2024","15:30",0.062,0
"503-00000000","צריכה","01/02/2024","15:45",0.054,0
"503-00000000","צריכה","01/02/2024","16:00",0.052,0
"503-00000000","צריכה","01/02/2024","16:15",0.069,0
"503-00000000","צריכה","01/02/2024","16:30",0.055,0
"503-00000000","צריכה","01/02/2024","16:45",0.071,0
"503-00000000","צריכה","01/02/2024","17:00",0.212,0
"503-00000000","צריכה","01/02/2024","17:15",0.221,0
"503-00000000","צריכה","01/02/2024","17:30",0.209,0
"503-00000000","צריכה","01/02/2024","17:45",0.215,0
"503-00000000","צריכה","01/02/2024","18:00",0.205,0
"503-00000000","צריכה","01/02/2024","18:15",0.201,0
"503-00000000","צריכה","01/02/2024","18:30",0.185,0
"503-00000000","צריכה","01/02/2024","18:45",0.188,0
"503-00000000","צריכה","01/02/2024","19:00",0.245,0
"503-00000000","צריכה","01/02/2024","19:15",0.257,0
"503-00000000","צריכה","01/02/2024","19:30",0.285,0
"503-00000000","צריכה","01/02/2024","19:45",0.275,0
"503-00000000","צריכה","01/02/2024","20:00",0.190,0
"503-00000000","צריכה","01/02/2024","20:15",0.188,0
"503-00000000","צריכה","01/02/2024","20:30",0.211,0
"503-00000000","צריכה","01/02/2024","20:45",0.231,0
"503-00000000","צריכה","01/02/2024","21:00",0.235,0
"503-00000000","צריכה","01/02/2024","21:15",0.288,0
"503-00000000","צריכה","01/02/2024","21:30",0.189,0
"503-00000000","צריכה","01/02/2024","21:45",0.207,0
"503-00000000","צריכה","01/02/2024","22:00",0.186,0
"503-00000000","צריכה","01/02/2024","22:15",0.202,0
"503-00000000","צריכה","01/02/2024","22:30",0.188,0
"503-00000000","צריכה","01/02/2024","22:45",0.291,0
"503-00000000","צריכה","01/02/2024","23:00",0.044,0
"503-00000000","צריכה","01/02/2024","23:15",0.060,0
"503-00000000","צריכה","01/02/2024","23:30",0.051,0
"503-00000000","צריכה","01/02/2024","23:45",0.051,0
"503-00000000","צריכה","02/02/2024","00:00",0.057,0
"503-00000000","צריכה","02/02/2024","00:15",0.045,0
"503-00000000","צריכה","02/02/2024","00:30",0.053,0
"503-00000000","צריכה","02/02/2024","00:45",0.043,0
"503-00000000","צריכה","02/02/2024","01:00",0.043,0
"503-00000000","צריכה","02/02/2024","01:15",0.058,0
"503-00000000","צריכה","02/02/2024","01:30",0.045,0
"503-00000000","צריכה","02/02/2024","01:45",0.059,0
"503-00000000","צריכה","02/02/2024","02:00",0.044,0
"503-00000000","צריכה","02/02/2024","02:15",0.052,0
"503-00000000","צריכה","02/02/2024","02:30",0.055,0
"503-00000000","צריכה","02/02/2024","02:45",0.061,0
"503-00000000","צריכה","02/02/2024","03:00",0.055,0
"503-00000000","צריכה","02/02/2024","03:15",0.038,0
"503-00000000","צריכה","02/02/2024","03:30",0.053,0
"503-00000000","צריכה","02/02/2024","03:45",0.050,0
"503-00000000","צריכה","02/02/2024","04:00",0.049,0
"503-00000000","צריכה","02/02/2024","04:15",0.050,0
"503-00000000","צריכה","02/02/2024","04:30",0.054,0
"503-00000000","צריכה","02/02/2024","04:45",0.042,0
"503-00000000","צריכה","02/02/2024","05:00",0.053,0
"503-00000000","צריכה","02/02/2024","05:15",0.050,0
"503-00000000","צריכה","02/02/2024","05:30",0.052,0
"503-00000000","צריכה","02/02/2024","05:45",0.049,0
"503-00000000","צריכה","02/02/2024","06:00",0.121,0
"503-00000000","צריכה","02/02/2024","06:15",0.105,0
"503-00000000","צריכה","02/02/2024","06:30",0.088,0
"503-00000000","צריכה","02/02/2024","06:45",0.124,0
"503-00000000","צריכה","02/02/2024","07:00",0.092,0
"503-00000000","צריכה","02/02/2024","07:15",0.094,0
"503-00000000","צריכה","02/02/2024","07:30",0.122,0
"503-00000000","צריכה","02/02/2024","07:45",0.096,0
"503-00000000","צריכה","02/02/2024","08:00",0.117,0
"503-00000000","צריכה","02/02/2024","08:15",0.095,0
"503-00000000","צריכה","02/02/2024","08:30",0.109,0
"503-00000000","צריכה","02/02/2024","08:45",0.120,0
"503-00000000","צריכה","02/02/2024","09:00",0.117,0
"503-00000000","צריכה","02/02/2024","09:15",0.128,0
"503-00000000","צריכה","02/02/2024","09:30",0.123,0
"503-00000000","צריכה","02/02/2024","09:45",0.115,0
"503-00000000","צריכה","02/02/2024","10:00",0.136,0
"503-00000000","צריכה","02/02/2024","10:15",0.126,0
"503-00000000","צריכה","02/02/2024","10:30",0.112,0
"503-00000000","צריכה","02/02/2024","10:45",0.091,0
"503-00000000","צריכה","02/02/2024","11:00",0.127,0
"503-00000000","צריכה","02/02/2024","11:15",0.106,0
"503-00000000","צריכה","02/02/2024","11:30",0.116,0
"503-00000000","צריכה","02/02/2024","11:45",0.141,0
"503-00000000","צריכה","02/02/2024","12:00",0.103,0
"503-00000000","צריכה","02/02/2024","12:15",0.096,0
"503-00000000","צריכה","02/02/2024","12:30",0.102,0
"503-00000000","צריכה","02/02/2024","12:45",0.093,0
"503-00000000","צריכה","02/02/2024","13:00",0.105,0
"503-00000000","צריכה","02/02/2024","13:15",0.131,0
"503-00000000","צריכה","02/02/2024","13:30",0.106,0
"503-00000000","צריכה","02/02/2024","13:45",0.139,0
"503-00000000","צריכה","02/02/2024","14:00",0.107,0
"503-00000000","צריכה","02/02/2024","14:15",0.134,0
"503-00000000","צריכה","02/02/2024","14:30",0.118,0
"503-00000000","צריכה","02/02/2024","14:45",0.106,0
"503-00000000","צריכה","02/02/2024","15:00",0.096,0
"503-00000000","צריכה","02/02/2024","15:15",0.127,0
"503-00000000","צריכה","02/02/2024","15:30",0.127,0
"503-00000000","צריכה","02/02/2024","15:45",0.128,0
"503-00000000","צריכה","02/02/2024","16:00",0.135,0
"503-00000000","צריכה","02/02/2024","16:15",0.098,0
"503-00000000","צריכה","02/02/2024","16:30",0.139,0
"503-00000000","צריכה","02/02/2024","16:45",0.114,0
"503-00000000","צריכה","02/02/2024","17:00",0.222,0
"503-00000000","צריכה","02/02/2024","17:15",0.276,0
"503-00000000","צריכה","02/02/2024","17:30",0.208,0
"503-00000000","צריכה","02/02/2024","17:45",0.224,0
"503-00000000","צריכה","02/02/2024","18:00",0.201,0
"503-00000000","צריכה","02/02/2024","18:15",0.211,0
"503-00000000","צריכה","02/02/2024","18:30",0.279,0
"503-00000000","צריכה","02/02/2024","18:45",0.290,0
"503-00000000","צריכה","02/02/2024","19:00",0.207,0
"503-00000000","צריכה","02/02/2024","19:15",0.241,0
"503-00000000","צריכה","02/02/2024","19:30",0.212,0
"503-00000000","צריכה","02/02/2024","19:45",0.287,0
"503-00000000","צריכה","02/02/2024","20:00",0.236,0
"503-00000000","צריכה","02/02/2024","20:15",0.265,0
"503-00000000","צריכה","02/02/2024","20:30",0.195,0
"503-00000000","צריכה","02/02/2024","20:45",0.192,0
"503-00000000","צריכה","02/02/2024","21:00",0.223,0
"503-00000000","צריכה","02/02/2024","21:15",0.197,0
"503-00000000","צריכה","02/02/2024","21:30",0.285,0
"503-00000000","צריכה","02/02/2024","21:45",0.262,0
"503-00000000","צריכה","02/02/2024","22:00",0.204,0
"503-00000000","צריכה","02/02/2024","22:15",0.269,0
"503-00000000","צריכה","02/02/2024","22:30",0.243,0
"503-00000000","צריכה","02/02/2024","22:45",0.196,0
"503-00000000","צריכה","02/02/2024","23:00",0.045,0
"503-00000000","צריכה","02/02/2024","23:15",0.044,0
"503-00000000","צריכה","02/02/2024","23:30",0.053,0
"503-00000000","צריכה","02/02/2024","23:45",0.049,0
"503-00000000","צריכה","03/02/2024","00:00",0.039,0
"503-00000000","צריכה","03/02/2024","00:15",0.039,0
"503-00000000","צריכה","03/02/2024","00:30",0.040,0
"503-00000000","צריכה","03/02/2024","00:45",0.042,0
"503-00000000","צריכה","03/02/2024","01:00",0.038,0
"503-00000000","צריכה","03/02/2024","01:15",0.057,0
"503-00000000","צריכה","03/02/2024","01:30",0.044,0
"503-00000000","צריכה","03/02/2024","01:45",0.059,0
"503-00000000","צריכה","03/02/2024","02:00",0.042,0
"503-00000000","צריכה","03/02/2024","02:15",0.049,0
"503-00000000","צריכה","03/02/2024","02:30",0.057,0
"503-00000000","צריכה","03/02/2024","02:45",0.058,0
"503-00000000","צריכה","03/02/2024","03:00",0.042,0
"503-00000000","צריכה","03/02/2024","03:15",0.058,0
"503-00000000","צריכה","03/02/2024","03:30",0.039,0
"503-00000000","צריכה","03/02/2024","03:45",0.044,0
"503-00000000","צריכה","03/02/2024","04:00",0.057,0
"503-00000000","צריכה","03/02/2024","04:15",0.053,0
"503-00000000","צריכה","03/02/2024","04:30",0.042,0
"503-00000000","צריכה","03/02/2024","04:45",0.047,0
"503-00000000","צריכה","03/02/2024","05:00",0.054,0
"503-00000000","צריכה","03/02/2024","05:15",0.055,0
"503-00000000","צריכה","03/02/2024","05:30",0.058,0
"503-00000000","צריכה","03/02/2024","05:45",0.042,0
"503-00000000","צריכה","03/02/2024","06:00",0.120,0
"503-00000000","צריכה","03/02/2024","06:15",0.094,0
"503-00000000","צריכה","03/02/2024","06:30",0.120,0
"503-00000000","צריכה","03/02/2024","06:45",0.120,0
"503-00000000","צריכה","03/02/2024","07:00",0.113,0
"503-00000000","צריכה","03/02/2024","07:15",0.078,0
"503-00000000","צריכה","03/02/2024","07:30",0.080,0
"503-00000000","צריכה","03/02/2024","07:45",0.076,0
"503-00000000","צריכה","03/02/2024","08:00",0.119,0
"503-00000000","צריכה","03/02/2024","08:15",0.104,0
"503-00000000","צריכה","03/02/2024","08:30",0.113,0
"503-00000000","צריכה","03/02/2024","08:45",0.120,0
"503-00000000","צריכה","03/02/2024","09:00",0.097,0
"503-00000000","צריכה","03/02/2024","09:15",0.107,0
"503-00000000","צריכה","03/02/2024","09:30",0.110,0
"503-00000000","צריכה","03/02/2024","09:45",0.144,0
"503-00000000","צריכה","03/02/2024","10:00",0.133,0
"503-00000000","צריכה","03/02/2024","10:15",0.120,0
"503-00000000","צריכה","03/02/2024","10:30",0.117,0
"503-00000000","צריכה","03/02/2024","10:45",0.117,0
"503-00000000","צריכה","03/02/2024","11:00",0.137,0
"503-00000000","צריכה","03/02/2024","11:15",0.136,0
"503-00000000","צריכה","03/02/2024","11:30",0.101,0
"503-00000000","צריכה","03/02/2024","11:45",0.142,0
"503-00000000","צריכה","03/02/2024","12:00",0.123,0
"503-00000000","צריכה","03/02/2024","12:15",0.116,0
"503-00000000","צריכה","03/02/2024","12:30",0.089,0
"503-00000000","צריכה","03/02/2024","12:45",0.136,0
"503-00000000","צריכה","03/02/2024","13:00",0.137,0
"503-00000000","צריכה","03/02/2024","13:15",0.127,0
"503-00000000","צריכה","03/02/2024","13:30",0.145,0
"503-00000000","צריכה","03/02/2024","13:45",0.120,0
"503-00000000","צריכה","03/02/2024","14:00",0.123,0
"503-00000000","צריכה","03/02/2024","14:15",0.126,0
"503-00000000","צריכה","03/02/2024","14:30",0.132,0
"503-00000000","צריכה","03/02/2024","14:45",0.095,0
"503-00000000","צריכה","03/02/2024","15:00",0.126,0
"503-00000000","צריכה","03/02/2024","15:15",0.144,0
"503-00000000","צריכה","03/02/2024","15:30",0.141,0
"503-00000000","צריכה","03/02/2024","15:45",0.100,0
"503-00000000","צריכה","03/02/2024","16:00",0.093,0
"503-00000000","צריכה","03/02/2024","16:15",0.112,0
"503-00000000","צריכה","03/02/2024","16:30",0.120,0
"503-00000000","צריכה","03/02/2024","16:45",0.132,0
"503-00000000","צריכה","03/02/2024","17:00",0.218,0
"503-00000000","צריכה","03/02/2024","17:15",0.195,0
"503-00000000","צריכה","03/02/2024","17:30",0.276,0
"503-00000000","צריכה","03/02/2024","17:45",0.271,0
"503-00000000","צריכה","03/02/2024","18:00",0.253,0
"503-00000000","צריכה","03/02/2024","18:15",0.184,0
"503-00000000","צריכה","03/02/2024","18:30",0.216,0
"503-00000000","צריכה","03/02/2024","18:45",0.183,0
"503-00000000","צריכה","03/02/2024","19:00",0.266,0
"503-00000000","צריכה","03/02/2024","19:15",0.183,0
"503-00000000","צריכה","03/02/2024","19:30",0.186,0
"503-00000000","צריכה","03/02/2024","19:45",0.251,0
"503-00000000","צריכה","03/02/2024","20:00",0.203,0
"503-00000000","צריכה","03/02/2024","20:15",0.260,0
"503-00000000","צריכה","03/02/2024","20:30",0.253,0
"503-00000000","צריכה","03/02/2024","20:45",0.242,0
"503-00000000","צריכה","03/02/2024","21:00",0.220,0
"503-00000000","צריכה","03/02/2024","21:15",0.239,0
"503-00000000","צריכה","03/02/2024","21:30",0.267,0
"503-00000000","צריכה","03/02/2024","21:45",0.227,0
"503-00000000","צריכה","03/02/2024","22:00",0.255,0
"503-00000000","צריכה","03/02/2024","22:15",0.237,0
"503-00000000","צריכה","03/02/2024","22:30",0.217,0
"503-00000000","צריכה","03/02/2024","22:45",0.256,0
"503-00000000","צריכה","03/02/2024","23:00",0.039,0
"503-00000000","צריכה","03/02/2024","23:15",0.059,0
"503-00000000","צריכה","03/02/2024","23:30",0.042,0
"503-00000000","צריכה","03/02/2024","23:45",0.045,0
"503-00000000","צריכה","04/02/2024","00:00",0.062,0
"503-00000000","צריכה","04/02/2024","00:15",0.039,0
"503-00000000","צריכה","04/02/2024","00:30",0.058,0
"503-00000000","צריכה","04/02/2024","00:45",0.058,0
"503-00000000","צריכה","04/02/2024","01:00",0.056,0
"503-00000000","צריכה","04/02/2024","01:15",0.038,0
"503-00000000","צריכה","04/02/2024","01:30",0.055,0
"503-00000000","צריכה","04/02/2024","01:45",0.058,0
"503-00000000","צריכה","04/02/2024","02:00",0.058,0
"503-00000000","צריכה","04/02/2024","02:15",0.043,0
"503-00000000","צריכה","04/02/2024","02:30",0.045,0
"503-00000000","צריכה","04/02/2024","02:45",0.062,0
"503-00000000","צריכה","04/02/2024","03:00",0.053,0
"503-00000000","צריכה","04/02/2024","03:15",0.049,0
"503-00000000","צריכה","04/02/2024","03:30",0.048,0
"503-00000000","צריכה","04/02/2024","03:45",0.038,0
"503-00000000","צריכה","04/02/2024","04:00",0.057,0
"503-00000000","צריכה","04/02/2024","04:15",0.045,0
"503-00000000","צריכה","04/02/2024","04:30",0.043,0
"503-00000000","צריכה","04/02/2024","04:45",0.044,0
"503-00000000","צריכה","04/02/2024","05:00",0.058,0
"503-00000000","צריכה","04/02/2024","05:15",0.051,0
"503-00000000","צריכה","04/02/2024","05:30",0.042,0
"503-00000000","צריכה","04/02/2024","05:45",0.062,0
"503-00000000","צריכה","04/02/2024","06:00",0.122,0
"503-00000000","צריכה","04/02/2024","06:15",0.107,0
"503-00000000","צריכה","04/02/2024","06:30",0.095,0
"503-00000000","צריכה","04/02/2024","06:45",0.120,0
"503-00000000","צריכה","04/02/2024","07:00",0.084,0
"503-00000000","צריכה","04/02/2024","07:15",0.114,0
"503-00000000","צריכה","04/02/2024","07:30",0.093,0
"503-00000000","צריכה","04/02/2024","07:45",0.102,0
"503-00000000","צריכה","04/02/2024","08:00",0.083,0
"503-00000000","צריכה","04/02/2024","08:15",0.104,0
"503-00000000","צריכה","04/02/2024","08:30",0.078,0
"503-00000000","צריכה","04/02/2024","08:45",0.076,0
"503-00000000","צריכה","04/02/2024","09:00",0.055,0
"503-00000000","צריכה","04/02/2024","09:15",0.053,0
"503-00000000","צריכה","04/02/2024","09:30",0.062,0
"503-00000000","צריכה","04/02/2024","09:45",0.054,0
"503-00000000","צריכה","04/02/2024","10:00",0.064,0
"503-00000000","צריכה","04/02/2024","10:15",0.052,0
"503-00000000","צריכה","04/02/2024","10:30",0.078,0
"503-00000000","צריכה","04/02/2024","10:45",0.071,0
"503-00000000","צריכה","04/02/2024","11:00",0.066,0
"503-00000000","צריכה","04/02/2024","11:15",0.056,0
"503-00000000","צריכה","04/02/2024","11:30",0.076,0
"503-00000000","צריכה","04/02/2024","11:45",0.066,0
"503-00000000","צריכה","04/02/2024","12:00",0.068,0
"503-00000000","צריכה","04/02/2024","12:15",0.051,0
"503-00000000","צריכה","04/02/2024","12:30",0.052,0
"503-00000000","צריכה","04/02/2024","12:45",0.060,0
"503-00000000","צריכה","04/02/2024","13:00",0.056,0
"503-00000000","צריכה","04/02/2024","13:15",0.071,0
"503-00000000","צריכה","04/02/2024","13:30",0.053,0
"503-00000000","צריכה","04/02/2024","13:45",0.053,0
"503-00000000","צריכה","04/02/2024","14:00",0.077,0
"503-00000000","צריכה","04/02/2024","14:15",0.072,0
"503-00000000","צריכה","04/02/2024","14:30",0.072,0
"503-00000000","צריכה","04/02/2024","14:45",0.080,0
"503-00000000","צריכה","04/02/2024","15:00",0.075,0
"503-00000000","צריכה","04/02/2024","15:15",0.072,0
"503-00000000","צריכה","04/02/2024","15:30",0.074,0
"503-00000000","צריכה","04/02/2024","15:45",0.067,0
"503-00000000","צריכה","04/02/2024","16:00",0.075,0
"503-00000000","צריכה","04/02/2024","16:15",0.079,0
"503-00000000","צריכה","04/02/2024","16:30",0.081,0
"503-00000000","צריכה","04/02/2024","16:45",0.080,0
"503-00000000","צריכה","04/02/2024","17:00",0.234,0
"503-00000000","צריכה","04/02/2024","17:15",0.261,0
"503-00000000","צריכה","04/02/2024","17:30",0.197,0
"503-00000000","צריכה","04/02/2024","17:45",0.210,0
"503-00000000","צריכה","04/02/2024","18:00",0.280,0
"503-00000000","צריכה","04/02/2024","18:15",0.189,0
"503-00000000","צריכה","04/02/2024","18:30",0.247,0
"503-00000000","צריכה","04/02/2024","18:45",0.266,0
"503-00000000","צריכה","04/02/2024","19:00",0.262,0
"503-00000000","צריכה","04/02/2024","19:15",0.240,0
"503-00000000","צריכה","04/02/2024","19:30",0.223,0
"503-00000000","צריכה","04/02/2024","19:45",0.218,0
"503-00000000","צריכה","04/02/2024","20:00",0.179,0
"503-00000000","צריכה","04/02/2024","20:15",0.205,0
"503-00000000","צריכה","04/02/2024","20:30",0.247,0
"503-00000000","צריכה","04/02/2024","20:45",0.193,0
"503-00000000","צריכה","04/02/2024","21:00",0.274,0
"503-00000000","צריכה","04/02/2024","21:15",0.286,0
"503-00000000","צריכה","04/02/2024","21:30",0.263,0
"503-00000000","צריכה","04/02/2024","21:45",0.254,0
"503-00000000","צריכה","04/02/2024","22:00",0.202,0
"503-00000000","צריכה","04/02/2024","22:15",0.295,0
"503-00000000","צריכה","04/02/2024","22:30",0.248,0
"503-00000000","צריכה","04/02/2024","22:45",0.287,0
"503-00000000","צריכה","04/02/2024","23:00",0.038,0
"503-00000000","צריכה","04/02/2024","23:15",0.052,0
"503-00000000","צריכה","04/02/2024","23:30",0.053,0
"503-00000000","צריכה","04/02/2024","23:45",0.042,0
"503-00000000","צריכה","05/02/2024","00:00",0.047,0
"503-00000000","צריכה","05/02/2024","00:15",0.061,0
"503-00000000","צריכה","05/02/2024","00:30",0.048,0
"503-00000000","צריכה","05/02/2024","00:45",0.049,0
"503-00000000","צריכה","05/02/2024","01:00",0.059,0
"503-00000000","צריכה","05/02/2024","01:15",0.039,0
"503-00000000","צריכה","05/02/2024","01:30",0.061,0
"503-00000000","צריכה","05/02/2024","01:45",0.038,0
"503-00000000","צריכה","05/02/2024","02:00",0.061,0
"503-00000000","צריכה","05/02/2024","02:15",0.038,0
"503-00000000","צריכה","05/02/2024","02:30",0.047,0
"503-00000000","צריכה","05/02/2024","02:45",0.040,0
"503-00000000","צריכה","05/02/2024","03:00",0.040,0
"503-00000000","צריכה","05/02/2024","03:15",0.047,0
"503-00000000","צריכה","05/02/2024","03:30",0.038,0
"503-00000000","צריכה","05/02/2024","03:45",0.051,0
"503-00000000","צריכה","05/02/2024","04:00",0.050,0
"503-00000000","צריכה","05/02/2024","04:15",0.051,0
"503-00000000","צריכה","05/02/2024","04:30",0.061,0
"503-00000000","צריכה","05/02/2024","04:45",0.043,0
"503-00000000","צריכה","05/02/2024","05:00",0.052,0
"503-00000000","צריכה","05/02/2024","05:15",0.053,0
"503-00000000","צריכה","05/02/2024","05:30",0.061,0
"503-00000000","צריכה","05/02/2024","05:45",0.057,0
"503-00000000","צריכה","05/02/2024","06:00",0.087,0
"503-00000000","צריכה","05/02/2024","06:15",0.118,0
"503-00000000","צריכה","05/02/2024","06:30",0.088,0
"503-00000000","צריכה","05/02/2024","06:45",0.082,0
"503-00000000","צריכה","05/02/2024","07:00",0.105,0
"503-00000000","צריכה","05/02/2024","07:15",0.080,0
"503-00000000","צריכה","05/02/2024","07:30",0.086,0
"503-00000000","צריכה","05/02/2024","07:45",0.079,0
"503-00000000","צריכה","05/02/2024","08:00",0.121,0
"503-00000000","צריכה","05/02/2024","08:15",0.107,0
"503-00000000","צריכה","05/02/2024","08:30",0.102,0
"503-00000000","צריכה","05/02/2024","08:45",0.084,0
"503-00000000","צריכה","05/02/2024","09:00",0.072,0
"503-00000000","צריכה","05/02/2024","09:15",0.052,0
"503-00000000","צריכה","05/02/2024","09:30",0.073,0
"503-00000000","צריכה","05/02/2024","09:45",0.075,0
"503-00000000","צריכה","05/02/2024","10:00",0.076,0
"503-00000000","צריכה","05/02/2024","10:15",0.053,0
"503-00000000","צריכה","05/02/2024","10:30",0.058,0
"503-00000000","צריכה","05/02/2024","10:45",0.080,0
"503-00000000","צריכה","05/02/2024","11:00",0.081,0
"503-00000000","צריכה","05/02/2024","11:15",0.075,0
"503-00000000","צריכה","05/02/2024","11:30",0.083,0
"503-00000000","צריכה","05/02/2024","11:45",0.075,0
"503-00000000","צריכה","05/02/2024","12:00",0.063,0
"503-00000000","צריכה","05/02/2024","12:15",0.075,0
"503-00000000","צריכה","05/02/2024","12:30",0.070,0
"503-00000000","צריכה","05/02/2024","12:45",0.056,0
"503-00000000","צריכה","05/02/2024","13:00",0.079,0
"503-00000000","צריכה","05/02/2024","13:15",0.058,0
"503-00000000","צריכה","05/02/2024","13:30",0.074,0
"503-00000000","צריכה","05/02/2024","13:45",0.061,0
"503-00000000","צריכה","05/02/2024","14:00",0.069,0
"503-00000000","צריכה","05/02/2024","14:15",0.056,0
"503-00000000","צריכה","05/02/2024","14:30",0.052,0
"503-00000000","צריכה","05/02/2024","14:45",0.054,0
"503-00000000","צריכה","05/02/2024","15:00",0.082,0
"503-00000000","צריכה","05/02/2024","15:15",0.054,0
"503-00000000","צריכה","05/02/2024","15:30",0.075,0
"503-00000000","צריכה","05/02/2024","15:45",0.079,0
"503-00000000","צריכה","05/02/2024","16:00",0.069,0
"503-00000000","צריכה","05/02/2024","16:15",0.080,0
"503-00000000","צריכה","05/02/2024","16:30",0.052,0
"503-00000000","צריכה","05/02/2024","16:45",0.062,0
"503-00000000","צריכה","05/02/2024","17:00",0.272,0
"503-00000000","צריכה","05/02/2024","17:15",0.218,0
"503-00000000","צריכה","05/02/2024","17:30",0.213,0
"503-00000000","צריכה","05/02/2024","17:45",0.189,0
"503-00000000","צריכה","05/02/2024","18:00",0.201,0
"503-00000000","צריכה","05/02/2024","18:15",0.237,0
"503-00000000","צריכה","05/02/2024","18:30",0.295,0
"503-00000000","צריכה","05/02/2024","18:45",0.187,0
"503-00000000","צריכה","05/02/2024","19:00",0.249,0
"503-00000000","צריכה","05/02/2024","19:15",0.280,0
"503-00000000","צריכה","05/02/2024","19:30",0.287,0
"503-00000000","צריכה","05/02/2024","19:45",0.267,0
"503-00000000","צריכה","05/02/2024","20:00",0.201,0
"503-00000000","צריכה","05/02/2024","20:15",0.198,0
"503-00000000","צריכה","05/02/2024","20:30",0.218,0
"503-00000000","צריכה","05/02/2024","20:45",0.282,0
"503-00000000","צריכה","05/02/2024","21:00",0.270,0
"503-00000000","צריכה","05/02/2024","21:15",0.192,0
"503-00000000","צריכה","05/02/2024","21:30",0.214,0
"503-00000000","צריכה","05/02/2024","21:45",0.216,0
"503-00000000","צריכה","05/02/2024","22:00",0.255,0
"503-00000000","צריכה","05/02/2024","22:15",0.252,0
"503-00000000","צריכה","05/02/2024","22:30",0.237,0
"503-00000000","צריכה","05/02/2024","22:45",0.243,0
"503-00000000","צריכה","05/02/2024","23:00",0.060,0
"503-00000000","צריכה","05/02/2024","23:15",0.040,0
"503-00000000","צריכה","05/02/2024","23:30",0.039,0
"503-00000000","צריכה","05/02/2024","23:45",0.049,0
"503-00000000","צריכה","06/02/2024","00:00",0.052,0
"503-00000000","צריכה","06/02/2024","00:15",0.058,0
"503-00000000","צריכה","06/02/2024","00:30",0.048,0
"503-00000000","צריכה","06/02/2024","00:45",0.049,0
"503-00000000","צריכה","06/02/2024","01:00",0.052,0
"503-00000000","צריכה","06/02/2024","01:15",0.056,0
"503-00000000","צריכה","06/02/2024","01:30",0.061,0
"503-00000000","צריכה","06/02/2024","01:45",0.039,0
"503-00000000","צריכה","06/02/2024","02:00",0.062,0
"503-00000000","צריכה","06/02/2024","02:15",0.045,0
"503-00000000","צריכה","06/02/2024","02:30",0.053,0
"503-00000000","צריכה","06/02/2024","02:45",0.059,0
"503-00000000","צריכה","06/02/2024","03:00",0.053,0
"503-00000000","צריכה","06/02/2024","03:15",0.042,0
"503-00000000","צריכה","06/02/2024","03:30",0.059,0
"503-00000000","צריכה","06/02/2024","03:45",0.048,0
"503-00000000","צריכה","06/02/2024","04:00",0.040,0
"503-00000000","צריכה","06/02/2024","04:15",0.050,0
"503-00000000","צריכה","06/02/2024","04:30",0.043,0
"503-00000000","צריכה","06/02/2024","04:45",0.045,0
"503-00000000","צריכה","06/02/2024","05:00",0.038,0
"503-00000000","צריכה","06/02/2024","05:15",0.048,0
"503-00000000","צריכה","06/02/2024","05:30",0.051,0
"503-00000000","צריכה","06/02/2024","05:45",0.042,0
"503-00000000","צריכה","06/02/2024","06:00",0.082,0
"503-00000000","צריכה","06/02/2024","06:15",0.082,0
"503-00000000","צריכה","06/02/2024","06:30",0.099,0
"503-00000000","צריכה","06/02/2024","06:45",0.112,0
"503-00000000","צריכה","06/02/2024","07:00",0.120,0
"503-00000000","צריכה","06/02/2024","07:15",0.115,0
"503-00000000","צריכה","06/02/2024","07:30",0.119,0
"503-00000000","צריכה","06/02/2024","07:45",0.094,0
"503-00000000","צריכה","06/02/2024","08:00",0.122,0
"503-00000000","צריכה","06/02/2024","08:15",0.116,0
"503-00000000","צריכה","06/02/2024","08:30",0.077,0
"503-00000000","צריכה","06/02/2024","08:45",0.111,0
"503-00000000","צריכה","06/02/2024","09:00",0.079,0
"503-00000000","צריכה","06/02/2024","09:15",0.078,0
"503-00000000","צריכה","06/02/2024","09:30",0.053,0
"503-00000000","צריכה","06/02/2024","09:45",0.052,0
"503-00000000","צריכה","06/02/2024","10:00",0.054,0
"503-00000000","צריכה","06/02/2024","10:15",0.074,0
"503-00000000","צריכה","06/02/2024","10:30",0.077,0
"503-00000000","צריכה","06/02/2024","10:45",0.068,0
"503-00000000","צריכה","06/02/2024","11:00",0.053,0
"503-00000000","צריכה","06/02/2024","11:15",0.071,0
"503-00000000","צריכה","06/02/2024","11:30",0.066,0
"503-00000000","צריכה","06/02/2024","11:45",0.079,0
"503-00000000","צריכה","06/02/2024","12:00",0.055,0
"503-00000000","צריכה","06/02/2024","12:15",0.051,0
"503-00000000","צריכה","06/02/2024","12:30",0.078,0
"503-00000000","צריכה","06/02/2024","12:45",0.054,0
"503-00000000","צריכה","06/02/2024","13:00",0.051,0
"503-00000000","צריכה","06/02/2024","13:15",0.059,0
"503-00000000","צריכה","06/02/2024","13:30",0.060,0
"503-00000000","צריכה","06/02/2024","13:45",0.055,0
"503-00000000","צריכה","06/02/2024","14:00",0.080,0
"503-00000000","צריכה","06/02/2024","14:15",0.056,0
"503-00000000","צריכה","06/02/2024","14:30",0.084,0
"503-00000000","צריכה","06/02/2024","14:45",0.068,0
"503-00000000","צריכה","06/02/2024","15:00",0.080,0
"503-00000000","צריכה","06/02/2024","15:15",0.067,0
"503-00000000","צריכה","06/02/2024","15:30",0.076,0
"503-00000000","צריכה","06/02/2024","15:45",0.074,0
"503-00000000","צריכה","06/02/2024","16:00",0.075,0
"503-00000000","צריכה","06/02/2024","16:15",0.075,0
"503-00000000","צריכה","06/02/2024","16:30",0.071,0
"503-00000000","צריכה","06/02/2024","16:45",0.070,0
"503-00000000","צריכה","06/02/2024","17:00",0.214,0
"503-00000000","צריכה","06/02/2024","17:15",0.207,0
"503-00000000","צריכה","06/02/2024","17:30",0.197,0
"503-00000000","צריכה","06/02/2024","17:45",0.197,0
"503-00000000","צריכה","06/02/2024","18:00",0.240,0
"503-00000000","צריכה","06/02/2024","18:15",0.188,0
"503-00000000","צריכה","06/02/2024","18:30",0.279,0
"503-00000000","צריכה","06/02/2024","18:45",0.285,0
"503-00000000","צריכה","06/02/2024","19:00",0.233,0
"503-00000000","צריכה","06/02/2024","19:15",0.223,0
"503-00000000","צריכה","06/02/2024","19:30",0.221,0
"503-00000000","צריכה","06/02/2024","19:45",0.235,0
"503-00000000","צריכה","06/02/2024","20:00",0.236,0
"503-00000000","צריכה","06/02/2024","20:15",0.249,0
"503-00000000","צריכה","06/02/2024","20:30",0.209,0
"503-00000000","צריכה","06/02/2024","20:45",0.284,0
"503-00000000","צריכה","06/02/2024","21:00",0.277,0
"503-00000000","צריכה","06/02/2024","21:15",0.222,0
"503-00000000","צריכה","06/02/2024","21:30",0.264,0
"503-00000000","צריכה","06/02/2024","21:45",0.232,0
"503-00000000","צריכה","06/02/2024","22:00",0.187,0
"503-00000000","צריכה","06/02/2024","22:15",0.253,0
"503-00000000","צריכה","06/02/2024","22:30",0.244,0
"503-00000000","צריכה","06/02/2024","22:45",0.232,0
"503-00000000","צריכה","06/02/2024","23:00",0.046,0
"503-00000000","צריכה","06/02/2024","23:15",0.056,0
"503-00000000","צריכה","06/02/2024","23:30",0.054,0
"503-00000000","צריכה","06/02/2024","23:45",0.058,0
"503-00000000","צריכה","07/02/2024","00:00",0.038,0
"503-00000000","צריכה","07/02/2024","00:15",0.056,0
"503-00000000","צריכה","07/02/2024","00:30",0.046,0
"503-00000000","צריכה","07/02/2024","00:45",0.045,0
"503-00000000","צריכה","07/02/2024","01:00",0.062,0
"503-00000000","צריכה","07/02/2024","01:15",0.057,0
"503-00000000","צריכה","07/02/2024","01:30",0.047,0
"503-00000000","צריכה","07/02/2024","01:45",0.058,0
"503-00000000","צריכה","07/02/2024","02:00",0.052,0
"503-00000000","צריכה","07/02/2024","02:15",0.061,0
"503-00000000","צריכה","07/02/2024","02:30",0.048,0
"503-00000000","צריכה","07/02/2024","02:45",0.038,0
"503-00000000","צריכה","07/02/2024","03:00",0.053,0
"503-00000000","צריכה","07/02/2024","03:15",0.052,0
"503-00000000","צריכה","07/02/2024","03:30",0.053,0
"503-00000000","צריכה","07/02/2024","03:45",0.053,0
"503-00000000","צריכה","07/02/2024","04:00",0.048,0
"503-00000000","צריכה","07/02/2024","04:15",0.054,0
"503-00000000","צריכה","07/02/2024","04:30",0.054,0
"503-00000000","צריכה","07/02/2024","04:45",0.039,0
"503-00000000","צריכה","07/02/2024","05:00",0.051,0
"503-00000000","צריכה","07/02/2024","05:15",0.048,0
"503-00000000","צריכה","07/02/2024","05:30",0.060,0
"503-00000000","צריכה","07/02/2024","05:45",0.056,0
"503-00000000","צריכה","07/02/2024","06:00",0.115,0
"503-00000000","צריכה","07/02/2024","06:15",0.085,0
"503-00000000","צריכה","07/02/2024","06:30",0.102,0
"503-00000000","צריכה","07/02/2024","06:45",0.095,0
"503-00000000","צריכה","07/02/2024","07:00",0.084,0
"503-00000000","צריכה","07/02/2024","07:15",0.110,0
"503-00000000","צריכה","07/02/2024","07:30",0.089,0
"503-00000000","צריכה","07/02/2024","07:45",0.100,0
"503-00000000","צריכה","07/02/2024","08:00",0.114,0
"503-00000000","צריכה","07/02/2024","08:15",0.123,0
"503-00000000","צריכה","07/02/2024","08:30",0.085,0
"503-00000000","צריכה","07/02/2024","08:45",0.113,0
"503-00000000","צריכה","07/02/2024","09:00",0.070,0
"503-00000000","צריכה","07/02/2024","09:15",0.084,0
"503-00000000","צריכה","07/02/2024","09:30",0.057,0
"503-00000000","צריכה","07/02/2024","09:45",0.079,0
"503-00000000","צריכה","07/02/2024","10:00",0.054,0
"503-00000000","צריכה","07/02/2024","10:15",0.055,0
"503-00000000","צריכה","07/02/2024","10:30",0.057,0
"503-00000000","צריכה","07/02/2024","10:45",0.070,0
"503-00000000","צריכה","07/02/2024","11:00",0.061,0
"503-00000000","צריכה","07/02/2024","11:15",0.071,0
"503-00000000","צריכה","07/02/2024","11:30",0.081,0
"503-00000000","צריכה","07/02/2024","11:45",0.080,0
"503-00000000","צריכה","07/02/2024","12:00",0.057,0
"503-00000000","צריכה","07/02/2024","12:15",0.077,0
"503-00000000","צריכה","07/02/2024","12:30",0.081,0
"503-00000000","צריכה","07/02/2024","12:45",0.065,0
"503-00000000","צריכה","07/02/2024","13:00",0.052,0
"503-00000000","צריכה","07/02/2024","13:15",0.058,0
"503-00000000","צריכה","07/02/2024","13:30",0.060,0
"503-00000000","צריכה","07/02/2024","13:45",0.071,0
"503-00000000","צריכה","07/02/2024","14:00",0.083,0
"503-00000000","צריכה","07/02/2024","14:15",0.078,0
"503-00000000","צריכה","07/02/2024","14:30",0.084,0
"503-00000000","צריכה","07/02/2024","14:45",0.055,0
"503-00000000","צריכה","07/02/2024","15:00",0.057,0
"503-00000000","צריכה","07/02/2024","15:15",0.063,0
"503-00000000","צריכה","07/02/2024","15:30",0.060,0
"503-00000000","צריכה","07/02/2024","15:45",0.072,0
"503-00000000","צריכה","07/02/2024","16:00",0.056,0
"503-00000000","צריכה","07/02/2024","16:15",0.080,0
"503-00000000","צריכה","07/02/2024","16:30",0.068,0
"503-00000000","צריכה","07/02/2024","16:45",0.052,0
"503-00000000","צריכה","07/02/2024","17:00",0.214,0
"503-00000000","צריכה","07/02/2024","17:15",0.184,0
"503-00000000","צריכה","07/02/2024","17:30",0.209,0
"503-00000000","צריכה","07/02/2024","17:45",0.268,0
"503-00000000","צריכה","07/02/2024","18:00",0.240,0
"503-00000000","צריכה","07/02/2024","18:15",0.272,0
"503-00000000","צריכה","07/02/2024","18:30",0.183,0
"503-00000000","צריכה","07/02/2024","18:45",0.223,0
"503-00000000","צריכה","07/02/2024","19:00",0.283,0
"503-00000000","צריכה","07/02/2024","19:15",0.202,0
"503-00000000","צריכה","07/02/2024","19:30",0.191,0
"503-00000000","צריכה","07/02/2024","19:45",0.231,0
"503-00000000","צריכה","07/02/2024","20:00",0.201,0
"503-00000000","צריכה","07/02/2024","20:15",0.223,0
"503-00000000","צריכה","07/02/2024","20:30",0.226,0
"503-00000000","צריכה","07/02/2024","20:45",0.281,0
"503-00000000","צריכה","07/02/2024","21:00",0.296,0
"503-00000000","צריכה","07/02/2024","21:15",0.225,0
"503-00000000","צריכה","07/02/2024","21:30",0.268,0
"503-00000000","צריכה","07/02/2024","21:45",0.180,0
"503-00000000","צריכה","07/02/2024","22:00",0.248,0
"503-00000000","צריכה","07/02/2024","22:15",0.200,0
"503-00000000","צריכה","07/02/2024","22:30",0.260,0
"503-00000000","צריכה","07/02/2024","22:45",0.285,0
"503-00000000","צריכה","07/02/2024","23:00",0.061,0
"503-00000000","צריכה","07/02/2024","23:15",0.061,0
"503-00000000","צריכה","07/02/2024","23:30",0.053,0
"503-00000000","צריכה","07/02/2024","23:45",0.052,0
"503-00000000","צריכה","08/02/2024","00:00",0.060,0
"503-00000000","צריכה","08/02/2024","00:15",0.053,0
"503-00000000","צריכה","08/02/2024","00:30",0.041,0
"503-00000000","צריכה","08/02/2024","00:45",0.048,0
"503-00000000","צריכה","08/02/2024","01:00",0.058,0
"503-00000000","צריכה","08/02/2024","01:15",0.039,0
"503-00000000","צריכה","08/02/2024","01:30",0.061,0
"503-00000000","צריכה","08/02/2024","01:45",0.040,0
"503-00000000","צריכה","08/02/2024","02:00",0.062,0
"503-00000000","צריכה","08/02/2024","02:15",0.041,0
"503-00000000","צריכה","08/02/2024","02:30",0.043,0
"503-00000000","צריכה","08/02/2024","02:45",0.045,0
"503-00000000","צריכה","08/02/2024","03:00",0.052,0
"503-00000000","צריכה","08/02/2024","03:15",0.044,0
"503-00000000","צריכה","08/02/2024","03:30",0.045,0
"503-00000000","צריכה","08/02/2024","03:45",0.060,0
"503-00000000","צריכה","08/02/2024","04:00",0.048,0
"503-00000000","צריכה","08/02/2024","04:15",0.061,0
"503-00000000","צריכה","08/02/2024","04:30",0.054,0
"503-00000000","צריכה","08/02/2024","04:45",0.058,0
"503-00000000","צריכה","08/02/2024","05:00",0.044,0
"503-00000000","צריכה","08/02/2024","05:15",0.046,0
"503-00000000","צריכה","08/02/2024","05:30",0.041,0
"503-00000000","צריכה","08/02/2024","05:45",0.060,0
"503-00000000","צריכה","08/02/2024","06:00",0.109,0
"503-00000000","צריכה","08/02/2024","06:15",0.096,0
"503-00000000","צריכה","08/02/2024","06:30",0.120,0
"503-00000000","צריכה","08/02/2024","06:45",0.116,0
"503-00000000","צריכה","08/02/2024","07:00",0.114,0
"503-00000000","צריכה","08/02/2024","07:15",0.093,0
"503-00000000","צריכה","08/02/2024","07:30",0.114,0
"503-00000000","צריכה","08/02/2024","07:45",0.082,0
"503-00000000","צריכה","08/02/2024","08:00",0.124,0
"503-00000000","צריכה","08/02/2024","08:15",0.114,0
"503-00000000","צריכה","08/02/2024","08:30",0.102,0
"503-00000000","צריכה","08/02/2024","08:45",0.087,0
"503-00000000","צריכה","08/02/2024","09:00",0.067,0
"503-00000000","צריכה","08/02/2024","09:15",0.077,0
"503-00000000","צריכה","08/02/2024","09:30",0.075,0
"503-00000000","צריכה","08/02/2024","09:45",0.068,0
"503-00000000","צריכה","08/02/2024","10:00",0.079,0
"503-00000000","צריכה","08/02/2024","10:15",0.073,0
"503-00000000","צריכה","08/02/2024","10:30",0.075,0
"503-00000000","צריכה","08/02/2024","10:45",0.053,0
"503-00000000","צריכה","08/02/2024","11:00",0.075,0
"503-00000000","צריכה","08/02/2024","11:15",0.073,0
"503-00000000","צריכה","08/02/2024","11:30",0.053,0
"503-00000000","צריכה","08/02/2024","11:45",0.077,0
"503-00000000","צריכה","08/02/2024","12:00",0.060,0
"503-00000000","צריכה","08/02/2024","12:15",0.073,0
"503-00000000","צריכה","08/02/2024","12:30",0.060,0
"503-00000000","צריכה","08/02/2024","12:45",0.053,0
"503-00000000","צריכה","08/02/2024","13:00",0.052,0
"503-00000000","צריכה","08/02/2024","13:15",0.059,0
"503-00000000","צריכה","08/02/2024","13:30",0.056,0
"503-00000000","צריכה","08/02/2024","13:45",0.056,0
"503-00000000","צריכה","08/02/2024","14:00",0.079,0
"503-00000000","צריכה","08/02/2024","14:15",0.067,0
"503-00000000","צריכה","08/02/2024","14:30",0.056,0
"503-00000000","צריכה","08/02/2024","14:45",0.083,0
"503-00000000","צריכה","08/02/2024","15:00",0.058,0
"503-00000000","צריכה","08/02/2024","15:15",0.057,0
"503-00000000","צריכה","08/02/2024","15:30",0.069,0
"503-00000000","צריכה","08/02/2024","15:45",0.065,0
"503-00000000","צריכה","08/02/2024","16:00",0.075,0
"503-00000000","צריכה","08/02/2024","16:15",0.070,0
"503-00000000","צריכה","08/02/2024","16:30",0.076,0
"503-00000000","צריכה","08/02/2024","16:45",0.070,0
"503-00000000","צריכה","08/02/2024","17:00",0.250,0
"503-00000000","צריכה","08/02/2024","17:15",0.192,0
"503-00000000","צריכה","08/02/2024","17:30",0.269,0
"503-00000000","צריכה","08/02/2024","17:45",0.200,0
"503-00000000","צריכה","08/02/2024","18:00",0.213,0
"503-00000000","צריכה","08/02/2024","18:15",0.267,0
"503-00000000","צריכה","08/02/2024","18:30",0.264,0
"503-00000000","צריכה","08/02/2024","18:45",0.265,0
"503-00000000","צריכה","08/02/2024","19:00",0.179,0
"503-00000000","צריכה","08/02/2024","19:15",0.210,0
"503-00000000","צריכה","08/02/2024","19:30",0.248,0
"503-00000000","צריכה","08/02/2024","19:45",0.264,0
"503-00000000","צריכה","08/02/2024","20:00",0.250,0
"503-00000000","צריכה","08/02/2024","20:15",0.226,0
"503-00000000","צריכה","08/02/2024","20:30",0.270,0
"503-00000000","צריכה","08/02/2024","20:45",0.210,0
"503-00000000","צריכה","08/02/2024","21:00",0.240,0
"503-00000000","צריכה","08/02/2024","21:15",0.276,0
"503-00000000","צריכה","08/02/2024","21:30",0.217,0
"503-00000000","צריכה","08/02/2024","21:45",0.296,0
"503-00000000","צריכה","08/02/2024","22:00",0.247,0
"503-00000000","צריכה","08/02/2024","22:15",0.275,0
"503-00000000","צריכה","08/02/2024","22:30",0.206,0
"503-00000000","צריכה","08/02/2024","22:45",0.281,0
"503-00000000","צריכה","08/02/2024","23:00",0.043,0
"503-00000000","צריכה","08/02/2024","23:15",0.057,0
"503-00000000","צריכה","08/02/2024","23:30",0.048,0
"503-00000000","צריכה","08/02/2024","23:45",0.050,0
"503-00000000","צריכה","09/02/2024","00:00",0.049,0
"503-00000000","צריכה","09/02/2024","00:15",0.041,0
"503-00000000","צריכה","09/02/2024","00:30",0.046,0
"503-00000000","צריכה","09/02/2024","00:45",0.040,0
"503-00000000","צריכה","09/02/2024","01:00",0.040,0
"503-00000000","צריכה","09/02/2024","01:15",0.056,0
"503-00000000","צריכה","09/02/2024","01:30",0.059,0
"503-00000000","צריכה","09/02/2024","01:45",0.047,0
"503-00000000","צריכה","09/02/2024","02:00",0.061,0
"503-00000000","צריכה","09/02/2024","02:15",0.042,0
"503-00000000","צריכה","09/02/2024","02:30",0.048,0
"503-00000000","צריכה","09/02/2024","02:45",0.042,0
"503-00000000","צריכה","09/02/2024","03:00",0.047,0
"503-00000000","צריכה","09/02/2024","03:15",0.052,0
"503-00000000","צריכה","09/02/2024","03:30",0.044,0
"503-00000000","צריכה","09/02/2024","03:45",0.045,0
"503-00000000","צריכה","09/02/2024","04:00",0.052,0
"503-00000000","צריכה","09/02/2024","04:15",0.047,0
"503-00000000","צריכה","09/02/2024","04:30",0.062,0
"503-00000000","צריכה","09/02/2024","04:45",0.040,0
"503-00000000","צריכה","09/02/2024","05:00",0.042,0
"503-00000000","צריכה","09/02/2024","05:15",0.039,0
"503-00000000","צריכה","09/02/2024","05:30",0.043,0
"503-00000000","צריכה","09/02/2024","05:45",0.062,0
"503-00000000","צריכה","09/02/2024","06:00",0.112,0
"503-00000000","צריכה","09/02/2024","06:15",0.080,0
"503-00000000","צריכה","09/02/2024","06:30",0.076,0
"503-00000000","צריכה","09/02/2024","06:45",0.123,0
"503-00000000","צריכה","09/02/2024","07:00",0.082,0
"503-00000000","צריכה","09/02/2024","07:15",0.119,0
"503-00000000","צריכה","09/02/2024","07:30",0.107,0
"503-00000000","צריכה","09/02/2024","07:45",0.111,0
"503-00000000","צריכה","09/02/2024","08:00",0.079,0
"503-00000000","צריכה","09/02/2024","08:15",0.086,0
"503-00000000","צריכה","09/02/2024","08:30",0.123,0
"503-00000000","צריכה","09/02/2024","08:45",0.076,0
"503-00000000","צריכה","09/02/2024","09:00",0.093,0
"503-00000000","צריכה","09/02/2024","09:15",0.135,0
"503-00000000","צריכה","09/02/2024","09:30",0.098,0
"503-00000000","צריכה","09/02/2024","09:45",0.147,0
"503-00000000","צריכה","09/02/2024","10:00",0.096,0
"503-00000000","צריכה","09/02/2024","10:15",0.091,0
"503-00000000","צריכה","09/02/2024","10:30",0.107,0
"503-00000000","צריכה","09/02/2024","10:45",0.102,0
"503-00000000","צריכה","09/02/2024","11:00",0.093,0
"503-00000000","צריכה","09/02/2024","11:15",0.140,0
"503-00000000","צריכה","09/02/2024","11:30",0.133,0
"503-00000000","צריכה","09/02/2024","11:45",0.104,0
"503-00000000","צריכה","09/02/2024","12:00",0.099,0
"503-00000000","צריכה","09/02/2024","12:15",0.089,0
"503-00000000","צריכה","09/02/2024","12:30",0.097,0
"503-00000000","צריכה","09/02/2024","12:45",0.109,0
"503-00000000","צריכה","09/02/2024","13:00",0.128,0
"503-00000000","צריכה","09/02/2024","13:15",0.139,0
"503-00000000","צריכה","09/02/2024","13:30",0.105,0
"503-00000000","צריכה","09/02/2024","13:45",0.131,0
"503-00000000","צריכה","09/02/2024","14:00",0.144,0
"503-00000000","צריכה","09/02/2024","14:15",0.124,0
"503-00000000","צריכה","09/02/2024","14:30",0.123,0
"503-00000000","צריכה","09/02/2024","14:45",0.091,0
"503-00000000","צריכה","09/02/2024","15:00",0.116,0
"503-00000000","צריכה","09/02/2024","15:15",0.146,0
"503-00000000","צריכה","09/02/2024","15:30",0.122,0
"503-00000000","צריכה","09/02/2024","15:45",0.135,0
"503-00000000","צריכה","09/02/2024","16:00",0.140,0
"503-00000000","צריכה","09/02/2024","16:15",0.133,0
"503-00000000","צריכה","09/02/2024","16:30",0.138,0
"503-00000000","צריכה","09/02/2024","16:45",0.093,0
"503-00000000","צריכה","09/02/2024","17:00",0.192,0
"503-00000000","צריכה","09/02/2024","17:15",0.226,0
"503-00000000","צריכה","09/02/2024","17:30",0.239,0
"503-00000000","צריכה","09/02/2024","17:45",0.217,0
"503-00000000","צריכה","09/02/2024","18:00",0.264,0
"503-00000000","צריכה","09/02/2024","18:15",0.289,0
"503-00000000","צריכה","09/02/2024","18:30",0.275,0
"503-00000000","צריכה","09/02/2024","18:45",0.242,0
"503-00000000","צריכה","09/02/2024","19:00",0.250,0
"503-00000000","צריכה","09/02/2024","19:15",0.273,0
"503-00000000","צריכה","09/02/2024","19:30",0.193,0
"503-00000000","צריכה","09/02/2024","19:45",0.278,0
"503-00000000","צריכה","09/02/2024","20:00",0.196,0
"503-00000000","צריכה","09/02/2024","20:15",0.272,0
"503-00000000","צריכה","09/02/2024","20:30",0.245,0
"503-00000000","צריכה","09/02/2024","20:45",0.194,0
"503-00000000","צריכה","09/02/2024","21:00",0.288,0
"503-00000000","צריכה","09/02/2024","21:15",0.232,0
"503-00000000","צריכה","09/02/2024","21:30",0.209,0
"503-00000000","צריכה","09/02/2024","21:45",0.256,0
"503-00000000","צריכה","09/02/2024","22:00",0.272,0
"503-00000000","צריכה","09/02/2024","22:15",0.280,0
"503-00000000","צריכה","09/02/2024","22:30",0.248,0
"503-00000000","צריכה","09/02/2024","22:45",0.283,0
"503-00000000","צריכה","09/02/2024","23:00",0.055,0
"503-00000000","צריכה","09/02/2024","23:15",0.038,0
"503-00000000","צריכה","09/02/2024","23:30",0.048,0
"503-00000000","צריכה","09/02/2024","23:45",0.062,0
"503-00000000","צריכה","10/02/2024","00:00",0.058,0
"503-00000000","צריכה","10/02/2024","00:15",0.057,0
"503-00000000","צריכה","10/02/2024","00:30",0.044,0
"503-00000000","צריכה","10/02/2024","00:45",0.060,0
"503-00000000","צריכה","10/02/2024","01:00",0.049,0
"503-00000000","צריכה","10/02/2024","01:15",0.051,0
"503-00000000","צריכה","10/02/2024","01:30",0.058,0
"503-00000000","צריכה","10/02/2024","01:45",0.062,0
"503-00000000","צריכה","10/02/2024","02:00",0.056,0
"503-00000000","צריכה","10/02/2024","02:15",0.050,0
"503-00000000","צריכה","10/02/2024","02:30",0.049,0
"503-00000000","צריכה","10/02/2024","02:45",0.061,0
"503-00000000","צריכה","10/02/2024","03:00",0.044,0
"503-00000000","צריכה","10/02/2024","03:15",0.043,0
"503-00000000","צריכה","10/02/2024","03:30",0.053,0
"503-00000000","צריכה","10/02/2024","03:45",0.049,0
"503-00000000","צריכה","10/02/2024","04:00",0.040,0
"503-00000000","צריכה","10/02/2024","04:15",0.060,0
"503-00000000","צריכה","10/02/2024","04:30",0.056,0
"503-00000000","צריכה","10/02/2024","04:45",0.058,0
"503-00000000","צריכה","10/02/2024","05:00",0.043,0
"503-00000000","צריכה","10/02/2024","05:15",0.045,0
"503-00000000","צריכה","10/02/2024","05:30",0.054,0
"503-00000000","צריכה","10/02/2024","05:45",0.038,0
"503-00000000","צריכה","10/02/2024","06:00",0.089,0
"503-00000000","צריכה","10/02/2024","06:15",0.118,0
"503-00000000","צריכה","10/02/2024","06:30",0.116,0
"503-00000000","צריכה","10/02/2024","06:45",0.101,0
"503-00000000","צריכה","10/02/2024","07:00",0.118,0
"503-00000000","צריכה","10/02/2024","07:15",0.105,0
"503-00000000","צריכה","10/02/2024","07:30",0.088,0
"503-00000000","צריכה","10/02/2024","07:45",0.100,0
"503-00000000","צריכה","10/02/2024","08:00",0.109,0
"503-00000000","צריכה","10/02/2024","08:15",0.105,0
"503-00000000","צריכה","10/02/2024","08:30",0.081,0
"503-00000000","צריכה","10/02/2024","08:45",0.103,0
"503-00000000","צריכה","10/02/2024","09:00",0.093,0
"503-00000000","צריכה","10/02/2024","09:15",0.130,0
"503-00000000","צריכה","10/02/2024","09:30",0.140,0
"503-00000000","צריכה","10/02/2024","09:45",0.132,0
"503-00000000","צריכה","10/02/2024","10:00",0.107,0
"503-00000000","צריכה","10/02/2024","10:15",0.118,0
"503-00000000","צריכה","10/02/2024","10:30",0.131,0
"503-00000000","צריכה","10/02/2024","10:45",0.109,0
"503-00000000","צריכה","10/02/2024","11:00",0.104,0
"503-00000000","צריכה","10/02/2024","11:15",0.143,0
"503-00000000","צריכה","10/02/2024","11:30",0.134,0
"503-00000000","צריכה","10/02/2024","11:45",0.103,0
"503-00000000","צריכה","10/02/2024","12:00",0.093,0
"503-00000000","צריכה","10/02/2024","12:15",0.138,0
"503-00000000","צריכה","10/02/2024","12:30",0.107,0
"503-00000000","צריכה","10/02/2024","12:45",0.144,0
"503-00000000","צריכה","10/02/2024","13:00",0.103,0
"503-00000000","צריכה","10/02/2024","13:15",0.109,0
"503-00000000","צריכה","10/02/2024","13:30",0.132,0
"503-00000000","צריכה","10/02/2024","13:45",0.142,0
"503-00000000","צריכה","10/02/2024","14:00",0.125,0
"503-00000000","צריכה","10/02/2024","14:15",0.130,0
"503-00000000","צריכה","10/02/2024","14:30",0.114,0
"503-00000000","צריכה","10/02/2024","14:45",0.145,0
"503-00000000","צריכה","10/02/2024","15:00",0.089,0
"503-00000000","צריכה","10/02/2024","15:15",0.122,0
"503-00000000","צריכה","10/02/2024","15:30",0.092,0
"503-00000000","צריכה","10/02/2024","15:45",0.122,0
"503-00000000","צריכה","10/02/2024","16:00",0.105,0
"503-00000000","צריכה","10/02/2024","16:15",0.108,0
"503-00000000","צריכה","10/02/2024","16:30",0.131,0
"503-00000000","צריכה","10/02/2024","16:45",0.112,0
"503-00000000","צריכה","10/02/2024","17:00",0.220,0
"503-00000000","צריכה","10/02/2024","17:15",0.191,0
"503-00000000","צריכה","10/02/2024","17:30",0.230,0
"503-00000000","צריכה","10/02/2024","17:45",0.279,0
"503-00000000","צריכה","10/02/2024","18:00",0.228,0
"503-00000000","צריכה","10/02/2024","18:15",0.217,0
"503-00000000","צריכה","10/02/2024","18:30",0.284,0
"503-00000000","צריכה","10/02/2024","18:45",0.279,0
"503-00000000","צריכה","10/02/2024","19:00",0.276,0
"503-00000000","צריכה","10/02/2024","19:15",0.216,0
"503-00000000","צריכה","10/02/2024","19:30",0.288,0
"503-00000000","צריכה","10/02/2024","19:45",0.221,0
"503-00000000","צריכה","10/02/2024","20:00",0.267,0
"503-00000000","צריכה","10/02/2024","20:15",0.265,0
"503-00000000","צריכה","10/02/2024","20:30",0.224,0
"503-00000000","צריכה","10/02/2024","20:45",0.232,0
"503-00000000","צריכה","10/02/2024","21:00",0.263,0
"503-00000000","צריכה","10/02/2024","21:15",0.217,0
"503-00000000","צריכה","10/02/2024","21:30",0.207,0
"503-00000000","צריכה","10/02/2024","21:45",0.249,0
"503-00000000","צריכה","10/02/2024","22:00",0.243,0
"503-00000000","צריכה","10/02/2024","22:15",0.263,0
"503-00000000","צריכה","10/02/2024","22:30",0.252,0
"503-00000000","צריכה","10/02/2024","22:45",0.223,0
"503-00000000","צריכה","10/02/2024","23:00",0.060,0
"503-00000000","צריכה","10/02/2024","23:15",0.060,0
"503-00000000","צריכה","10/02/2024","23:30",0.061,0
"503-00000000","צריכה","10/02/2024","23:45",0.044,0
"503-00000000","צריכה","11/02/2024","00:00",0.059,0
"503-00000000","צריכה","11/02/2024","00:15",0.054,0
"503-00000000","צריכה","11/02/2024","00:30",0.050,0
"503-00000000","צריכה","11/02/2024","00:45",0.058,0
"503-00000000","צריכה","11/02/2024","01:00",0.050,0
"503-00000000","צריכה","11/02/2024","01:15",0.053,0
"503-00000000","צריכה","11/02/2024","01:30",0.042,0
"503-00000000","צריכה","11/02/2024","01:45",0.058,0
"503-00000000","צריכה","11/02/2024","02:00",0.040,0
"503-00000000","צריכה","11/02/2024","02:15",0.056,0
"503-00000000","צריכה","11/02/2024","02:30",0.062,0
"503-00000000","צריכה","11/02/2024","02:45",0.054,0
"503-00000000","צריכה","11/02/2024","03:00",0.054,0
"503-00000000","צריכה","11/02/2024","03:15",0.062,0
"503-00000000","צריכה","11/02/2024","03:30",0.061,0
"503-00000000","צריכה","11/02/2024","03:45",0.044,0
"503-00000000","צריכה","11/02/2024","04:00",0.041,0
"503-00000000","צריכה","11/02/2024","04:15",0.041,0
"503-00000000","צריכה","11/02/2024","04:30",0.058,0
"503-00000000","צריכה","11/02/2024","04:45",0.043,0
"503-00000000","צריכה","11/02/2024","05:00",0.039,0
"503-00000000","צריכה","11/02/2024","05:15",0.058,0
"503-00000000","צריכה","11/02/2024","05:30",0.059,0
"503-00000000","צריכה","11/02/2024","05:45",0.040,0
"503-00000000","צריכה","11/02/2024","06:00",0.122,0
"503-00000000","צריכה","11/02/2024","06:15",0.106,0
"503-00000000","צריכה","11/02/2024","06:30",0.091,0
"503-00000000","צריכה","11/02/2024","06:45",0.122,0
"503-00000000","צריכה","11/02/2024","07:00",0.097,0
"503-00000000","צריכה","11/02/2024","07:15",0.111,0
"503-00000000","צריכה","11/02/2024","07:30",0.087,0
"503-00000000","צריכה","11/02/2024","07:45",0.100,0
"503-00000000","צריכה","11/02/2024","08:00",0.123,0
"503-00000000","צריכה","11/02/2024","08:15",0.104,0
"503-00000000","צריכה","11/02/2024","08:30",0.096,0
"503-00000000","צריכה","11/02/2024","08:45",0.096,0
"503-00000000","צריכה","11/02/2024","09:00",0.056,0
"503-00000000","צריכה","11/02/2024","09:15",0.059,0
"503-00000000","צריכה","11/02/2024","09:30",0.080,0
"503-00000000","צריכה","11/02/2024","09:45",0.057,0
"503-00000000","צריכה","11/02/2024","10:00",0.072,0
"503-00000000","צריכה","11/02/2024","10:15",0.080,0
"503-00000000","צריכה","11/02/2024","10:30",0.069,0
"503-00000000","צריכה","11/02/2024","10:45",0.075,0
"503-00000000","צריכה","11/02/2024","11:00",0.066,0
"503-00000000","צריכה","11/02/2024","11:15",0.058,0
"503-00000000","צריכה","11/02/2024","11:30",0.074,0
"503-00000000","צריכה","11/02/2024","11:45",0.084,0
"503-00000000","צריכה","11/02/2024","12:00",0.064,0
"503-00000000","צריכה","11/02/2024","12:15",0.051,0
"503-00000000","צריכה","11/02/2024","12:30",0.059,0
"503-00000000","צריכה","11/02/2024","12:45",0.056,0
"503-00000000","צריכה","11/02/2024","13:00",0.062,0
"503-00000000","צריכה","11/02/2024","13:15",0.063,0
"503-00000000","צריכה","11/02/2024","13:30",0.081,0
"503-00000000","צריכה","11/02/2024","13:45",0.060,0
"503-00000000","צריכה","11/02/2024","14:00",0.063,0
"503-00000000","צריכה","11/02/2024","14:15",0.067,0
"503-00000000","צריכה","11/02/2024","14:30",0.063,0
"503-00000000","צריכה","11/02/2024","14:45",0.065,0
"503-00000000","צריכה","11/02/2024","15:00",0.082,0
"503-00000000","צריכה","11/02/2024","15:15",0.060,0
"503-00000000","צריכה","11/02/2024","15:30",0.082,0
"503-00000000","צריכה","11/02/2024","15:45",0.054,0
"503-00000000","צריכה","11/02/2024","16:00",0.070,0
"503-00000000","צריכה","11/02/2024","16:15",0.065,0
"503-00000000","צריכה","11/02/2024","16:30",0.057,0
"503-00000000","צריכה","11/02/2024","16:45",0.078,0
"503-00000000","צריכה","11/02/2024","17:00",0.203,0
"503-00000000","צריכה","11/02/2024","17:15",0.225,0
"503-00000000","צריכה","11/02/2024","17:30",0.283,0
"503-00000000","צריכה","11/02/2024","17:45",0.206,0
"503-00000000","צריכה","11/02/2024","18:00",0.220,0
"503-00000000","צריכה","11/02/2024","18:15",0.282,0
"503-00000000","צריכה","11/02/2024","18:30",0.224,0
"503-00000000","צריכה","11/02/2024","18:45",0.183,0
"503-00000000","צריכה","11/02/2024","19:00",0.196,0
"503-00000000","צריכה","11/02/2024","19:15",0.218,0
"503-00000000","צריכה","11/02/2024","19:30",0.205,0
"503-00000000","צריכה","11/02/2024","19:45",0.242,0
"503-00000000","צריכה","11/02/2024","20:00",0.199,0
"503-00000000","צריכה","11/02/2024","20:15",0.220,0
"503-00000000","צריכה","11/02/2024","20:30",0.189,0
"503-00000000","צריכה","11/02/2024","20:45",0.228,0
"503-00000000","צריכה","11/02/2024","21:00",0.294,0
"503-00000000","צריכה","11/02/2024","21:15",0.276,0
"503-00000000","צריכה","11/02/2024","21:30",0.208,0
"503-00000000","צריכה","11/02/2024","21:45",0.236,0
"503-00000000","צריכה","11/02/2024","22:00",0.257,0
"503-00000000","צריכה","11/02/2024","22:15",0.186,0
"503-00000000","צריכה","11/02/2024","22:30",0.181,0
"503-00000000","צריכה","11/02/2024","22:45",0.207,0
"503-00000000","צריכה","11/02/2024","23:00",0.062,0
"503-00000000","צריכה","11/02/2024","23:15",0.055,0
"503-00000000","צריכה","11/02/2024","23:30",0.052,0
"503-00000000","צריכה","11/02/2024","23:45",0.047,0
"503-00000000","צריכה","12/02/2024","00:00",0.060,0
"503-00000000","צריכה","12/02/2024","00:15",0.050,0
"503-00000000","צריכה","12/02/2024","00:30",0.061,0
"503-00000000","צריכה","12/02/2024","00:45",0.046,0
"503-00000000","צריכה","12/02/2024","01:00",0.050,0
"503-00000000","צריכה","12/02/2024","01:15",0.051,0
"503-00000000","צריכה","12/02/2024","01:30",0.057,0
"503-00000000","צריכה","12/02/2024","01:45",0.043,0
"503-00000000","צריכה","12/02/2024","02:00",0.040,0
"503-00000000","צריכה","12/02/2024","02:15",0.057,0
"503-00000000","צריכה","12/02/2024","02:30",0.043,0
"503-00000000","צריכה","12/02/2024","02:45",0.038,0
"503-00000000","צריכה","12/02/2024","03:00",0.059,0
"503-00000000","צריכה","12/02/2024","03:15",0.056,0
"503-00000000","צריכה","12/02/2024","03:30",0.057,0
"503-00000000","צריכה","12/02/2024","03:45",0.044,0
"503-00000000","צריכה","12/02/2024","04:00",0.060,0
"503-00000000","צריכה","12/02/2024","04:15",0.053,0
"503-00000000","צריכה","12/02/2024","04:30",0.044,0
"503-00000000","צריכה","12/02/2024","04:45",0.051,0
"503-00000000","צריכה","12/02/2024","05:00",0.049,0
"503-00000000","צריכה","12/02/2024","05:15",0.039,0
"503-00000000","צריכה","12/02/2024","05:30",0.057,0
"503-00000000","צריכה","12/02/2024","05:45",0.046,0
"503-00000000","צריכה","12/02/2024","06:00",0.122,0
"503-00000000","צריכה","12/02/2024","06:15",0.084,0
"503-00000000","צריכה","12/02/2024","06:30",0.079,0
"503-00000000","צריכה","12/02/2024","06:45",0.119,0
"503-00000000","צריכה","12/02/2024","07:00",0.120,0
"503-00000000","צריכה","12/02/2024","07:15",0.107,0
"503-00000000","צריכה","12/02/2024","07:30",0.091,0
"503-00000000","צריכה","12/02/2024","07:45",0.109,0
"503-00000000","צריכה","12/02/2024","08:00",0.085,0
"503-00000000","צריכה","12/02/2024","08:15",0.075,0
"503-00000000","צריכה","12/02/2024","08:30",0.097,0
"503-00000000","צריכה","12/02/2024","08:45",0.090,0
"503-00000000","צריכה","12/02/2024","09:00",0.080,0
"503-00000000","צריכה","12/02/2024","09:15",0.058,0
"503-00000000","צריכה","12/02/2024","09:30",0.078,0
"503-00000000","צריכה","12/02/2024","09:45",0.083,0
"503-00000000","צריכה","12/02/2024","10:00",0.083,0
"503-00000000","צריכה","12/02/2024","10:15",0.061,0
"503-00000000","צריכה","12/02/2024","10:30",0.080,0
"503-00000000","צריכה","12/02/2024","10:45",0.078,0
"503-00000000","צריכה","12/02/2024","11:00",0.076,0
"503-00000000","צריכה","12/02/2024","11:15",0.067,0
"503-00000000","צריכה","12/02/2024","11:30",0.079,0
"503-00000000","צריכה","12/02/2024","11:45",0.084,0
"503-00000000","צריכה","12/02/2024","12:00",0.060,0
"503-00000000","צריכה","12/02/2024","12:15",0.067,0
"503-00000000","צריכה","12/02/2024","12:30",0.057,0
"503-00000000","צריכה","12/02/2024","12:45",0.075,0
"503-00000000","צריכה","12/02/2024","13:00",0.074,0
"503-00000000","צריכה","12/02/2024","13:15",0.081,0
"503-00000000","צריכה","12/02/2024","13:30",0.077,0
"503-00000000","צריכה","12/02/2024","13:45",0.070,0
"503-00000000","צריכה","12/02/2024","14:00",0.071,0
"503-00000000","צריכה","12/02/2024","14:15",0.053,0
"503-00000000","צריכה","12/02/2024","14:30",0.059,0
"503-00000000","צריכה","12/02/2024","14:45",0.058,0
"503-00000000","צריכה","12/02/2024","15:00",0.078,0
"503-00000000","צריכה","12/02/2024","15:15",0.062,0
"503-00000000","צריכה","12/02/2024","15:30",0.056,0
"503-00000000","צריכה","12/02/2024","15:45",0.072,0
"503-00000000","צריכה","12/02/2024","16:00",0.053,0
"503-00000000","צריכה","12/02/2024","16:15",0.082,0
"503-00000000","צריכה","12/02/2024","16:30",0.072,0
"503-00000000","צריכה","12/02/2024","16:45",0.076,0
"503-00000000","צריכה","12/02/2024","17:00",0.228,0
"503-00000000","צריכה","12/02/2024","17:15",0.214,0
"503-00000000","צריכה","12/02/2024","17:30",0.205,0
"503-00000000","צריכה","12/02/2024","17:45",0.262,0
"503-00000000","צריכה","12/02/2024","18:00",0.229,0
"503-00000000","צריכה","12/02/2024","18:15",0.206,0
"503-00000000","צריכה","12/02/2024","18:30",0.209,0
"503-00000000","צריכה","12/02/2024","18:45",0.260,0
"503-00000000","צריכה","12/02/2024","19:00",0.195,0
"503-00000000","צריכה","12/02/2024","19:15",0.227,0
"503-00000000","צריכה","12/02/2024","19:30",0.261,0
"503-00000000","צריכה","12/02/2024","19:45",0.240,0
"503-00000000","צריכה","12/02/2024","20:00",0.187,0
"503-00000000","צריכה","12/02/2024","20:15",0.207,0
"503-00000000","צריכה","12/02/2024","20:30",0.190,0
"503-00000000","צריכה","12/02/2024","20:45",0.281,0
"503-00000000","צריכה","12/02/2024","21:00",0.245,0
"503-00000000","צריכה","12/02/2024","21:15",0.285,0
"503-00000000","צריכה","12/02/2024","21:30",0.235,0
"503-00000000","צריכה","12/02/2024","21:45",0.220,0
"503-00000000","צריכה","12/02/2024","22:00",0.213,0
"503-00000000","צריכה","12/02/2024","22:15",0.242,0
"503-00000000","צריכה","12/02/2024","22:30",0.201,0
"503-00000000","צריכה","12/02/2024","22:45",0.237,0
"503-00000000","צריכה","12/02/2024","23:00",0.041,0
"503-00000000","צריכה","12/02/2024","23:15",0.040,0
"503-00000000","צריכה","12/02/2024","23:30",0.059,0
"503-00000000","צריכה","12/02/2024","23:45",0.059,0
"503-00000000","צריכה","13/02/2024","00:00",0.042,0
"503-00000000","צריכה","13/02/2024","00:15",0.048,0
"503-00000000","צריכה","13/02/2024","00:30",0.042,0
"503-00000000","צריכה","13/02/2024","00:45",0.050,0
"503-00000000","צריכה","13/02/2024","01:00",0.043,0
"503-00000000","צריכה","13/02/2024","01:15",0.044,0
"503-00000000","צריכה","13/02/2024","01:30",0.055,0
"503-00000000","צריכה","13/02/2024","01:45",0.049,0
"503-00000000","צריכה","13/02/2024","02:00",0.044,0
"503-00000000","צריכה","13/02/2024","02:15",0.062,0
"503-00000000","צריכה","13/02/2024","02:30",0.057,0
"503-00000000","צריכה","13/02/2024","02:45",0.048,0
"503-00000000","צריכה","13/02/2024","03:00",0.047,0
"503-00000000","צריכה","13/02/2024","03:15",0.038,0
"503-00000000","צריכה","13/02/2024","03:30",0.056,0
"503-00000000","צריכה","13/02/2024","03:45",0.062,0
"503-00000000","צריכה","13/02/2024","04:00",0.042,0
"503-00000000","צריכה","13/02/2024","04:15",0.051,0
"503-00000000","צריכה","13/02/2024","04:30",0.044,0
"503-00000000","צריכה","13/02/2024","04:45",0.038,0
"503-00000000","צריכה","13/02/2024","05:00",0.044,0
"503-00000000","צריכה","13/02/2024","05:15",0.044,0
"503-00000000","צריכה","13/02/2024","05:30",0.041,0
"503-00000000","צריכה","13/02/2024","05:45",0.038,0
"503-00000000","צריכה","13/02/2024","06:00",0.119,0
"503-00000000","צריכה","13/02/2024","06:15",0.110,0
"503-00000000","צריכה","13/02/2024","06:30",0.101,0
"503-00000000","צריכה","13/02/2024","06:45",0.112,0
"503-00000000","צריכה","13/02/2024","07:00",0.112,0
"503-00000000","צריכה","13/02/2024","07:15",0.075,0
"503-00000000","צריכה","13/02/2024","07:30",0.107,0
"503-00000000","צריכה","13/02/2024","07:45",0.113,0
"503-00000000","צריכה","13/02/2024","08:00",0.122,0
"503-00000000","צריכה","13/02/2024","08:15",0.102,0
"503-00000000","צריכה","13/02/2024","08:30",0.120,0
"503-00000000","צריכה","13/02/2024","08:45",0.102,0
"503-00000000","צריכה","13/02/2024","09:00",0.068,0
"503-00000000","צריכה","13/02/2024","09:15",0.051,0
"503-00000000","צריכה","13/02/2024","09:30",0.055,0
"503-00000000","צריכה","13/02/2024","09:45",0.062,0
"503-00000000","צריכה","13/02/2024","10:00",0.062,0
"503-00000000","צריכה","13/02/2024","10:15",0.059,0
"503-00000000","צריכה","13/02/2024","10:30",0.077,0
"503-00000000","צריכה","13/02/2024","10:45",0.076,0
"503-00000000","צריכה","13/02/2024","11:00",0.064,0
"503-00000000","צריכה","13/02/2024","11:15",0.065,0
"503-00000000","צריכה","13/02/2024","11:30",0.075,0
"503-00000000","צריכה","13/02/2024","11:45",0.084,0
"503-00000000","צריכה","13/02/2024","12:00",0.056,0
"503-00000000","צריכה","13/02/2024","12:15",0.055,0
"503-00000000","צריכה","13/02/2024","12:30",0.052,0
"503-00000000","צריכה","13/02/2024","12:45",0.058,0
"503-00000000","צריכה","13/02/2024","13:00",0.082,0
"503-00000000","צריכה","13/02/2024","13:15",0.068,0
"503-00000000","צריכה","13/02/2024","13:30",0.079,0
"503-00000000","צריכה","13/02/2024","13:45",0.075,0
"503-00000000","צריכה","13/02/2024","14:00",0.065,0
"503-00000000","צריכה","13/02/2024","14:15",0.082,0
"503-00000000","צריכה","13/02/2024","14:30",0.080,0
"503-00000000","צריכה","13/02/2024","14:45",0.056,0
"503-00000000","צריכה","13/02/2024","15:00",0.059,0
"503-00000000","צריכה","13/02/2024","15:15",0.068,0
"503-00000000","צריכה","13/02/2024","15:30",0.064,0
"503-00000000","צריכה","13/02/2024","15:45",0.070,0
"503-00000000","צריכה","13/02/2024","16:00",0.061,0
"503-00000000","צריכה","13/02/2024","16:15",0.073,0
"503-00000000","צריכה","13/02/2024","16:30",0.062,0
"503-00000000","צריכה","13/02/2024","16:45",0.071,0
"503-00000000","צריכה","13/02/2024","17:00",0.282,0
"503-00000000","צריכה","13/02/2024","17:15",0.201,0
"503-00000000","צריכה","13/02/2024","17:30",0.287,0
"503-00000000","צריכה","13/02/2024","17:45",0.230,0
"503-00000000","צריכה","13/02/2024","18:00",0.275,0
"503-00000000","צריכה","13/02/2024","18:15",0.219,0
"503-00000000","צריכה","13/02/2024","18:30",0.281,0
"503-00000000","צריכה","13/02/2024","18:45",0.251,0
"503-00000000","צריכה","13/02/2024","19:00",0.206,0
"503-00000000","צריכה","13/02/2024","19:15",0.206,0
"503-00000000","צריכה","13/02/2024","19:30",0.264,0
"503-00000000","צריכה","13/02/2024","19:45",0.203,0
"503-00000000","צריכה","13/02/2024","20:00",0.281,0
"503-00000000","צריכה","13/02/2024","20:15",0.195,0
"503-00000000","צריכה","13/02/2024","20:30",0.192,0
"503-00000000","צריכה","13/02/2024","20:45",0.184,0
"503-00000000","צריכה","13/02/2024","21:00",0.192,0
"503-00000000","צריכה","13/02/2024","21:15",0.206,0
"503-00000000","צריכה","13/02/2024","21:30",0.265,0
"503-00000000","צריכה","13/02/2024","21:45",0.226,0
"503-00000000","צריכה","13/02/2024","22:00",0.275,0
"503-00000000","צריכה","13/02/2024","22:15",0.282,0
"503-00000000","צריכה","13/02/2024","22:30",0.228,0
"503-00000000","צריכה","13/02/2024","22:45",0.265,0
"503-00000000","צריכה","13/02/2024","23:00",0.059,0
"503-00000000","צריכה","13/02/2024","23:15",0.053,0
"503-00000000","צריכה","13/02/2024","23:30",0.038,0
"503-00000000","צריכה","13/02/2024","23:45",0.053,0
"503-00000000","צריכה","14/02/2024","00:00",0.061,0
"503-00000000","צריכה","14/02/2024","00:15",0.048,0
"503-00000000","צריכה","14/02/2024","00:30",0.056,0
"503-00000000","צריכה","14/02/2024","00:45",0.049,0
"503-00000000","צריכה","14/02/2024","01:00",0.051,0
"503-00000000","צריכה","14/02/2024","01:15",0.062,0
"503-00000000","צריכה","14/02/2024","01:30",0.042,0
"503-00000000","צריכה","14/02/2024","01:45",0.047,0
"503-00000000","צריכה","14/02/2024","02:00",0.045,0
"503-00000000","צריכה","14/02/2024","02:15",0.041,0
"503-00000000","צריכה","14/02/2024","02:30",0.056,0
"503-00000000","צריכה","14/02/2024","02:45",0.044,0
"503-00000000","צריכה","14/02/2024","03:00",0.054,0
"503-00000000","צריכה","14/02/2024","03:15",0.056,0
"503-00000000","צריכה","14/02/2024","03:30",0.041,0
"503-00000000","צריכה","14/02/2024","03:45",0.060,0
"503-00000000","צריכה","14/02/2024","04:00",0.060,0
"503-00000000","צריכה","14/02/2024","04:15",0.054,0
"503-00000000","צריכה","14/02/2024","04:30",0.041,0
"503-00000000","צריכה","14/02/2024","04:45",0.051,0
"503-00000000","צריכה","14/02/2024","05:00",0.057,0
"503-00000000","צריכה","14/02/2024","05:15",0.062,0
"503-00000000","צריכה","14/02/2024","05:30",0.058,0
"503-00000000","צריכה","14/02/2024","05:45",0.039,0
"503-00000000","צריכה","14/02/2024","06:00",0.119,0
"503-00000000","צריכה","14/02/2024","06:15",0.084,0
"503-00000000","צריכה","14/02/2024","06:30",0.112,0
"503-00000000","צריכה","14/02/2024","06:45",0.097,0
"503-00000000","צריכה","14/02/2024","07:00",0.096,0
"503-00000000","צריכה","14/02/2024","07:15",0.092,0
"503-00000000","צריכה","14/02/2024","07:30",0.103,0
"503-00000000","צריכה","14/02/2024","07:45",0.100,0
"503-00000000","צריכה","14/02/2024","08:00",0.107,0
"503-00000000","צריכה","14/02/2024","08:15",0.092,0
"503-00000000","צריכה","14/02/2024","08:30",0.096,0
"503-00000000","צריכה","14/02/2024","08:45",0.123,0
"503-00000000","צריכה","14/02/2024","09:00",0.055,0
"503-00000000","צריכה","14/02/2024","09:15",0.069,0
"503-00000000","צריכה","14/02/2024","09:30",0.075,0
"503-00000000","צריכה","14/02/2024","09:45",0.078,0
"503-00000000","צריכה","14/02/2024","10:00",0.080,0
"503-00000000","צריכה","14/02/2024","10:15",0.064,0
"503-00000000","צריכה","14/02/2024","10:30",0.059,0
"503-00000000","צריכה","14/02/2024","10:45",0.064,0
"503-00000000","צריכה","14/02/2024","11:00",0.063,0
"503-00000000","צריכה","14/02/2024","11:15",0.075,0
"503-00000000","צריכה","14/02/2024","11:30",0.078,0
"503-00000000","צריכה","14/02/2024","11:45",0.061,0
"503-00000000","צריכה","14/02/2024","12:00",0.072,0
"503-00000000","צריכה","14/02/2024","12:15",0.052,0
"503-00000000","צריכה","14/02/2024","12:30",0.076,0
"503-00000000","צריכה","14/02/2024","12:45",0.060,0
"503-00000000","צריכה","14/02/2024","13:00",0.060,0
"503-00000000","צריכה","14/02/2024","13:15",0.066,0
"503-00000000","צריכה","14/02/2024","13:30",0.052,0
"503-00000000","צריכה","14/02/2024","13:45",0.072,0
"503-00000000","צריכה","14/02/2024","14:00",0.068,0
"503-00000000","צריכה","14/02/2024","14:15",0.054,0
"503-00000000","צריכה","14/02/2024","14:30",0.061,0
"503-00000000","צריכה","14/02/2024","14:45",0.055,0
"503-00000000","צריכה","14/02/2024","15:00",0.066,0
"503-00000000","צריכה","14/02/2024","15:15",0.060,0
"503-00000000","צריכה","14/02/2024","15:30",0.083,0
"503-00000000","צריכה","14/02/2024","15:45",0.063,0
"503-00000000","צריכה","14/02/2024","16:00",0.054,0
"503-00000000","צריכה","14/02/2024","16:15",0.072,0
"503-00000000","צריכה","14/02/2024","16:30",0.081,0
"503-00000000","צריכה","14/02/2024","16:45",0.069,0
"503-00000000","צריכה","14/02/2024","17:00",0.283,0
"503-00000000","צריכה","14/02/2024","17:15",0.210,0
"503-00000000","צריכה","14/02/2024","17:30",0.278,0
"503-00000000","צריכה","14/02/2024","17:45",0.231,0
"503-00000000","צריכה","14/02/2024","18:00",0.210,0
"503-00000000","צריכה","14/02/2024","18:15",0.182,0
"503-00000000","צריכה","14/02/2024","18:30",0.260,0
"503-00000000","צריכה","14/02/2024","18:45",0.242,0
"503-00000000","צריכה","14/02/2024","19:00",0.186,0
"503-00000000","צריכה","14/02/2024","19:15",0.279,0
"503-00000000","צריכה","14/02/2024","19:30",0.255,0
"503-00000000","צריכה","14/02/2024","19:45",0.218,0
"503-00000000","צריכה","14/02/2024","20:00",0.284,0
"503-00000000","צריכה","14/02/2024","20:15",0.266,0
"503-00000000","צריכה","14/02/2024","20:30",0.206,0
"503-00000000","צריכה","14/02/2024","20:45",0.186,0
"503-00000000","צריכה","14/02/2024","21:00",0.276,0
"503-00000000","צריכה","14/02/2024","21:15",0.292,0
"503-00000000","צריכה","14/02/2024","21:30",0.259,0
"503-00000000","צריכה","14/02/2024","21:45",0.227,0
"503-00000000","צריכה","14/02/2024","22:00",0.183,0
"503-00000000","צריכה","14/02/2024","22:15",0.231,0
"503-00000000","צריכה","14/02/2024","22:30",0.205,0
"503-00000000","צריכה","14/02/2024","22:45",0.215,0
"503-00000000","צריכה","14/02/2024","23:00",0.057,0
"503-00000000","צריכה","14/02/2024","23:15",0.056,0
"503-00000000","צריכה","14/02/2024","23:30",0.061,0
"503-00000000","צריכה","14/02/2024","23:45",0.050,0
"503-00000000","צריכה","15/02/2024","00:00",0.054,0
"503-00000000","צריכה","15/02/2024","00:15",0.042,0
"503-00000000","צריכה","15/02/2024","00:30",0.061,0
"503-00000000","צריכה","15/02/2024","00:45",0.061,0
"503-00000000","צריכה","15/02/2024","01:00",0.053,0
"503-00000000","צריכה","15/02/2024","01:15",0.050,0
"503-00000000","צריכה","15/02/2024","01:30",0.038,0
"503-00000000","צריכה","15/02/2024","01:45",0.041,0
"503-00000000","צריכה","15/02/2024","02:00",0.038,0
"503-00000000","צריכה","15/02/2024","02:15",0.051,0
"503-00000000","צריכה","15/02/2024","02:30",0.039,0
"503-00000000","צריכה","15/02/2024","02:45",0.058,0
"503-00000000","צריכה","15/02/2024","03:00",0.060,0
"503-00000000","צריכה","15/02/2024","03:15",0.041,0
"503-00000000","צריכה","15/02/2024","03:30",0.056,0
"503-00000000","צריכה","15/02/2024","03:45",0.039,0
"503-00000000","צריכה","15/02/2024","04:00",0.055,0
"503-00000000","צריכה","15/02/2024","04:15",0.050,0
"503-00000000","צריכה","15/02/2024","04:30",0.041,0
"503-00000000","צריכה","15/02/2024","04:45",0.055,0
"503-00000000","צריכה","15/02/2024","05:00",0.039,0
"503-00000000","צריכה","15/02/2024","05:15",0.058,0
"503-00000000","צריכה","15/02/2024","05:30",0.039,0
"503-00000000","צריכה","15/02/2024","05:45",0.062,0
"503-00000000","צריכה","15/02/2024","06:00",0.098,0
"503-00000000","צריכה","15/02/2024","06:15",0.114,0
"503-00000000","צריכה","15/02/2024","06:30",0.086,0
"503-00000000","צריכה","15/02/2024","06:45",0.084,0
"503-00000000","צריכה","15/02/2024","07:00",0.123,0
"503-00000000","צריכה","15/02/2024","07:15",0.090,0
"503-00000000","צריכה","15/02/2024","07:30",0.101,0
"503-00000000","צריכה","15/02/2024","07:45",0.095,0
"503-00000000","צריכה","15/02/2024","08:00",0.108,0
"503-00000000","צריכה","15/02/2024","08:15",0.116,0
"503-00000000","צריכה","15/02/2024","08:30",0.117,0
"503-00000000","צריכה","15/02/2024","08:45",0.110,0
"503-00000000","צריכה","15/02/2024","09:00",0.077,0
"503-00000000","צריכה","15/02/2024","09:15",0.081,0
"503-00000000","צריכה","15/02/2024","09:30",0.073,0
"503-00000000","צריכה","15/02/2024","09:45",0.075,0
"503-00000000","צריכה","15/02/2024","10:00",0.074,0
"503-00000000","צריכה","15/02/2024","10:15",0.071,0
"503-00000000","צריכה","15/02/2024","10:30",0.072,0
"503-00000000","צריכה","15/02/2024","10:45",0.076,0
"503-00000000","צריכה","15/02/2024","11:00",0.071,0
"503-00000000","צריכה","15/02/2024","11:15",0.059,0
"503-00000000","צריכה","15/02/2024","11:30",0.065,0
"503-00000000","צריכה","15/02/2024","11:45",0.051,0
"503-00000000","צריכה","15/02/2024","12:00",0.083,0
"503-00000000","צריכה","15/02/2024","12:15",0.052,0
"503-00000000","צריכה","15/02/2024","12:30",0.064,0
"503-00000000","צריכה","15/02/2024","12:45",0.064,0
"503-00000000","צריכה","15/02/2024","13:00",0.058,0
"503-00000000","צריכה","15/02/2024","13:15",0.061,0
"503-00000000","צריכה","15/02/2024","13:30",0.062,0
"503-00000000","צריכה","15/02/2024","13:45",0.084,0
"503-00000000","צריכה","15/02/2024","14:00",0.077,0
"503-00000000","צריכה","15/02/2024","14:15",0.064,0
"503-00000000","צריכה","15/02/2024","14:30",0.072,0
"503-00000000","צריכה","15/02/2024","14:45",0.080,0
"503-00000000","צריכה","15/02/2024","15:00",0.079,0
"503-00000000","צריכה","15/02/2024","15:15",0.052,0
"503-00000000","צריכה","15/02/2024","15:30",0.061,0
"503-00000000","צריכה","15/02/2024","15:45",0.079,0
"503-00000000","צריכה","15/02/2024","16:00",0.056,0
"503-00000000","צריכה","15/02/2024","16:15",0.057,0
"503-00000000","צריכה","15/02/2024","16:30",0.073,0
"503-00000000","צריכה","15/02/2024","16:45",0.075,0
"503-00000000","צריכה","15/02/2024","17:00",0.197,0
"503-00000000","צריכה","15/02/2024","17:15",0.231,0
"503-00000000","צריכה","15/02/2024","17:30",0.281,0
"503-00000000","צריכה","15/02/2024","17:45",0.188,0
"503-00000000","צריכה","15/02/2024","18:00",0.291,0
"503-00000000","צריכה","15/02/2024","18:15",0.205,0
"503-00000000","צריכה","15/02/2024","18:30",0.294,0
"503-00000000","צריכה","15/02/2024","18:45",0.238,0
"503-00000000","צריכה","15/02/2024","19:00",0.271,0
"503-00000000","צריכה","15/02/2024","19:15",0.282,0
"503-00000000","צריכה","15/02/2024","19:30",0.279,0
"503-00000000","צריכה","15/02/2024","19:45",0.186,0
"503-00000000","צריכה","15/02/2024","20:00",0.283,0
"503-00000000","צריכה","15/02/2024","20:15",0.180,0
"503-00000000","צריכה","15/02/2024","20:30",0.270,0
"503-00000000","צריכה","15/02/2024","20:45",0.212,0
"503-00000000","צריכה","15/02/2024","21:00",0.223,0
"503-00000000","צריכה","15/02/2024","21:15",0.207,0
"503-00000000","צריכה","15/02/2024","21:30",0.217,0
"503-00000000","צריכה","15/02/2024","21:45",0.187,0
"503-00000000","צריכה","15/02/2024","22:00",0.275,0
"503-00000000","צריכה","15/02/2024","22:15",0.280,0
"503-00000000","צריכה","15/02/2024","22:30",0.219,0
"503-00000000","צריכה","15/02/2024","22:45",0.247,0
"503-00000000","צריכה","15/02/2024","23:00",0.059,0
"503-00000000","צריכה","15/02/2024","23:15",0.057,0
"503-00000000","צריכה","15/02/2024","23:30",0.046,0
"503-00000000","צריכה","15/02/2024","23:45",0.061,0
"503-00000000","צריכה","16/02/2024","00:00",0.046,0
"503-00000000","צריכה","16/02/2024","00:15",0.038,0
"503-00000000","צריכה","16/02/2024","00:30",0.042,0
"503-00000000","צריכה","16/02/2024","00:45",0.053,0
"503-00000000","צריכה","16/02/2024","01:00",0.043,0
"503-00000000","צריכה","16/02/2024","01:15",0.044,0
"503-00000000","צריכה","16/02/2024","01:30",0.062,0
"503-00000000","צריכה","16/02/2024","01:45",0.043,0
"503-00000000","צריכה","16/02/2024","02:00",0.055,0
"503-00000000","צריכה","16/02/2024","02:15",0.040,0
"503-00000000","צריכה","16/02/2024","02:30",0.050,0
"503-00000000","צריכה","16/02/2024","02:45",0.047,0
"503-00000000","צריכה","16/02/2024","03:00",0.047,0
"503-00000000","צריכה","16/02/2024","03:15",0.061,0
"503-00000000","צריכה","16/02/2024","03:30",0.050,0
"503-00000000","צריכה","16/02/2024","03:45",0.051,0
"503-00000000","צריכה","16/02/2024","04:00",0.062,0
"503-00000000","צריכה","16/02/2024","04:15",0.045,0
"503-00000000","צריכה","16/02/2024","04:30",0.060,0
"503-00000000","צריכה","16/02/2024","04:45",0.060,0
"503-00000000","צריכה","16/02/2024","05:00",0.058,0
"503-00000000","צריכה","16/02/2024","05:15",0.041,0
"503-00000000","צריכה","16/02/2024","05:30",0.040,0
"503-00000000","צריכה","16/02/2024","05:45",0.048,0
"503-00000000","צריכה","16/02/2024","06:00",0.124,0
"503-00000000","צריכה","16/02/2024","06:15",0.104,0
"503-00000000","צריכה","16/02/2024","06:30",0.103,0
"503-00000000","צריכה","16/02/2024","06:45",0.079,0
"503-00000000","צריכה","16/02/2024","07:00",0.102,0
"503-00000000","צריכה","16/02/2024","07:15",0.084,0
"503-00000000","צריכה","16/02/2024","07:30",0.090,0
"503-00000000","צריכה","16/02/2024","07:45",0.106,0
"503-00000000","צריכה","16/02/2024","08:00",0.100,0
"503-00000000","צריכה","16/02/2024","08:15",0.122,0
"503-00000000","צריכה","16/02/2024","08:30",0.099,0
"503-00000000","צריכה","16/02/2024","08:45",0.080,0
"503-00000000","צריכה","16/02/2024","09:00",0.095,0
"503-00000000","צריכה","16/02/2024","09:15",0.137,0
"503-00000000","צריכה","16/02/2024","09:30",0.115,0
"503-00000000","צריכה","16/02/2024","09:45",0.144,0
"503-00000000","צריכה","16/02/2024","10:00",0.100,0
"503-00000000","צריכה","16/02/2024","10:15",0.095,0
"503-00000000","צריכה","16/02/2024","10:30",0.093,0
"503-00000000","צריכה","16/02/2024","10:45",0.145,0
"503-00000000","צריכה","16/02/2024","11:00",0.144,0
"503-00000000","צריכה","16/02/2024","11:15",0.095,0
"503-00000000","צריכה","16/02/2024","11:30",0.090,0
"503-00000000","צריכה","16/02/2024","11:45",0.099,0
"503-00000000","צריכה","16/02/2024","12:00",0.144,0
"503-00000000","צריכה","16/02/2024","12:15",0.139,0
"503-00000000","צריכה","16/02/2024","12:30",0.112,0
"503-00000000","צריכה","16/02/2024","12:45",0.096,0
"503-00000000","צריכה","16/02/2024","13:00",0.137,0
"503-00000000","צריכה","16/02/2024","13:15",0.135,0
"503-00000000","צריכה","16/02/2024","13:30",0.118,0
"503-00000000","צריכה","16/02/2024","13:45",0.123,0
"503-00000000","צריכה","16/02/2024","14:00",0.110,0
"503-00000000","צריכה","16/02/2024","14:15",0.143,0
"503-00000000","צריכה","16/02/2024","14:30",0.125,0
"503-00000000","צריכה","16/02/2024","14:45",0.097,0
"503-00000000","צריכה","16/02/2024","15:00",0.139,0
"503-00000000","צריכה","16/02/2024","15:15",0.096,0
"503-00000000","צריכה","16/02/2024","15:30",0.123,0
"503-00000000","צריכה","16/02/2024","15:45",0.092,0
"503-00000000","צריכה","16/02/2024","16:00",0.090,0
"503-00000000","צריכה","16/02/2024","16:15",0.120,0
"503-00000000","צריכה","16/02/2024","16:30",0.100,0
"503-00000000","צריכה","16/02/2024","16:45",0.097,0
"503-00000000","צריכה","16/02/2024","17:00",0.182,0
"503-00000000","צריכה","16/02/2024","17:15",0.235,0
"503-00000000","צריכה","16/02/2024","17:30",0.195,0
"503-00000000","צריכה","16/02/2024","17:45",0.283,0
"503-00000000","צריכה","16/02/2024","18:00",0.222,0
"503-00000000","צריכה","16/02/2024","18:15",0.216,0
"503-00000000","צריכה","16/02/2024","18:30",0.212,0
"503-00000000","צריכה","16/02/2024","18:45",0.232,0
"503-00000000","צריכה","16/02/2024","19:00",0.286,0
"503-00000000","צריכה","16/02/2024","19:15",0.189,0
"503-00000000","צריכה","16/02/2024","19:30",0.241,0
"503-00000000","צריכה","16/02/2024","19:45",0.256,0
"503-00000000","צריכה","16/02/2024","20:00",0.279,0
"503-00000000","צריכה","16/02/2024","20:15",0.286,0
"503-00000000","צריכה","16/02/2024","20:30",0.181,0
"503-00000000","צריכה","16/02/2024","20:45",0.198,0
"503-00000000","צריכה","16/02/2024","21:00",0.262,0
"503-00000000","צריכה","16/02/2024","21:15",0.216,0
"503-00000000","צריכה","16/02/2024","21:30",0.218,0
"503-00000000","צריכה","16/02/2024","21:45",0.201,0
"503-00000000","צריכה","16/02/2024","22:00",0.186,0
"503-00000000","צריכה","16/02/2024","22:15",0.252,0
"503-00000000","צריכה","16/02/2024","22:30",0.200,0
"503-00000000","צריכה","16/02/2024","22:45",0.272,0
"503-00000000","צריכה","16/02/2024","23:00",0.049,0
"503-00000000","צריכה","16/02/2024","23:15",0.057,0
"503-00000000","צריכה","16/02/2024","23:30",0.050,0
"503-00000000","צריכה","16/02/2024","23:45",0.048,0
"503-00000000","צריכה","17/02/2024","00:00",0.060,0
"503-00000000","צריכה","17/02/2024","00:15",0.042,0
"503-00000000","צריכה","17/02/2024","00:30",0.050,0
"503-00000000","צריכה","17/02/2024","00:45",0.043,0
"503-00000000","צריכה","17/02/2024","01:00",0.060,0
"503-00000000","צריכה","17/02/2024","01:15",0.059,0
"503-00000000","צריכה","17/02/2024","01:30",0.061,0
"503-00000000","צריכה","17/02/2024","01:45",0.045,0
"503-00000000","צריכה","17/02/2024","02:00",0.043,0
"503-00000000","צריכה","17/02/2024","02:15",0.050,0
"503-00000000","צריכה","17/02/2024","02:30",0.044,0
"503-00000000","צריכה","17/02/2024","02:45",0.052,0
"503-00000000","צריכה","17/02/2024","03:00",0.058,0
"503-00000000","צריכה","17/02/2024","03:15",0.055,0
"503-00000000","צריכה","17/02/2024","03:30",0.059,0
"503-00000000","צריכה","17/02/2024","03:45",0.039,0
"503-00000000","צריכה","17/02/2024","04:00",0.053,0
"503-00000000","צריכה","17/02/2024","04:15",0.052,0
"503-00000000","צריכה","17/02/2024","04:30",0.046,0
"503-00000000","צריכה","17/02/2024","04:45",0.045,0
"503-00000000","צריכה","17/02/2024","05:00",0.057,0
"503-00000000","צריכה","17/02/2024","05:15",0.044,0
"503-00000000","צריכה","17/02/2024","05:30",0.044,0
"503-00000000","צריכה","17/02/2024","05:45",0.046,0
"503-00000000","צריכה","17/02/2024","06:00",0.078,0
"503-00000000","צריכה","17/02/2024","06:15",0.122,0
"503-00000000","צריכה","17/02/2024","06:30",0.114,0
"503-00000000","צריכה","17/02/2024","06:45",0.124,0
"503-00000000","צריכה","17/02/2024","07:00",0.110,0
"503-00000000","צריכה","17/02/2024","07:15",0.100,0
"503-00000000","צריכה","17/02/2024","07:30",0.076,0
"503-00000000","צריכה","17/02/2024","07:45",0.095,0
"503-00000000","צריכה","17/02/2024","08:00",0.125,0
"503-00000000","צריכה","17/02/2024","08:15",0.123,0
"503-00000000","צריכה","17/02/2024","08:30",0.113,0
"503-00000000","צריכה","17/02/2024","08:45",0.101,0
"503-00000000","צריכה","17/02/2024","09:00",0.121,0
"503-00000000","צריכה","17/02/2024","09:15",0.106,0
"503-00000000","צריכה","17/02/2024","09:30",0.128,0
"503-00000000","צריכה","17/02/2024","09:45",0.132,0
"503-00000000","צריכה","17/02/2024","10:00",0.131,0
"503-00000000","צריכה","17/02/2024","10:15",0.120,0
"503-00000000","צריכה","17/02/2024","10:30",0.115,0
"503-00000000","צריכה","17/02/2024","10:45",0.128,0
"503-00000000","צריכה","17/02/2024","11:00",0.129,0
"503-00000000","צריכה","17/02/2024","11:15",0.104,0
"503-00000000","צריכה","17/02/2024","11:30",0.106,0
"503-00000000","צריכה","17/02/2024","11:45",0.116,0
"503-00000000","צריכה","17/02/2024","12:00",0.145,0
"503-00000000","צריכה","17/02/2024","12:15",0.110,0
"503-00000000","צריכה","17/02/2024","12:30",0.106,0
"503-00000000","צריכה","17/02/2024","12:45",0.113,0
"503-00000000","צריכה","17/02/2024","13:00",0.136,0
"503-00000000","צריכה","17/02/2024","13:15",0.124,0
"503-00000000","צריכה","17/02/2024","13:30",0.098,0
"503-00000000","צריכה","17/02/2024","13:45",0.093,0
"503-00000000","צריכה","17/02/2024","14:00",0.105,0
"503-00000000","צריכה","17/02/2024","14:15",0.125,0
"503-00000000","צריכה","17/02/2024","14:30",0.098,0
"503-00000000","צריכה","17/02/2024","14:45",0.103,0
"503-00000000","צריכה","17/02/2024","15:00",0.103,0
"503-00000000","צריכה","17/02/2024","15:15",0.138,0
"503-00000000","צריכה","17/02/2024","15:30",0.145,0
"503-00000000","צריכה","17/02/2024","15:45",0.124,0
"503-00000000","צריכה","17/02/2024","16:00",0.113,0
"503-00000000","צריכה","17/02/2024","16:15",0.142,0
"503-00000000","צריכה","17/02/2024","16:30",0.114,0
"503-00000000","צריכה","17/02/2024","16:45",0.135,0
"503-00000000","צריכה","17/02/2024","17:00",0.281,0
"503-00000000","צריכה","17/02/2024","17:15",0.239,0
"503-00000000","צריכה","17/02/2024","17:30",0.262,0
"503-00000000","צריכה","17/02/2024","17:45",0.208,0
"503-00000000","צריכה","17/02/2024","18:00",0.184,0
"503-00000000","צריכה","17/02/2024","18:15",0.280,0
"503-00000000","צריכה","17/02/2024","18:30",0.205,0
"503-00000000","צריכה","17/02/2024","18:45",0.263,0
"503-00000000","צריכה","17/02/2024","19:00",0.261,0
"503-00000000","צריכה","17/02/2024","19:15",0.184,0
"503-00000000","צריכה","17/02/2024","19:30",0.297,0
"503-00000000","צריכה","17/02/2024","19:45",0.200,0
"503-00000000","צריכה","17/02/2024","20:00",0.269,0
"503-00000000","צריכה","17/02/2024","20:15",0.297,0
"503-00000000","צריכה","17/02/2024","20:30",0.202,0
"503-00000000","צריכה","17/02/2024","20:45",0.204,0
"503-00000000","צריכה","17/02/2024","21:00",0.180,0
"503-00000000","צריכה","17/02/2024","21:15",0.271,0
"503-00000000","צריכה","17/02/2024","21:30",0.188,0
"503-00000000","צריכה","17/02/2024","21:45",0.288,0
"503-00000000","צריכה","17/02/2024","22:00",0.210,0
"503-00000000","צריכה","17/02/2024","22:15",0.220,0
"503-00000000","צריכה","17/02/2024","22:30",0.260,0
"503-00000000","צריכה","17/02/2024","22:45",0.218,0
"503-00000000","צריכה","17/02/2024","23:00",0.061,0
"503-00000000","צריכה","17/02/2024","23:15",0.051,0
"503-00000000","צריכה","17/02/2024","23:30",0.046,0
"503-00000000","צריכה","17/02/2024","23:45",0.039,0
"503-00000000","צריכה","18/02/2024","00:00",0.057,0
"503-00000000","צריכה","18/02/2024","00:15",0.059,0
"503-00000000","צריכה","18/02/2024","00:30",0.049,0
"503-00000000","צריכה","18/02/2024","00:45",0.055,0
"503-00000000","צריכה","18/02/2024","01:00",0.057,0
"503-00000000","צריכה","18/02/2024","01:15",0.059,0
"503-00000000","צריכה","18/02/2024","01:30",0.054,0
"503-00000000","צריכה","18/02/2024","01:45",0.062,0
"503-00000000","צריכה","18/02/2024","02:00",0.040,0
"503-00000000","צריכה","18/02/2024","02:15",0.047,0
"503-00000000","צריכה","18/02/2024","02:30",0.057,0
"503-00000000","צריכה","18/02/2024","02:45",0.062,0
"503-00000000","צריכה","18/02/2024","03:00",0.053,0
"503-00000000","צריכה","18/02/2024","03:15",0.041,0
"503-00000000","צריכה","18/02/2024","03:30",0.041,0
"503-00000000","צריכה","18/02/2024","03:45",0.039,0
"503-00000000","צריכה","18/02/2024","04:00",0.060,0
"503-00000000","צריכה","18/02/2024","04:15",0.038,0
"503-00000000","צריכה","18/02/2024","04:30",0.061,0
"503-00000000","צריכה","18/02/2024","04:45",0.051,0
"503-00000000","צריכה","18/02/2024","05:00",0.038,0
"503-00000000","צריכה","18/02/2024","05:15",0.059,0
"503-00000000","צריכה","18/02/2024","05:30",0.045,0
"503-00000000","צריכה","18/02/2024","05:45",0.046,0
"503-00000000","צריכה","18/02/2024","06:00",0.087,0
"503-00000000","צריכה","18/02/2024","06:15",0.119,0
"503-00000000","צריכה","18/02/2024","06:30",0.105,0
"503-00000000","צריכה","18/02/2024","06:45",0.121,0
"503-00000000","צריכה","18/02/2024","07:00",0.081,0
"503-00000000","צריכה","18/02/2024","07:15",0.108,0
"503-00000000","צריכה","18/02/2024","07:30",0.089,0
"503-00000000","צריכה","18/02/2024","07:45",0.089,0
"503-00000000","צריכה","18/02/2024","08:00",0.100,0
"503-00000000","צריכה","18/02/2024","08:15",0.125,0
"503-00000000","צריכה","18/02/2024","08:30",0.093,0
"503-00000000","צריכה","18/02/2024","08:45",0.108,0
"503-00000000","צריכה","18/02/2024","09:00",0.083,0
"503-00000000","צריכה","18/02/2024","09:15",0.063,0
"503-00000000","צריכה","18/02/2024","09:30",0.052,0
"503-00000000","צריכה","18/02/2024","09:45",0.061,0
"503-00000000","צריכה","18/02/2024","10:00",0.053,0
"503-00000000","צריכה","18/02/2024","10:15",0.083,0
"503-00000000","צריכה","18/02/2024","10:30",0.061,0
"503-00000000","צריכה","18/02/2024","10:45",0.074,0
"503-00000000","צריכה","18/02/2024","11:00",0.079,0
"503-00000000","צריכה","18/02/2024","11:15",0.081,0
"503-00000000","צריכה","18/02/2024","11:30",0.060,0
"503-00000000","צריכה","18/02/2024","11:45",0.069,0
"503-00000000","צריכה","18/02/2024","12:00",0.074,0
"503-00000000","צריכה","18/02/2024","12:15",0.064,0
"503-00000000","צריכה","18/02/2024","12:30",0.052,0
"503-00000000","צריכה","18/02/2024","12:45",0.052,0
"503-00000000","צריכה","18/02/2024","13:00",0.063,0
"503-00000000","צריכה","18/02/2024","13:15",0.053,0
"503-00000000","צריכה","18/02/2024","13:30",0.064,0
"503-00000000","צריכה","18/02/2024","13:45",0.058,0
"503-00000000","צריכה","18/02/2024","14:00",0.066,0
"503-00000000","צריכה","18/02/2024","14:15",0.081,0
"503-00000000","צריכה","18/02/2024","14:30",0.052,0
"503-00000000","צריכה","18/02/2024","14:45",0.051,0
"503-00000000","צריכה","18/02/2024","15:00",0.080,0
"503-00000000","צריכה","18/02/2024","15:15",0.068,0
"503-00000000","צריכה","18/02/2024","15:30",0.070,0
"503-00000000","צריכה","18/02/2024","15:45",0.071,0
"503-00000000","צריכה","18/02/2024","16:00",0.081,0
"503-00000000","צריכה","18/02/2024","16:15",0.059,0
"503-00000000","צריכה","18/02/2024","16:30",0.077,0
"503-00000000","צריכה","18/02/2024","16:45",0.052,0
"503-00000000","צריכה","18/02/2024","17:00",0.225,0
"503-00000000","צריכה","18/02/2024","17:15",0.288,0
"503-00000000","צריכה","18/02/2024","17:30",0.275,0
"503-00000000","צריכה","18/02/2024","17:45",0.276,0
"503-00000000","צריכה","18/02/2024","18:00",0.297,0
"503-00000000","צריכה","18/02/2024","18:15",0.185,0
"503-00000000","צריכה","18/02/2024","18:30",0.241,0
"503-00000000","צריכה","18/02/2024","18:45",0.258,0
"503-00000000","צריכה","18/02/2024","19:00",0.219,0
"503-00000000","צריכה","18/02/2024","19:15",0.200,0
"503-00000000","צריכה","18/02/2024","19:30",0.251,0
"503-00000000","צריכה","18/02/2024","19:45",0.226,0
"503-00000000","צריכה","18/02/2024","20:00",0.186,0
"503-00000000","צריכה","18/02/2024","20:15",0.202,0
"503-00000000","צריכה","18/02/2024","20:30",0.215,0
"503-00000000","צריכה","18/02/2024","20:45",0.220,0
"503-00000000","צריכה","18/02/2024","21:00",0.256,0
"503-00000000","צריכה","18/02/2024","21:15",0.181,0
"503-00000000","צריכה","18/02/2024","21:30",0.231,0
"503-00000000","צריכה","18/02/2024","21:45",0.206,0
"503-00000000","צריכה","18/02/2024","22:00",0.263,0
"503-00000000","צריכה","18/02/2024","22:15",0.241,0
"503-00000000","צריכה","18/02/2024","22:30",0.269,0
"503-00000000","צריכה","18/02/2024","22:45",0.235,0
"503-00000000","צריכה","18/02/2024","23:00",0.038,0
"503-00000000","צריכה","18/02/2024","23:15",0.038,0
"503-00000000","צריכה","18/02/2024","23:30",0.050,0
"503-00000000","צריכה","18/02/2024","23:45",0.049,0
"503-00000000","צריכה","19/02/2024","00:00",0.040,0
"503-00000000","צריכה","19/02/2024","00:15",0.040,0
"503-00000000","צריכה","19/02/2024","00:30",0.044,0
"503-00000000","צריכה","19/02/2024","00:45",0.041,0
"503-00000000","צריכה","19/02/2024","01:00",0.059,0
"503-00000000","צריכה","19/02/2024","01:15",0.046,0
"503-00000000","צריכה","19/02/2024","01:30",0.045,0
"503-00000000","צריכה","19/02/2024","01:45",0.060,0
"503-00000000","צריכה","19/02/2024","02:00",0.038,0
"503-00000000","צריכה","19/02/2024","02:15",0.054,0
"503-00000000","צריכה","19/02/2024","02:30",0.041,0
"503-00000000","צריכה","19/02/2024","02:45",0.042,0
"503-00000000","צריכה","19/02/2024","03:00",0.041,0
"503-00000000","צריכה","19/02/2024","03:15",0.054,0
"503-00000000","צריכה","19/02/2024","03:30",0.056,0
"503-00000000","צריכה","19/02/2024","03:45",0.040,0
"503-00000000","צריכה","19/02/2024","04:00",0.060,0
"503-00000000","צריכה","19/02/2024","04:15",0.041,0
"503-00000000","צריכה","19/02/2024","04:30",0.047,0
"503-00000000","צריכה","19/02/2024","04:45",0.040,0
"503-00000000","צריכה","19/02/2024","05:00",0.049,0
"503-00000000","צריכה","19/02/2024","05:15",0.039,0
"503-00000000","צריכה","19/02/2024","05:30",0.039,0
"503-00000000","צריכה","19/02/2024","05:45",0.061,0
"503-00000000","צריכה","19/02/2024","06:00",0.099,0
"503-00000000","צריכה","19/02/2024","06:15",0.116,0
"503-00000000","צריכה","19/02/2024","06:30",0.118,0
"503-00000000","צריכה","19/02/2024","06:45",0.117,0
"503-00000000","צריכה","19/02/2024","07:00",0.083,0
"503-00000000","צריכה","19/02/2024","07:15",0.087,0
"503-00000000","צריכה","19/02/2024","07:30",0.124,0
"503-00000000","צריכה","19/02/2024","07:45",0.111,0
"503-00000000","צריכה","19/02/2024","08:00",0.116,0
"503-00000000","צריכה","19/02/2024","08:15",0.099,0
"503-00000000","צריכה","19/02/2024","08:30",0.088,0
"503-00000000","צריכה","19/02/2024","08:45",0.102,0
"503-00000000","צריכה","19/02/2024","09:00",0.055,0
"503-00000000","צריכה","19/02/2024","09:15",0.057,0
"503-00000000","צריכה","19/02/2024","09:30",0.064,0
"503-00000000","צריכה","19/02/2024","09:45",0.061,0
"503-00000000","צריכה","19/02/2024","10:00",0.053,0
"503-00000000","צריכה","19/02/2024","10:15",0.082,0
"503-00000000","צריכה","19/02/2024","10:30",0.072,0
"503-00000000","צריכה","19/02/2024","10:45",0.077,0
"503-00000000","צריכה","19/02/2024","11:00",0.068,0
"503-00000000","צריכה","19/02/2024","11:15",0.059,0
"503-00000000","צריכה","19/02/2024","11:30",0.062,0
"503-00000000","צריכה","19/02/2024","11:45",0.077,0
"503-00000000","צריכה","19/02/2024","12:00",0.069,0
"503-00000000","צריכה","19/02/2024","12:15",0.060,0
"503-00000000","צריכה","19/02/2024","12:30",0.065,0
"503-00000000","צריכה","19/02/2024","12:45",0.070,0
"503-00000000","צריכה","19/02/2024","13:00",0.053,0
"503-00000000","צריכה","19/02/2024","13:15",0.056,0
"503-00000000","צריכה","19/02/2024","13:30",0.073,0
"503-00000000","צריכה","19/02/2024","13:45",0.070,0
"503-00000000","צריכה","19/02/2024","14:00",0.067,0
"503-00000000","צריכה","19/02/2024","14:15",0.072,0
"503-00000000","צריכה","19/02/2024","14:30",0.067,0
"503-00000000","צריכה","19/02/2024","14:45",0.077,0
"503-00000000","צריכה","19/02/2024","15:00",0.066,0
"503-00000000","צריכה","19/02/2024","15:15",0.067,0
"503-00000000","צריכה","19/02/2024","15:30",0.070,0
"503-00000000","צריכה","19/02/2024","15:45",0.075,0
"503-00000000","צריכה","19/02/2024","16:00",0.073,0
"503-00000000","צריכה","19/02/2024","16:15",0.069,0
"503-00000000","צריכה","19/02/2024","16:30",0.076,0
"503-00000000","צריכה","19/02/2024","16:45",0.056,0
"503-00000000","צריכה","19/02/2024","17:00",0.287,0
"503-00000000","צריכה","19/02/2024","17:15",0.188,0
"503-00000000","צריכה","19/02/2024","17:30",0.204,0
"503-00000000","צריכה","19/02/2024","17:45",0.226,0
"503-00000000","צריכה","19/02/2024","18:00",0.190,0
"503-00000000","צריכה","19/02/2024","18:15",0.222,0
"503-00000000","צריכה","19/02/2024","18:30",0.294,0
"503-00000000","צריכה","19/02/2024","18:45",0.223,0
"503-00000000","צריכה","19/02/2024","19:00",0.218,0
"503-00000000","צריכה","19/02/2024","19:15",0.277,0
"503-00000000","צריכה","19/02/2024","19:30",0.247,0
"503-00000000","צריכה","19/02/2024","19:45",0.197,0
"503-00000000","צריכה","19/02/2024","20:00",0.273,0
"503-00000000","צריכה","19/02/2024","20:15",0.247,0
"503-00000000","צריכה","19/02/2024","20:30",0.216,0
"503-00000000","צריכה","19/02/2024","20:45",0.256,0
"503-00000000","צריכה","19/02/2024","21:00",0.292,0
"503-00000000","צריכה","19/02/2024","21:15",0.180,0
"503-00000000","צריכה","19/02/2024","21:30",0.204,0
"503-00000000","צריכה","19/02/2024","21:45",0.285,0
"503-00000000","צריכה","19/02/2024","22:00",0.246,0
"503-00000000","צריכה","19/02/2024","22:15",0.279,0
"503-00000000","צריכה","19/02/2024","22:30",0.199,0
"503-00000000","צריכה","19/02/2024","22:45",0.292,0
"503-00000000","צריכה","19/02/2024","23:00",0.051,0
"503-00000000","צריכה","19/02/2024","23:15",0.058,0
"503-00000000","צריכה","19/02/2024","23:30",0.050,0
"503-00000000","צריכה","19/02/2024","23:45",0.044,0
"503-00000000","צריכה","20/02/2024","00:00",0.057,0
"503-00000000","צריכה","20/02/2024","00:15",0.062,0
"503-00000000","צריכה","20/02/2024","00:30",0.054,0
"503-00000000","צריכה","20/02/2024","00:45",0.052,0
"503-00000000","צריכה","20/02/2024","01:00",0.041,0
"503-00000000","צריכה","20/02/2024","01:15",0.052,0
"503-00000000","צריכה","20/02/2024","01:30",0.057,0
"503-00000000","צריכה","20/02/2024","01:45",0.042,0
"503-00000000","צריכה","20/02/2024","02:00",0.047,0
"503-00000000","צריכה","20/02/2024","02:15",0.039,0
"503-00000000","צריכה","20/02/2024","02:30",0.039,0
"503-00000000","צריכה","20/02/2024","02:45",0.049,0
"503-00000000","צריכה","20/02/2024","03:00",0.038,0
"503-00000000","צריכה","20/02/2024","03:15",0.050,0
"503-00000000","צריכה","20/02/2024","03:30",0.052,0
"503-00000000","צריכה","20/02/2024","03:45",0.039,0
"503-00000000","צריכה","20/02/2024","04:00",0.044,0
"503-00000000","צריכה","20/02/2024","04:15",0.058,0
"503-00000000","צריכה","20/02/2024","04:30",0.041,0
"503-00000000","צריכה","20/02/2024","04:45",0.045,0
"503-00000000","צריכה","20/02/2024","05:00",0.061,0
"503-00000000","צריכה","20/02/2024","05:15",0.062,0
"503-00000000","צריכה","20/02/2024","05:30",0.044,0
"503-00000000","צריכה","20/02/2024","05:45",0.052,0
"503-00000000","צריכה","20/02/2024","06:00",0.084,0
"503-00000000","צריכה","20/02/2024","06:15",0.112,0
"503-00000000","צריכה","20/02/2024","06:30",0.124,0
"503-00000000","צריכה","20/02/2024","06:45",0.083,0
"503-00000000","צריכה","20/02/2024","07:00",0.116,0
"503-00000000","צריכה","20/02/2024","07:15",0.089,0
"503-00000000","צריכה","20/02/2024","07:30",0.078,0
"503-00000000","צריכה","20/02/2024","07:45",0.116,0
"503-00000000","צריכה","20/02/2024","08:00",0.077,0
"503-00000000","צריכה","20/02/2024","08:15",0.098,0
"503-00000000","צריכה","20/02/2024","08:30",0.088,0
"503-00000000","צריכה","20/02/2024","08:45",0.076,0
"503-00000000","צריכה","20/02/2024","09:00",0.061,0
"503-00000000","צריכה","20/02/2024","09:15",0.082,0
"503-00000000","צריכה","20/02/2024","09:30",0.058,0
"503-00000000","צריכה","20/02/2024","09:45",0.074,0
"503-00000000","צריכה","20/02/2024","10:00",0.063,0
"503-00000000","צריכה","20/02/2024","10:15",0.073,0
"503-00000000","צריכה","20/02/2024","10:30",0.053,0
"503-00000000","צריכה","20/02/2024","10:45",0.071,0
"503-00000000","צריכה","20/02/2024","11:00",0.070,0
"503-00000000","צריכה","20/02/2024","11:15",0.065,0
"503-00000000","צריכה","20/02/2024","11:30",0.057,0
"503-00000000","צריכה","20/02/2024","11:45",0.073,0
"503-00000000","צריכה","20/02/2024","12:00",0.051,0
"503-00000000","צריכה","20/02/2024","12:15",0.067,0
"503-00000000","צריכה","20/02/2024","12:30",0.064,0
"503-00000000","צריכה","20/02/2024","12:45",0.083,0
"503-00000000","צריכה","20/02/2024","13:00",0.057,0
"503-00000000","צריכה","20/02/2024","13:15",0.079,0
"503-00000000","צריכה","20/02/2024","13:30",0.073,0
"503-00000000","צריכה","20/02/2024","13:45",0.058,0
"503-00000000","צריכה","20/02/2024","14:00",0.058,0
"503-00000000","צריכה","20/02/2024","14:15",0.074,0
"503-00000000","צריכה","20/02/2024","14:30",0.074,0
"503-00000000","צריכה","20/02/2024","14:45",0.076,0
"503-00000000","צריכה","20/02/2024","15:00",0.078,0
"503-00000000","צריכה","20/02/2024","15:15",0.080,0
"503-00000000","צריכה","20/02/2024","15:30",0.056,0
"503-00000000","צריכה","20/02/2024","15:45",0.067,0
"503-00000000","צריכה","20/02/2024","16:00",0.064,0
"503-00000000","צריכה","20/02/2024","16:15",0.065,0
"503-00000000","צריכה","20/02/2024","16:30",0.082,0
"503-00000000","צריכה","20/02/2024","16:45",0.065,0
"503-00000000","צריכה","20/02/2024","17:00",0.216,0
"503-00000000","צריכה","20/02/2024","17:15",0.188,0
"503-00000000","צריכה","20/02/2024","17:30",0.295,0
"503-00000000","צריכה","20/02/2024","17:45",0.224,0
"503-00000000","צריכה","20/02/2024","18:00",0.271,0
"503-00000000","צריכה","20/02/2024","18:15",0.266,0
"503-00000000","צריכה","20/02/2024","18:30",0.246,0
"503-00000000","צריכה","20/02/2024","18:45",0.255,0
"503-00000000","צריכה","20/02/2024","19:00",0.184,0
"503-00000000","צריכה","20/02/2024","19:15",0.257,0
"503-00000000","צריכה","20/02/2024","19:30",0.180,0
"503-00000000","צריכה","20/02/2024","19:45",0.279,0
"503-00000000","צריכה","20/02/2024","20:00",0.294,0
"503-00000000","צריכה","20/02/2024","20:15",0.255,0
"503-00000000","צריכה","20/02/2024","20:30",0.279,0
"503-00000000","צריכה","20/02/2024","20:45",0.280,0
"503-00000000","צריכה","20/02/2024","21:00",0.230,0
"503-00000000","צריכה","20/02/2024","21:15",0.284,0
"503-00000000","צריכה","20/02/2024","21:30",0.288,0
"503-00000000","צריכה","20/02/2024","21:45",0.213,0
"503-00000000","צריכה","20/02/2024","22:00",0.232,0
"503-00000000","צריכה","20/02/2024","22:15",0.281,0
"503-00000000","צריכה","20/02/2024","22:30",0.278,0
"503-00000000","צריכה","20/02/2024","22:45",0.206,0
"503-00000000","צריכה","20/02/2024","23:00",0.055,0
"503-00000000","צריכה","20/02/2024","23:15",0.045,0
"503-00000000","צריכה","20/02/2024","23:30",0.059,0
"503-00000000","צריכה","20/02/2024","23:45",0.039,0
"503-00000000","צריכה","21/02/2024","00:00",0.062,0
"503-00000000","צריכה","21/02/2024","00:15",0.057,0
"503-00000000","צריכה","21/02/2024","00:30",0.042,0
"503-00000000","צריכה","21/02/2024","00:45",0.050,0
"503-00000000","צריכה","21/02/2024","01:00",0.044,0
"503-00000000","צריכה","21/02/2024","01:15",0.052,0
"503-00000000","צריכה","21/02/2024","01:30",0.061,0
"503-00000000","צריכה","21/02/2024","01:45",0.047,0
"503-00000000","צריכה","21/02/2024","02:00",0.038,0
"503-00000000","צריכה","21/02/2024","02:15",0.048,0
"503-00000000","צריכה","21/02/2024","02:30",0.041,0
"503-00000000","צריכה","21/02/2024","02:45",0.054,0
"503-00000000","צריכה","21/02/2024","03:00",0.040,0
"503-00000000","צריכה","21/02/2024","03:15",0.056,0
"503-00000000","צריכה","21/02/2024","03:30",0.056,0
"503-00000000","צריכה","21/02/2024","03:45",0.053,0
"503-00000000","צריכה","21/02/2024","04:00",0.054,0
"503-00000000","צריכה","21/02/2024","04:15",0.050,0
"503-00000000","צריכה","21/02/2024","04:30",0.056,0
"503-00000000","צריכה","21/02/2024","04:45",0.047,0
"503-00000000","צריכה","21/02/2024","05:00",0.052,0
"503-00000000","צריכה","21/02/2024","05:15",0.052,0
"503-00000000","צריכה","21/02/2024","05:30",0.038,0
"503-00000000","צריכה","21/02/2024","05:45",0.062,0
"503-00000000","צריכה","21/02/2024","06:00",0.124,0
"503-00000000","צריכה","21/02/2024","06:15",0.123,0
"503-00000000","צריכה","21/02/2024","06:30",0.097,0
"503-00000000","צריכה","21/02/2024","06:45",0.080,0
"503-00000000","צריכה","21/02/2024","07:00",0.100,0
"503-00000000","צריכה","21/02/2024","07:15",0.102,0
"503-00000000","צריכה","21/02/2024","07:30",0.118,0
"503-00000000","צריכה","21/02/2024","07:45",0.083,0
"503-00000000","צריכה","21/02/2024","08:00",0.093,0
"503-00000000","צריכה","21/02/2024","08:15",0.124,0
"503-00000000","צריכה","21/02/2024","08:30",0.105,0
"503-00000000","צריכה","21/02/2024","08:45",0.093,0
"503-00000000","צריכה","21/02/2024","09:00",0.073,0
"503-00000000","צריכה","21/02/2024","09:15",0.063,0
"503-00000000","צריכה","21/02/2024","09:30",0.080,0
"503-00000000","צריכה","21/02/2024","09:45",0.081,0
"503-00000000","צריכה","21/02/2024","10:00",0.053,0
"503-00000000","צריכה","21/02/2024","10:15",0.060,0
"503-00000000","צריכה","21/02/2024","10:30",0.082,0
"503-00000000","צריכה","21/02/2024","10:45",0.069,0
"503-00000000","צריכה","21/02/2024","11:00",0.072,0
"503-00000000","צריכה","21/02/2024","11:15",0.055,0
"503-00000000","צריכה","21/02/2024","11:30",0.064,0
"503-00000000","צריכה","21/02/2024","11:45",0.078,0
"503-00000000","צריכה","21/02/2024","12:00",0.080,0
"503-00000000","צריכה","21/02/2024","12:15",0.081,0
"503-00000000","צריכה","21/02/2024","12:30",0.071,0
"503-00000000","צריכה","21/02/2024","12:45",0.069,0
"503-00000000","צריכה","21/02/2024","13:00",0.081,0
"503-00000000","צריכה","21/02/2024","13:15",0.078,0
"503-00000000","צריכה","21/02/2024","13:30",0.071,0
"503-00000000","צריכה","21/02/2024","13:45",0.053,0
"503-00000000","צריכה","21/02/2024","14:00",0.074,0
"503-00000000","צריכה","21/02/2024","14:15",0.081,0
"503-00000000","צריכה","21/02/2024","14:30",0.077,0
"503-00000000","צריכה","21/02/2024","14:45",0.056,0
"503-00000000","צריכה","21/02/2024","15:00",0.080,0
"503-00000000","צריכה","21/02/2024","15:15",0.079,0
"503-00000000","צריכה","21/02/2024","15:30",0.052,0
"503-00000000","צריכה","21/02/2024","15:45",0.074,0
"503-00000000","צריכה","21/02/2024","16:00",0.062,0
"503-00000000","צריכה","21/02/2024","16:15",0.064,0
"503-00000000","צריכה","21/02/2024","16:30",0.073,0
"503-00000000","צריכה","21/02/2024","16:45",0.079,0
"503-00000000","צריכה","21/02/2024","17:00",0.248,0
"503-00000000","צריכה","21/02/2024","17:15",0.239,0
"503-00000000","צריכה","21/02/2024","17:30",0.254,0
"503-00000000","צריכה","21/02/2024","17:45",0.182,0
"503-00000000","צריכה","21/02/2024","18:00",0.266,0
"503-00000000","צריכה","21/02/2024","18:15",0.290,0
"503-00000000","צריכה","21/02/2024","18:30",0.216,0
"503-00000000","צריכה","21/02/2024","18:45",0.263,0
"503-00000000","צריכה","21/02/2024","19:00",0.193,0
"503-00000000","צריכה","21/02/2024","19:15",0.215,0
"503-00000000","צריכה","21/02/2024","19:30",0.222,0
"503-00000000","צריכה","21/02/2024","19:45",0.236,0
"503-00000000","צריכה","21/02/2024","20:00",0.287,0
"503-00000000","צריכה","21/02/2024","20:15",0.253,0
"503-00000000","צריכה","21/02/2024","20:30",0.256,0
"503-00000000","צריכה","21/02/2024","20:45",0.214,0
"503-00000000","צריכה","21/02/2024","21:00",0.204,0
"503-00000000","צריכה","21/02/2024","21:15",0.257,0
"503-00000000","צריכה","21/02/2024","21:30",0.225,0
"503-00000000","צריכה","21/02/2024","21:45",0.248,0
"503-00000000","צריכה","21/02/2024","22:00",0.183,0
"503-00000000","צריכה","21/02/2024","22:15",0.253,0
"503-00000000","צריכה","21/02/2024","22:30",0.268,0
"503-00000000","צריכה","21/02/2024","22:45",0.208,0
"503-00000000","צריכה","21/02/2024","23:00",0.057,0
"503-00000000","צריכה","21/02/2024","23:15",0.040,0
"503-00000000","צריכה","21/02/2024","23:30",0.051,0
"503-00000000","צריכה","21/02/2024","23:45",0.040,0
"503-00000000","צריכה","22/02/2024","00:00",0.060,0
"503-00000000","צריכה","22/02/2024","00:15",0.056,0
"503-00000000","צריכה","22/02/2024","00:30",0.052,0
"503-00000000","צריכה","22/02/2024","00:45",0.053,0
"503-00000000","צריכה","22/02/2024","01:00",0.046,0
"503-00000000","צריכה","22/02/2024","01:15",0.041,0
"503-00000000","צריכה","22/02/2024","01:30",0.060,0
"503-00000000","צריכה","22/02/2024","01:45",0.044,0
"503-00000000","צריכה","22/02/2024","02:00",0.047,0
"503-00000000","צריכה","22/02/2024","02:15",0.051,0
"503-00000000","צריכה","22/02/2024","02:30",0.062,0
"503-00000000","צריכה","22/02/2024","02:45",0.044,0
"503-00000000","צריכה","22/02/2024","03:00",0.054,0
"503-00000000","צריכה","22/02/2024","03:15",0.049,0
"503-00000000","צריכה","22/02/2024","03:30",0.041,0
"503-00000000","צריכה","22/02/2024","03:45",0.038,0
"503-00000000","צריכה","22/02/2024","04:00",0.053,0
"503-00000000","צריכה","22/02/2024","04:15",0.047,0
"503-00000000","צריכה","22/02/2024","04:30",0.038,0
"503-00000000","צריכה","22/02/2024","04:45",0.047,0
"503-00000000","צריכה","22/02/2024","05:00",0.046,0
"503-00000000","צריכה","22/02/2024","05:15",0.041,0
"503-00000000","צריכה","22/02/2024","05:30",0.054,0
"503-00000000","צריכה","22/02/2024","05:45",0.051,0
"503-00000000","צריכה","22/02/2024","06:00",0.078,0
"503-00000000","צריכה","22/02/2024","06:15",0.123,0
"503-00000000","צריכה","22/02/2024","06:30",0.086,0
"503-00000000","צריכה","22/02/2024","06:45",0.117,0
"503-00000000","צריכה","22/02/2024","07:00",0.099,0
"503-00000000","צריכה","22/02/2024","07:15",0.122,0
"503-00000000","צריכה","22/02/2024","07:30",0.113,0
"503-00000000","צריכה","22/02/2024","07:45",0.079,0
"503-00000000","צריכה","22/02/2024","08:00",0.082,0
"503-00000000","צריכה","22/02/2024","08:15",0.113,0
"503-00000000","צריכה","22/02/2024","08:30",0.096,0
"503-00000000","צריכה","22/02/2024","08:45",0.089,0
"503-00000000","צריכה","22/02/2024","09:00",0.073,0
"503-00000000","צריכה","22/02/2024","09:15",0.066,0
"503-00000000","צריכה","22/02/2024","09:30",0.063,0
"503-00000000","צריכה","22/02/2024","09:45",0.052,0
"503-00000000","צריכה","22/02/2024","10:00",0.064,0
"503-00000000","צריכה","22/02/2024","10:15",0.076,0
"503-00000000","צריכה","22/02/2024","10:30",0.058,0
"503-00000000","צריכה","22/02/2024","10:45",0.083,0
"503-00000000","צריכה","22/02/2024","11:00",0.058,0
"503-00000000","צריכה","22/02/2024","11:15",0.067,0
"503-00000000","צריכה","22/02/2024","11:30",0.074,0
"503-00000000","צריכה","22/02/2024","11:45",0.063,0
"503-00000000","צריכה","22/02/2024","12:00",0.056,0
"503-00000000","צריכה","22/02/2024","12:15",0.081,0
"503-00000000","צריכה","22/02/2024","12:30",0.077,0
"503-00000000","צריכה","22/02/2024","12:45",0.075,0
"503-00000000","צריכה","22/02/2024","13:00",0.075,0
"503-00000000","צריכה","22/02/2024","13:15",0.064,0
"503-00000000","צריכה","22/02/2024","13:30",0.073,0
"503-00000000","צריכה","22/02/2024","13:45",0.060,0
"503-00000000","צריכה","22/02/2024","14:00",0.073,0
"503-00000000","צריכה","22/02/2024","14:15",0.077,0
"503-00000000","צריכה","22/02/2024","14:30",0.059,0
"503-00000000","צריכה","22/02/2024","14:45",0.057,0
"503-00000000","צריכה","22/02/2024","15:00",0.072,0
"503-00000000","צריכה","22/02/2024","15:15",0.051,0
"503-00000000","צריכה","22/02/2024","15:30",0.074,0
"503-00000000","צריכה","22/02/2024","15:45",0.075,0
"503-00000000","צריכה","22/02/2024","16:00",0.058,0
"503-00000000","צריכה","22/02/2024","16:15",0.053,0
"503-00000000","צריכה","22/02/2024","16:30",0.069,0
"503-00000000","צריכה","22/02/2024","16:45",0.072,0
"503-00000000","צריכה","22/02/2024","17:00",0.208,0
"503-00000000","צריכה","22/02/2024","17:15",0.295,0
"503-00000000","צריכה","22/02/2024","17:30",0.244,0
"503-00000000","צריכה","22/02/2024","17:45",0.261,0
"503-00000000","צריכה","22/02/2024","18:00",0.185,0
"503-00000000","צריכה","22/02/2024","18:15",0.207,0
"503-00000000","צריכה","22/02/2024","18:30",0.227,0
"503-00000000","צריכה","22/02/2024","18:45",0.248,0
"503-00000000","צריכה","22/02/2024","19:00",0.268,0
"503-00000000","צריכה","22/02/2024","19:15",0.297,0
"503-00000000","צריכה","22/02/2024","19:30",0.213,0
"503-00000000","צריכה","22/02/2024","19:45",0.267,0
"503-00000000","צריכה","22/02/2024","20:00",0.244,0
"503-00000000","צריכה","22/02/2024","20:15",0.204,0
"503-00000000","צריכה","22/02/2024","20:30",0.218,0
"503-00000000","צריכה","22/02/2024","20:45",0.295,0
"503-00000000","צריכה","22/02/2024","21:00",0.206,0
"503-00000000","צריכה","22/02/2024","21:15",0.223,0
"503-00000000","צריכה","22/02/2024","21:30",0.189,0
"503-00000000","צריכה","22/02/2024","21:45",0.220,0
"503-00000000","צריכה","22/02/2024","22:00",0.195,0
"503-00000000","צריכה","22/02/2024","22:15",0.259,0
"503-00000000","צריכה","22/02/2024","22:30",0.214,0
"503-00000000","צריכה","22/02/2024","22:45",0.280,0
"503-00000000","צריכה","22/02/2024","23:00",0.039,0
"503-00000000","צריכה","22/02/2024","23:15",0.057,0
"503-00000000","צריכה","22/02/2024","23:30",0.062,0
"503-00000000","צריכה","22/02/2024","23:45",0.050,0
"503-00000000","צריכה","23/02/2024","00:00",0.059,0
"503-00000000","צריכה","23/02/2024","00:15",0.057,0
"503-00000000","צריכה","23/02/2024","00:30",0.054,0
"503-00000000","צריכה","23/02/2024","00:45",0.060,0
"503-00000000","צריכה","23/02/2024","01:00",0.042,0
"503-00000000","צריכה","23/02/2024","01:15",0.056,0
"503-00000000","צריכה","23/02/2024","01:30",0.051,0
"503-00000000","צריכה","23/02/2024","01:45",0.038,0
"503-00000000","צריכה","23/02/2024","02:00",0.038,0
"503-00000000","צריכה","23/02/2024","02:15",0.040,0
"503-00000000","צריכה","23/02/2024","02:30",0.038,0
"503-00000000","צריכה","23/02/2024","02:45",0.062,0
"503-00000000","צריכה","23/02/2024","03:00",0.055,0
"503-00000000","צריכה","23/02/2024","03:15",0.055,0
"503-00000000","צריכה","23/02/2024","03:30",0.056,0
"503-00000000","צריכה","23/02/2024","03:45",0.041,0
"503-00000000","צריכה","23/02/2024","04:00",0.041,0
"503-00000000","צריכה","23/02/2024","04:15",0.045,0
"503-00000000","צריכה","23/02/2024","04:30",0.051,0
"503-00000000","צריכה","23/02/2024","04:45",0.050,0
"503-00000000","צריכה","23/02/2024","05:00",0.057,0
"503-00000000","צריכה","23/02/2024","05:15",0.058,0
"503-00000000","צריכה","23/02/2024","05:30",0.048,0
"503-00000000","צריכה","23/02/2024","05:45",0.056,0
"503-00000000","צריכה","23/02/2024","06:00",0.123,0
"503-00000000","צריכה","23/02/2024","06:15",0.118,0
"503-00000000","צריכה","23/02/2024","06:30",0.123,0
"503-00000000","צריכה","23/02/2024","06:45",0.109,0
"503-00000000","צריכה","23/02/2024","07:00",0.114,0
"503-00000000","צריכה","23/02/2024","07:15",0.117,0
"503-00000000","צריכה","23/02/2024","07:30",0.105,0
"503-00000000","צריכה","23/02/2024","07:45",0.115,0
"503-00000000","צריכה","23/02/2024","08:00",0.097,0
"503-00000000","צריכה","23/02/2024","08:15",0.115,0
"503-00000000","צריכה","23/02/2024","08:30",0.098,0
"503-00000000","צריכה","23/02/2024","08:45",0.117,0
"503-00000000","צריכה","23/02/2024","09:00",0.097,0
"503-00000000","צריכה","23/02/2024","09:15",0.117,0
"503-00000000","צריכה","23/02/2024","09:30",0.135,0
"503-00000000","צריכה","23/02/2024","09:45",0.092,0
"503-00000000","צריכה","23/02/2024","10:00",0.116,0
"503-00000000","צריכה","23/02/2024","10:15",0.121,0
"503-00000000","צריכה","23/02/2024","10:30",0.135,0
"503-00000000","צריכה","23/02/2024","10:45",0.120,0
"503-00000000","צריכה","23/02/2024","11:00",0.105,0
"503-00000000","צריכה","23/02/2024","11:15",0.138,0
"503-00000000","צריכה","23/02/2024","11:30",0.111,0
"503-00000000","צריכה","23/02/2024","11:45",0.142,0
"503-00000000","צריכה","23/02/2024","12:00",0.112,0
"503-00000000","צריכה","23/02/2024","12:15",0.101,0
"503-00000000","צריכה","23/02/2024","12:30",0.134,0
"503-00000000","צריכה","23/02/2024","12:45",0.137,0
"503-00000000","צריכה","23/02/2024","13:00",0.136,0
"503-00000000","צריכה","23/02/2024","13:15",0.141,0
"503-00000000","צריכה","23/02/2024","13:30",0.116,0
"503-00000000","צריכה","23/02/2024","13:45",0.100,0
"503-00000000","צריכה","23/02/2024","14:00",0.128,0
"503-00000000","צריכה","23/02/2024","14:15",0.133,0
"503-00000000","צריכה","23/02/2024","14:30",0.145,0
"503-00000000","צריכה","23/02/2024","14:45",0.121,0
"503-00000000","צריכה","23/02/2024","15:00",0.098,0
"503-00000000","צריכה","23/02/2024","15:15",0.116,0
"503-00000000","צריכה","23/02/2024","15:30",0.099,0
"503-00000000","צריכה","23/02/2024","15:45",0.128,0
"503-00000000","צריכה","23/02/2024","16:00",0.109,0
"503-00000000","צריכה","23/02/2024","16:15",0.134,0
"503-00000000","צריכה","23/02/2024","16:30",0.125,0
"503-00000000","צריכה","23/02/2024","16:45",0.108,0
"503-00000000","צריכה","23/02/2024","17:00",0.285,0
"503-00000000","צריכה","23/02/2024","17:15",0.255,0
"503-00000000","צריכה","23/02/2024","17:30",0.179,0
"503-00000000","צריכה","23/02/2024","17:45",0.287,0
"503-00000000","צריכה","23/02/2024","18:00",0.193,0
"503-00000000","צריכה","23/02/2024","18:15",0.210,0
"503-00000000","צריכה","23/02/2024","18:30",0.229,0
"503-00000000","צריכה","23/02/2024","18:45",0.276,0
"503-00000000","צריכה","23/02/2024","19:00",0.201,0
"503-00000000","צריכה","23/02/2024","19:15",0.264,0
"503-00000000","צריכה","23/02/2024","19:30",0.277,0
"503-00000000","צריכה","23/02/2024","19:45",0.203,0
"503-00000000","צריכה","23/02/2024","20:00",0.279,0
"503-00000000","צריכה","23/02/2024","20:15",0.191,0
"503-00000000","צריכה","23/02/2024","20:30",0.252,0
"503-00000000","צריכה","23/02/2024","20:45",0.220,0
"503-00000000","צריכה","23/02/2024","21:00",0.203,0
"503-00000000","צריכה","23/02/2024","21:15",0.268,0
"503-00000000","צריכה","23/02/2024","21:30",0.216,0
"503-00000000","צריכה","23/02/2024","21:45",0.279,0
"503-00000000","צריכה","23/02/2024","22:00",0.230,0
"503-00000000","צריכה","23/02/2024","22:15",0.258,0
"503-00000000","צריכה","23/02/2024","22:30",0.284,0
"503-00000000","צריכה","23/02/2024","22:45",0.280,0
"503-00000000","צריכה","23/02/2024","23:00",0.047,0
"503-00000000","צריכה","23/02/2024","23:15",0.040,0
"503-00000000","צריכה","23/02/2024","23:30",0.057,0
"503-00000000","צריכה","23/02/2024","23:45",0.056,0
"503-00000000","צריכה","24/02/2024","00:00",0.052,0
"503-00000000","צריכה","24/02/2024","00:15",0.058,0
"503-00000000","צריכה","24/02/2024","00:30",0.053,0
"503-00000000","צריכה","24/02/2024","00:45",0.046,0
"503-00000000","צריכה","24/02/2024","01:00",0.039,0
"503-00000000","צריכה","24/02/2024","01:15",0.062,0
"503-00000000","צריכה","24/02/2024","01:30",0.050,0
"503-00000000","צריכה","24/02/2024","01:45",0.046,0
"503-00000000","צריכה","24/02/2024","02:00",0.057,0
"503-00000000","צריכה","24/02/2024","02:15",0.055,0
"503-00000000","צריכה","24/02/2024","02:30",0.055,0
"503-00000000","צריכה","24/02/2024","02:45",0.051,0
"503-00000000","צריכה","24/02/2024","03:00",0.052,0
"503-00000000","צריכה","24/02/2024","03:15",0.049,0
"503-00000000","צריכה","24/02/2024","03:30",0.043,0
"503-00000000","צריכה","24/02/2024","03:45",0.041,0
"503-00000000","צריכה","24/02/2024","04:00",0.038,0
"503-00000000","צריכה","24/02/2024","04:15",0.050,0
"503-00000000","צריכה","24/02/2024","04:30",0.053,0
"503-00000000","צריכה","24/02/2024","04:45",0.047,0
"503-00000000","צריכה","24/02/2024","05:00",0.057,0
"503-00000000","צריכה","24/02/2024","05:15",0.053,0
"503-00000000","צריכה","24/02/2024","05:30",0.056,0
"503-00000000","צריכה","24/02/2024","05:45",0.060,0
"503-00000000","צריכה","24/02/2024","06:00",0.096,0
"503-00000000","צריכה","24/02/2024","06:15",0.103,0
"503-00000000","צריכה","24/02/2024","06:30",0.083,0
"503-00000000","צריכה","24/02/2024","06:45",0.091,0
"503-00000000","צריכה","24/02/2024","07:00",0.107,0
"503-00000000","צריכה","24/02/2024","07:15",0.091,0
"503-00000000","צריכה","24/02/2024","07:30",0.119,0
"503-00000000","צריכה","24/02/2024","07:45",0.085,0
"503-00000000","צריכה","24/02/2024","08:00",0.106,0
"503-00000000","צריכה","24/02/2024","08:15",0.108,0
"503-00000000","צריכה","24/02/2024","08:30",0.080,0
"503-00000000","צריכה","24/02/2024","08:45",0.114,0
"503-00000000","צריכה","24/02/2024","09:00",0.126,0
"503-00000000","צריכה","24/02/2024","09:15",0.146,0
"503-00000000","צריכה","24/02/2024","09:30",0.094,0
"503-00000000","צריכה","24/02/2024","09:45",0.139,0
"503-00000000","צריכה","24/02/2024","10:00",0.111,0
"503-00000000","צריכה","24/02/2024","10:15",0.126,0
"503-00000000","צריכה","24/02/2024","10:30",0.125,0
"503-00000000","צריכה","24/02/2024","10:45",0.118,0
"503-00000000","צריכה","24/02/2024","11:00",0.118,0
"503-00000000","צריכה","24/02/2024","11:15",0.114,0
"503-00000000","צריכה","24/02/2024","11:30",0.125,0
"503-00000000","צריכה","24/02/2024","11:45",0.093,0
"503-00000000","צריכה","24/02/2024","12:00",0.089,0
"503-00000000","צריכה","24/02/2024","12:15",0.140,0
"503-00000000","צריכה","24/02/2024","12:30",0.145,0
"503-00000000","צריכה","24/02/2024","12:45",0.138,0
"503-00000000","צריכה","24/02/2024","13:00",0.133,0
"503-00000000","צריכה","24/02/2024","13:15",0.125,0
"503-00000000","צריכה","24/02/2024","13:30",0.146,0
"503-00000000","צריכה","24/02/2024","13:45",0.122,0
"503-00000000","צריכה","24/02/2024","14:00",0.144,0
"503-00000000","צריכה","24/02/2024","14:15",0.102,0
"503-00000000","צריכה","24/02/2024","14:30",0.089,0
"503-00000000","צריכה","24/02/2024","14:45",0.128,0
"503-00000000","צריכה","24/02/2024","15:00",0.103,0
"503-00000000","צריכה","24/02/2024","15:15",0.144,0
"503-00000000","צריכה","24/02/2024","15:30",0.133,0
"503-00000000","צריכה","24/02/2024","15:45",0.112,0
"503-00000000","צריכה","24/02/2024","16:00",0.106,0
"503-00000000","צריכה","24/02/2024","16:15",0.138,0
"503-00000000","צריכה","24/02/2024","16:30",0.092,0
"503-00000000","צריכה","24/02/2024","16:45",0.099,0
"503-00000000","צריכה","24/02/2024","17:00",0.253,0
"503-00000000","צריכה","24/02/2024","17:15",0.247,0
"503-00000000","צריכה","24/02/2024","17:30",0.292,0
"503-00000000","צריכה","24/02/2024","17:45",0.211,0
"503-00000000","צריכה","24/02/2024","18:00",0.251,0
"503-00000000","צריכה","24/02/2024","18:15",0.209,0
"503-00000000","צריכה","24/02/2024","18:30",0.233,0
"503-00000000","צריכה","24/02/2024","18:45",0.252,0
"503-00000000","צריכה","24/02/2024","19:00",0.280,0
"503-00000000","צריכה","24/02/2024","19:15",0.253,0
"503-00000000","צריכה","24/02/2024","19:30",0.222,0
"503-00000000","צריכה","24/02/2024","19:45",0.196,0
"503-00000000","צריכה","24/02/2024","20:00",0.282,0
"503-00000000","צריכה","24/02/2024","20:15",0.238,0
"503-00000000","צריכה","24/02/2024","20:30",0.267,0
"503-00000000","צריכה","24/02/2024","20:45",0.284,0
"503-00000000","צריכה","24/02/2024","21:00",0.283,0
"503-00000000","צריכה","24/02/2024","21:15",0.281,0
"503-00000000","צריכה","24/02/2024","21:30",0.195,0
"503-00000000","צריכה","24/02/2024","21:45",0.266,0
"503-00000000","צריכה","24/02/2024","22:00",0.209,0
"503-00000000","צריכה","24/02/2024","22:15",0.188,0
"503-00000000","צריכה","24/02/2024","22:30",0.247,0
"503-00000000","צריכה","24/02/2024","22:45",0.286,0
"503-00000000","צריכה","24/02/2024","23:00",0.055,0
"503-00000000","צריכה","24/02/2024","23:15",0.044,0
"503-00000000","צריכה","24/02/2024","23:30",0.050,0
"503-00000000","צריכה","24/02/2024","23:45",0.048,0
"503-00000000","צריכה","25/02/2024","00:00",0.043,0
"503-00000000","צריכה","25/02/2024","00:15",0.059,0
"503-00000000","צריכה","25/02/2024","00:30",0.058,0
"503-00000000","צריכה","25/02/2024","00:45",0.057,0
"503-00000000","צריכה","25/02/2024","01:00",0.044,0
"503-00000000","צריכה","25/02/2024","01:15",0.050,0
"503-00000000","צריכה","25/02/2024","01:30",0.045,0
"503-00000000","צריכה","25/02/2024","01:45",0.049,0
"503-00000000","צריכה","25/02/2024","02:00",0.057,0
"503-00000000","צריכה","25/02/2024","02:15",0.047,0
"503-00000000","צריכה","25/02/2024","02:30",0.061,0
"503-00000000","צריכה","25/02/2024","02:45",0.061,0
"503-00000000","צריכה","25/02/2024","03:00",0.046,0
"503-00000000","צריכה","25/02/2024","03:15",0.045,0
"503-00000000","צריכה","25/02/2024","03:30",0.046,0
"503-00000000","צריכה","25/02/2024","03:45",0.038,0
"503-00000000","צריכה","25/02/2024","04:00",0.058,0
"503-00000000","צריכה","25/02/2024","04:15",0.046,0
"503-00000000","צריכה","25/02/2024","04:30",0.042,0
"503-00000000","צריכה","25/02/2024","04:45",0.052,0
"503-00000000","צריכה","25/02/2024","05:00",0.057,0
"503-00000000","צריכה","25/02/2024","05:15",0.058,0
"503-00000000","צריכה","25/02/2024","05:30",0.044,0
"503-00000000","צריכה","25/02/2024","05:45",0.041,0
"503-00000000","צריכה","25/02/2024","06:00",0.077,0
"503-00000000","צריכה","25/02/2024","06:15",0.091,0
"503-00000000","צריכה","25/02/2024","06:30",0.100,0
"503-00000000","צריכה","25/02/2024","06:45",0.120,0
"503-00000000","צריכה","25/02/2024","07:00",0.100,0
"503-00000000","צריכה","25/02/2024","07:15",0.100,0
"503-00000000","צריכה","25/02/2024","07:30",0.107,0
"503-00000000","צריכה","25/02/2024","07:45",0.101,0
"503-00000000","צריכה","25/02/2024","08:00",0.122,0
"503-00000000","צריכה","25/02/2024","08:15",0.081,0
"503-00000000","צריכה","25/02/2024","08:30",0.106,0
"503-00000000","צריכה","25/02/2024","08:45",0.077,0
"503-00000000","צריכה","25/02/2024","09:00",0.082,0
"503-00000000","צריכה","25/02/2024","09:15",0.066,0
"503-00000000","צריכה","25/02/2024","09:30",0.078,0
"503-00000000","צריכה","25/02/2024","09:45",0.082,0
"503-00000000","צריכה","25/02/2024","10:00",0.075,0
"503-00000000","צריכה","25/02/2024","10:15",0.061,0
"503-00000000","צריכה","25/02/2024","10:30",0.053,0
"503-00000000","צריכה","25/02/2024","10:45",0.057,0
"503-00000000","צריכה","25/02/2024","11:00",0.055,0
"503-00000000","צריכה","25/02/2024","11:15",0.054,0
"503-00000000","צריכה","25/02/2024","11:30",0.069,0
"503-00000000","צריכה","25/02/2024","11:45",0.081,0
"503-00000000","צריכה","25/02/2024","12:00",0.078,0
"503-00000000","צריכה","25/02/2024","12:15",0.059,0
"503-00000000","צריכה","25/02/2024","12:30",0.067,0
"503-00000000","צריכה","25/02/2024","12:45",0.084,0
"503-00000000","צריכה","25/02/2024","13:00",0.073,0
"503-00000000","צריכה","25/02/2024","13:15",0.061,0
"503-00000000","צריכה","25/02/2024","13:30",0.066,0
"503-00000000","צריכה","25/02/2024","13:45",0.058,0
"503-00000000","צריכה","25/02/2024","14:00",0.081,0
"503-00000000","צריכה","25/02/2024","14:15",0.058,0
"503-00000000","צריכה","25/02/2024","14:30",0.054,0
"503-00000000","צריכה","25/02/2024","14:45",0.083,0
"503-00000000","צריכה","25/02/2024","15:00",0.058,0
"503-00000000","צריכה","25/02/2024","15:15",0.062,0
"503-00000000","צריכה","25/02/2024","15:30",0.054,0
"503-00000000","צריכה","25/02/2024","15:45",0.074,0
"503-00000000","צריכה","25/02/2024","16:00",0.073,0
"503-00000000","צריכה","25/02/2024","16:15",0.084,0
"503-00000000","צריכה","25/02/2024","16:30",0.055,0
"503-00000000","צריכה","25/02/2024","16:45",0.062,0
"503-00000000","צריכה","25/02/2024","17:00",0.273,0
"503-00000000","צריכה","25/02/2024","17:15",0.245,0
"503-00000000","צריכה","25/02/2024","17:30",0.219,0
"503-00000000","צריכה","25/02/2024","17:45",0.202,0
"503-00000000","צריכה","25/02/2024","18:00",0.259,0
"503-00000000","צריכה","25/02/2024","18:15",0.276,0
"503-00000000","צריכה","25/02/2024","18:30",0.202,0
"503-00000000","צריכה","25/02/2024","18:45",0.283,0
"503-00000000","צריכה","25/02/2024","19:00",0.247,0
"503-00000000","צריכה","25/02/2024","19:15",0.263,0
"503-00000000","צריכה","25/02/2024","19:30",0.274,0
"503-00000000","צריכה","25/02/2024","19:45",0.240,0
"503-00000000","צריכה","25/02/2024","20:00",0.229,0
"503-00000000","צריכה","25/02/2024","20:15",0.179,0
"503-00000000","צריכה","25/02/2024","20:30",0.198,0
"503-00000000","צריכה","25/02/2024","20:45",0.270,0
"503-00000000","צריכה","25/02/2024","21:00",0.224,0
"503-00000000","צריכה","25/02/2024","21:15",0.287,0
"503-00000000","צריכה","25/02/2024","21:30",0.255,0
"503-00000000","צריכה","25/02/2024","21:45",0.241,0
"503-00000000","צריכה","25/02/2024","22:00",0.246,0
"503-00000000","צריכה","25/02/2024","22:15",0.229,0
"503-00000000","צריכה","25/02/2024","22:30",0.217,0
"503-00000000","צריכה","25/02/2024","22:45",0.224,0
"503-00000000","צריכה","25/02/2024","23:00",0.047,0
"503-00000000","צריכה","25/02/2024","23:15",0.052,0
"503-00000000","צריכה","25/02/2024","23:30",0.050,0
"503-00000000","צריכה","25/02/2024","23:45",0.045,0
"503-00000000","צריכה","26/02/2024","00:00",0.056,0
"503-00000000","צריכה","26/02/2024","00:15",0.043,0
"503-00000000","צריכה","26/02/2024","00:30",0.059,0
"503-00000000","צריכה","26/02/2024","00:45",0.059,0
"503-00000000","צריכה","26/02/2024","01:00",0.048,0
"503-00000000","צריכה","26/02/2024","01:15",0.041,0
"503-00000000","צריכה","26/02/2024","01:30",0.044,0
"503-00000000","צריכה","26/02/2024","01:45",0.054,0
"503-00000000","צריכה","26/02/2024","02:00",0.054,0
"503-00000000","צריכה","26/02/2024","02:15",0.054,0
"503-00000000","צריכה","26/02/2024","02:30",0.053,0
"503-00000000","צריכה","26/02/2024","02:45",0.043,0
"503-00000000","צריכה","26/02/2024","03:00",0.056,0
"503-00000000","צריכה","26/02/2024","03:15",0.046,0
"503-00000000","צריכה","26/02/2024","03:30",0.038,0
"503-00000000","צריכה","26/02/2024","03:45",0.041,0
"503-00000000","צריכה","26/02/2024","04:00",0.056,0
"503-00000000","צריכה","26/02/2024","04:15",0.057,0
"503-00000000","צריכה","26/02/2024","04:30",0.041,0
"503-00000000","צריכה","26/02/2024","04:45",0.060,0
"503-00000000","צריכה","26/02/2024","05:00",0.057,0
"503-00000000","צריכה","26/02/2024","05:15",0.059,0
"503-00000000","צריכה","26/02/2024","05:30",0.049,0
"503-00000000","צריכה","26/02/2024","05:45",0.046,0
"503-00000000","צריכה","26/02/2024","06:00",0.078,0
"503-00000000","צריכה","26/02/2024","06:15",0.092,0
"503-00000000","צריכה","26/02/2024","06:30",0.089,0
"503-00000000","צריכה","26/02/2024","06:45",0.078,0
"503-00000000","צריכה","26/02/2024","07:00",0.123,0
"503-00000000","צריכה","26/02/2024","07:15",0.105,0
"503-00000000","צריכה","26/02/2024","07:30",0.079,0
"503-00000000","צריכה","26/02/2024","07:45",0.103,0
"503-00000000","צריכה","26/02/2024","08:00",0.091,0
"503-00000000","צריכה","26/02/2024","08:15",0.089,0
"503-00000000","צריכה","26/02/2024","08:30",0.109,0
"503-00000000","צריכה","26/02/2024","08:45",0.111,0
"503-00000000","צריכה","26/02/2024","09:00",0.083,0
"503-00000000","צריכה","26/02/2024","09:15",0.063,0
"503-00000000","צריכה","26/02/2024","09:30",0.059,0
"503-00000000","צריכה","26/02/2024","09:45",0.078,0
"503-00000000","צריכה","26/02/2024","10:00",0.084,0
"503-00000000","צריכה","26/02/2024","10:15",0.058,0
"503-00000000","צריכה","26/02/2024","10:30",0.075,0
"503-00000000","צריכה","26/02/2024","10:45",0.066,0
"503-00000000","צריכה","26/02/2024","11:00",0.075,0
"503-00000000","צריכה","26/02/2024","11:15",0.080,0
"503-00000000","צריכה","26/02/2024","11:30",0.070,0
"503-00000000","צריכה","26/02/2024","11:45",0.063,0
"503-00000000","צריכה","26/02/2024","12:00",0.063,0
"503-00000000","צריכה","26/02/2024","12:15",0.081,0
"503-00000000","צריכה","26/02/2024","12:30",0.074,0
"503-00000000","צריכה","26/02/2024","12:45",0.052,0
"503-00000000","צריכה","26/02/2024","13:00",0.052,0
"503-00000000","צריכה","26/02/2024","13:15",0.070,0
"503-00000000","צריכה","26/02/2024","13:30",0.072,0
"503-00000000","צריכה","26/02/2024","13:45",0.073,0
"503-00000000","צריכה","26/02/2024","14:00",0.067,0
"503-00000000","צריכה","26/02/2024","14:15",0.084,0
"503-00000000","צריכה","26/02/2024","14:30",0.056,0
"503-00000000","צריכה","26/02/2024","14:45",0.064,0
"503-00000000","צריכה","26/02/2024","15:00",0.072,0
"503-00000000","צריכה","26/02/2024","15:15",0.076,0
"503-00000000","צריכה","26/02/2024","15:30",0.062,0
"503-00000000","צריכה","26/02/2024","15:45",0.058,0
"503-00000000","צריכה","26/02/2024","16:00",0.065,0
"503-00000000","צריכה","26/02/2024","16:15",0.074,0
"503-00000000","צריכה","26/02/2024","16:30",0.078,0
"503-00000000","צריכה","26/02/2024","16:45",0.070,0
"503-00000000","צריכה","26/02/2024","17:00",0.223,0
"503-00000000","צריכה","26/02/2024","17:15",0.240,0
"503-00000000","צריכה","26/02/2024","17:30",0.203,0
"503-00000000","צריכה","26/02/2024","17:45",0.192,0
"503-00000000","צריכה","26/02/2024","18:00",0.251,0
"503-00000000","צריכה","26/02/2024","18:15",0.237,0
"503-00000000","צריכה","26/02/2024","18:30",0.192,0
"503-00000000","צריכה","26/02/2024","18:45",0.208,0
"503-00000000","צריכה","26/02/2024","19:00",0.295,0
"503-00000000","צריכה","26/02/2024","19:15",0.202,0
"503-00000000","צריכה","26/02/2024","19:30",0.230,0
"503-00000000","צריכה","26/02/2024","19:45",0.222,0
"503-00000000","צריכה","26/02/2024","20:00",0.184,0
"503-00000000","צריכה","26/02/2024","20:15",0.236,0
"503-00000000","צריכה","26/02/2024","20:30",0.276,0
"503-00000000","צריכה","26/02/2024","20:45",0.215,0
"503-00000000","צריכה","26/02/2024","21:00",0.286,0
"503-00000000","צריכה","26/02/2024","21:15",0.279,0
"503-00000000","צריכה","26/02/2024","21:30",0.286,0
"503-00000000","צריכה","26/02/2024","21:45",0.254,0
"503-00000000","צריכה","26/02/2024","22:00",0.238,0
"503-00000000","צריכה","26/02/2024","22:15",0.186,0
"503-00000000","צריכה","26/02/2024","22:30",0.192,0
"503-00000000","צריכה","26/02/2024","22:45",0.200,0
"503-00000000","צריכה","26/02/2024","23:00",0.053,0
"503-00000000","צריכה","26/02/2024","23:15",0.055,0
"503-00000000","צריכה","26/02/2024","23:30",0.048,0
"503-00000000","צריכה","26/02/2024","23:45",0.048,0
"503-00000000","צריכה","27/02/2024","00:00",0.060,0
"503-00000000","צריכה","27/02/2024","00:15",0.038,0
"503-00000000","צריכה","27/02/2024","00:30",0.044,0
"503-00000000","צריכה","27/02/2024","00:45",0.051,0
"503-00000000","צריכה","27/02/2024","01:00",0.058,0
"503-00000000","צריכה","27/02/2024","01:15",0.048,0
"503-00000000","צריכה","27/02/2024","01:30",0.061,0
"503-00000000","צריכה","27/02/2024","01:45",0.059,0
"503-00000000","צריכה","27/02/2024","02:00",0.044,0
"503-00000000","צריכה","27/02/2024","02:15",0.058,0
"503-00000000","צריכה","27/02/2024","02:30",0.052,0
"503-00000000","צריכה","27/02/2024","02:45",0.052,0
"503-00000000","צריכה","27/02/2024","03:00",0.046,0
"503-00000000","צריכה","27/02/2024","03:15",0.053,0
"503-00000000","צריכה","27/02/2024","03:30",0.039,0
"503-00000000","צריכה","27/02/2024","03:45",0.044,0
"503-00000000","צריכה","27/02/2024","04:00",0.052,0
"503-00000000","צריכה","27/02/2024","04:15",0.046,0
"503-00000000","צריכה","27/02/2024","04:30",0.042,0
"503-00000000","צריכה","27/02/2024","04:45",0.062,0
"503-00000000","צריכה","27/02/2024","05:00",0.059,0
"503-00000000","צריכה","27/02/2024","05:15",0.060,0
"503-00000000","צריכה","27/02/2024","05:30",0.060,0
"503-00000000","צריכה","27/02/2024","05:45",0.043,0
"503-00000000","צריכה","27/02/2024","06:00",0.100,0
"503-00000000","צריכה","27/02/2024","06:15",0.105,0
"503-00000000","צריכה","27/02/2024","06:30",0.082,0
"503-00000000","צריכה","27/02/2024","06:45",0.080,0
"503-00000000","צריכה","27/02/2024","07:00",0.090,0
"503-00000000","צריכה","27/02/2024","07:15",0.116,0
"503-00000000","צריכה","27/02/2024","07:30",0.110,0
"503-00000000","צריכה","27/02/2024","07:45",0.092,0
"503-00000000","צריכה","27/02/2024","08:00",0.089,0
"503-00000000","צריכה","27/02/2024","08:15",0.106,0
"503-00000000","צריכה","27/02/2024","08:30",0.120,0
"503-00000000","צריכה","27/02/2024","08:45",0.106,0
"503-00000000","צריכה","27/02/2024","09:00",0.069,0
"503-00000000","צריכה","27/02/2024","09:15",0.064,0
"503-00000000","צריכה","27/02/2024","09:30",0.063,0
"503-00000000","צריכה","27/02/2024","09:45",0.066,0
"503-00000000","צריכה","27/02/2024","10:00",0.071,0
"503-00000000","צריכה","27/02/2024","10:15",0.058,0
"503-00000000","צריכה","27/02/2024","10:30",0.060,0
"503-00000000","צריכה","27/02/2024","10:45",0.067,0
"503-00000000","צריכה","27/02/2024","11:00",0.062,0
"503-00000000","צריכה","27/02/2024","11:15",0.059,0
"503-00000000","צריכה","27/02/2024","11:30",0.059,0
"503-00000000","צריכה","27/02/2024","11:45",0.062,0
"503-00000000","צריכה","27/02/2024","12:00",0.052,0
"503-00000000","צריכה","27/02/2024","12:15",0.080,0
"503-00000000","צריכה","27/02/2024","12:30",0.079,0
"503-00000000","צריכה","27/02/2024","12:45",0.065,0
"503-00000000","צריכה","27/02/2024","13:00",0.076,0
"503-00000000","צריכה","27/02/2024","13:15",0.083,0
"503-00000000","צריכה","27/02/2024","13:30",0.069,0
"503-00000000","צריכה","27/02/2024","13:45",0.062,0
"503-00000000","צריכה","27/02/2024","14:00",0.081,0
"503-00000000","צריכה","27/02/2024","14:15",0.081,0
"503-00000000","צריכה","27/02/2024","14:30",0.078,0
"503-00000000","צריכה","27/02/2024","14:45",0.069,0
"503-00000000","צריכה","27/02/2024","15:00",0.064,0
"503-00000000","צריכה","27/02/2024","15:15",0.072,0
"503-00000000","צריכה","27/02/2024","15:30",0.073,0
"503-00000000","צריכה","27/02/2024","15:45",0.067,0
"503-00000000","צריכה","27/02/2024","16:00",0.052,0
"503-00000000","צריכה","27/02/2024","16:15",0.084,0
"503-00000000","צריכה","27/02/2024","16:30",0.060,0
"503-00000000","צריכה","27/02/2024","16:45",0.073,0
"503-00000000","צריכה","27/02/2024","17:00",0.259,0
"503-00000000","צריכה","27/02/2024","17:15",0.231,0
"503-00000000","צריכה","27/02/2024","17:30",0.194,0
"503-00000000","צריכה","27/02/2024","17:45",0.255,0
"503-00000000","צריכה","27/02/2024","18:00",0.221,0
"503-00000000","צריכה","27/02/2024","18:15",0.289,0
"503-00000000","צריכה","27/02/2024","18:30",0.278,0
"503-00000000","צריכה","27/02/2024","18:45",0.207,0
"503-00000000","צריכה","27/02/2024","19:00",0.261,0
"503-00000000","צריכה","27/02/2024","19:15",0.247,0
"503-00000000","צריכה","27/02/2024","19:30",0.194,0
"503-00000000","צריכה","27/02/2024","19:45",0.193,0
"503-00000000","צריכה","27/02/2024","20:00",0.192,0
"503-00000000","צריכה","27/02/2024","20:15",0.198,0
"503-00000000","צריכה","27/02/2024","20:30",0.270,0
"503-00000000","צריכה","27/02/2024","20:45",0.285,0
"503-00000000","צריכה","27/02/2024","21:00",0.259,0
"503-00000000","צריכה","27/02/2024","21:15",0.261,0
"503-00000000","צריכה","27/02/2024","21:30",0.282,0
"503-00000000","צריכה","27/02/2024","21:45",0.263,0
"503-00000000","צריכה","27/02/2024","22:00",0.252,0
"503-00000000","צריכה","27/02/2024","22:15",0.188,0
"503-00000000","צריכה","27/02/2024","22:30",0.217,0
"503-00000000","צריכה","27/02/2024","22:45",0.276,0
"503-00000000","צריכה","27/02/2024","23:00",0.061,0
"503-00000000","צריכה","27/02/2024","23:15",0.043,0
"503-00000000","צריכה","27/02/2024","23:30",0.046,0
"503-00000000","צריכה","27/02/2024","23:45",0.062,0
"503-00000000","צריכה","28/02/2024","00:00",0.039,0
"503-00000000","צריכה","28/02/2024","00:15",0.059,0
"503-00000000","צריכה","28/02/2024","00:30",0.041,0
"503-00000000","צריכה","28/02/2024","00:45",0.060,0
"503-00000000","צריכה","28/02/2024","01:00",0.059,0
"503-00000000","צריכה","28/02/2024","01:15",0.041,0
"503-00000000","צריכה","28/02/2024","01:30",0.051,0
"503-00000000","צריכה","28/02/2024","01:45",0.062,0
"503-00000000","צריכה","28/02/2024","02:00",0.062,0
"503-00000000","צריכה","28/02/2024","02:15",0.043,0
"503-00000000","צריכה","28/02/2024","02:30",0.038,0
"503-00000000","צריכה","28/02/2024","02:45",0.056,0
"503-00000000","צריכה","28/02/2024","03:00",0.059,0
"503-00000000","צריכה","28/02/2024","03:15",0.062,0
"503-00000000","צריכה","28/02/2024","03:30",0.050,0
"503-00000000","צריכה","28/02/2024","03:45",0.053,0
"503-00000000","צריכה","28/02/2024","04:00",0.040,0
"503-00000000","צריכה","28/02/2024","04:15",0.058,0
"503-00000000","צריכה","28/02/2024","04:30",0.059,0
"503-00000000","צריכה","28/02/2024","04:45",0.053,0
"503-00000000","צריכה","28/02/2024","05:00",0.044,0
"503-00000000","צריכה","28/02/2024","05:15",0.050,0
"503-00000000","צריכה","28/02/2024","05:30",0.053,0
"503-00000000","צריכה","28/02/2024","05:45",0.051,0
"503-00000000","צריכה","28/02/2024","06:00",0.099,0
"503-00000000","צריכה","28/02/2024","06:15",0.097,0
"503-00000000","צריכה","28/02/2024","06:30",0.118,0
"503-00000000","צריכה","28/02/2024","06:45",0.077,0
"503-00000000","צריכה","28/02/2024","07:00",0.089,0
"503-00000000","צריכה","28/02/2024","07:15",0.118,0
"503-00000000","צריכה","28/02/2024","07:30",0.123,0
"503-00000000","צריכה","28/02/2024","07:45",0.094,0
"503-00000000","צריכה","28/02/2024","08:00",0.124,0
"503-00000000","צריכה","28/02/2024","08:15",0.079,0
"503-00000000","צריכה","28/02/2024","08:30",0.109,0
"503-00000000","צריכה","28/02/2024","08:45",0.118,0
"503-00000000","צריכה","28/02/2024","09:00",0.070,0
"503-00000000","צריכה","28/02/2024","09:15",0.051,0
"503-00000000","צריכה","28/02/2024","09:30",0.055,0
"503-00000000","צריכה","28/02/2024","09:45",0.081,0
"503-00000000","צריכה","28/02/2024","10:00",0.060,0
"503-00000000","צריכה","28/02/2024","10:15",0.062,0
"503-00000000","צריכה","28/02/2024","10:30",0.082,0
"503-00000000","צריכה","28/02/2024","10:45",0.079,0
"503-00000000","צריכה","28/02/2024","11:00",0.058,0
"503-00000000","צריכה","28/02/2024","11:15",0.057,0
"503-00000000","צריכה","28/02/2024","11:30",0.078,0
"503-00000000","צריכה","28/02/2024","11:45",0.082,0
"503-00000000","צריכה","28/02/2024","12:00",0.070,0
"503-00000000","צריכה","28/02/2024","12:15",0.052,0
"503-00000000","צריכה","28/02/2024","12:30",0.081,0
"503-00000000","צריכה","28/02/2024","12:45",0.076,0
"503-00000000","צריכה","28/02/2024","13:00",0.058,0
"503-00000000","צריכה","28/02/2024","13:15",0.061,0
"503-00000000","צריכה","28/02/2024","13:30",0.084,0
"503-00000000","צריכה","28/02/2024","13:45",0.057,0
"503-00000000","צריכה","28/02/2024","14:00",0.084,0
"503-00000000","צריכה","28/02/2024","14:15",0.052,0
"503-00000000","צריכה","28/02/2024","14:30",0.052,0
"503-00000000","צריכה","28/02/2024","14:45",0.060,0
"503-00000000","צריכה","28/02/2024","15:00",0.051,0
"503-00000000","צריכה","28/02/2024","15:15",0.069,0
"503-00000000","צריכה","28/02/2024","15:30",0.081,0
"503-00000000","צריכה","28/02/2024","15:45",0.054,0
"503-00000000","צריכה","28/02/2024","16:00",0.056,0
"503-00000000","צריכה","28/02/2024","16:15",0.071,0
"503-00000000","צריכה","28/02/2024","16:30",0.077,0
"503-00000000","צריכה","28/02/2024","16:45",0.052,0
"503-00000000","צריכה","28/02/2024","17:00",0.273,0
"503-00000000","צריכה","28/02/2024","17:15",0.279,0
"503-00000000","צריכה","28/02/2024","17:30",0.283,0
"503-00000000","צריכה","28/02/2024","17:45",0.289,0
"503-00000000","צריכה","28/02/2024","18:00",0.259,0
"503-00000000","צריכה","28/02/2024","18:15",0.187,0
"503-00000000","צריכה","28/02/2024","18:30",0.211,0
"503-00000000","צריכה","28/02/2024","18:45",0.194,0
"503-00000000","צריכה","28/02/2024","19:00",0.221,0
"503-00000000","צריכה","28/02/2024","19:15",0.225,0
"503-00000000","צריכה","28/02/2024","19:30",0.199,0
"503-00000000","צריכה","28/02/2024","19:45",0.208,0
"503-00000000","צריכה","28/02/2024","20:00",0.257,0
"503-00000000","צריכה","28/02/2024","20:15",0.291,0
"503-00000000","צריכה","28/02/2024","20:30",0.228,0
"503-00000000","צריכה","28/02/2024","20:45",0.199,0
"503-00000000","צריכה","28/02/2024","21:00",0.203,0
"503-00000000","צריכה","28/02/2024","21:15",0.179,0
"503-00000000","צריכה","28/02/2024","21:30",0.238,0
"503-00000000","צריכה","28/02/2024","21:45",0.262,0
"503-00000000","צריכה","28/02/2024","22:00",0.241,0
"503-00000000","צריכה","28/02/2024","22:15",0.180,0
"503-00000000","צריכה","28/02/2024","22:30",0.269,0
"503-00000000","צריכה","28/02/2024","22:45",0.194,0
"503-00000000","צריכה","28/02/2024","23:00",0.044,0
"503-00000000","צריכה","28/02/2024","23:15",0.050,0
"503-00000000","צריכה","28/02/2024","23:30",0.055,0
"503-00000000","צריכה","28/02/2024","23:45",0.041,0
"503-00000000","צריכה","29/02/2024","00:00",0.057,0
"503-00000000","צריכה","29/02/2024","00:15",0.058,0
"503-00000000","צריכה","29/02/2024","00:30",0.062,0
"503-00000000","צריכה","29/02/2024","00:45",0.051,0
"503-00000000","צריכה","29/02/2024","01:00",0.038,0
"503-00000000","צריכה","29/02/2024","01:15",0.044,0
"503-00000000","צריכה","29/02/2024","01:30",0.044,0
"503-00000000","צריכה","29/02/2024","01:45",0.038,0
"503-00000000","צריכה","29/02/2024","02:00",0.057,0
"503-00000000","צריכה","29/02/2024","02:15",0.057,0
"503-00000000","צריכה","29/02/2024","02:30",0.049,0
"503-00000000","צריכה","29/02/2024","02:45",0.055,0
"503-00000000","צריכה","29/02/2024","03:00",0.052,0
"503-00000000","צריכה","29/02/2024","03:15",0.046,0
"503-00000000","צריכה","29/02/2024","03:30",0.050,0
"503-00000000","צריכה","29/02/2024","03:45",0.049,0
"503-00000000","צריכה","29/02/2024","04:00",0.048,0
"503-00000000","צריכה","29/02/2024","04:15",0.050,0
"503-00000000","צריכה","29/02/2024","04:30",0.056,0
"503-00000000","צריכה","29/02/2024","04:45",0.051,0
"503-00000000","צריכה","29/02/2024","05:00",0.052,0
"503-00000000","צריכה","29/02/2024","05:15",0.049,0
"503-00000000","צריכה","29/02/2024","05:30",0.062,0
"503-00000000","צריכה","29/02/2024","05:45",0.043,0
"503-00000000","צריכה","29/02/2024","06:00",0.117,0
"503-00000000","צריכה","29/02/2024","06:15",0.079,0
"503-00000000","צריכה","29/02/2024","06:30",0.109,0
"503-00000000","צריכה","29/02/2024","06:45",0.099,0
"503-00000000","צריכה","29/02/2024","07:00",0.082,0
"503-00000000","צריכה","29/02/2024","07:15",0.103,0
"503-00000000","צריכה","29/02/2024","07:30",0.091,0
"503-00000000","צריכה","29/02/2024","07:45",0.098,0
"503-00000000","צריכה","29/02/2024","08:00",0.084,0
"503-00000000","צריכה","29/02/2024","08:15",0.101,0
"503-00000000","צריכה","29/02/2024","08:30",0.089,0
"503-00000000","צריכה","29/02/2024","08:45",0.121,0
"503-00000000","צריכה","29/02/2024","09:00",0.075,0
"503-00000000","צריכה","29/02/2024","09:15",0.052,0
"503-00000000","צריכה","29/02/2024","09:30",0.069,0
"503-00000000","צריכה","29/02/2024","09:45",0.072,0
"503-00000000","צריכה","29/02/2024","10:00",0.071,0
"503-00000000","צריכה","29/02/2024","10:15",0.052,0
"503-00000000","צריכה","29/02/2024","10:30",0.082,0
"503-00000000","צריכה","29/02/2024","10:45",0.062,0
"503-00000000","צריכה","29/02/2024","11:00",0.079,0
"503-00000000","צריכה","29/02/2024","11:15",0.078,0
"503-00000000","צריכה","29/02/2024","11:30",0.051,0
"503-00000000","צריכה","29/02/2024","11:45",0.079,0
"503-00000000","צריכה","29/02/2024","12:00",0.057,0
"503-00000000","צריכה","29/02/2024","12:15",0.077,0
"503-00000000","צריכה","29/02/2024","12:30",0.078,0
"503-00000000","צריכה","29/02/2024","12:45",0.064,0
"503-00000000","צריכה","29/02/2024","13:00",0.054,0
"503-00000000","צריכה","29/02/2024","13:15",0.053,0
"503-00000000","צריכה","29/02/2024","13:30",0.080,0
"503-00000000","צריכה","29/02/2024","13:45",0.060,0
"503-00000000","צריכה","29/02/2024","14:00",0.052,0
"503-00000000","צריכה","29/02/2024","14:15",0.073,0
"503-00000000","צריכה","29/02/2024","14:30",0.083,0
"503-00000000","צריכה","29/02/2024","14:45",0.074,0
"503-00000000","צריכה","29/02/2024","15:00",0.079,0
"503-00000000","צריכה","29/02/2024","15:15",0.068,0
"503-00000000","צריכה","29/02/2024","15:30",0.054,0
"503-00000000","צריכה","29/02/2024","15:45",0.057,0
"503-00000000","צריכה","29/02/2024","16:00",0.058,0
"503-00000000","צריכה","29/02/2024","16:15",0.064,0
"503-00000000","צריכה","29/02/2024","16:30",0.063,0
"503-00000000","צריכה","29/02/2024","16:45",0.079,0
"503-00000000","צריכה","29/02/2024","17:00",0.226,0
"503-00000000","צריכה","29/02/2024","17:15",0.203,0
"503-00000000","צריכה","29/02/2024","17:30",0.182,0
"503-00000000","צריכה","29/02/2024","17:45",0.236,0
"503-00000000","צריכה","29/02/2024","18:00",0.280,0
"503-00000000","צריכה","29/02/2024","18:15",0.188,0
"503-00000000","צריכה","29/02/2024","18:30",0.228,0
"503-00000000","צריכה","29/02/2024","18:45",0.183,0
"503-00000000","צריכה","29/02/2024","19:00",0.224,0
"503-00000000","צריכה","29/02/2024","19:15",0.241,0
"503-00000000","צריכה","29/02/2024","19:30",0.240,0
"503-00000000","צריכה","29/02/2024","19:45",0.184,0
"503-00000000","צריכה","29/02/2024","20:00",0.255,0
"503-00000000","צריכה","29/02/2024","20:15",0.205,0
"503-00000000","צריכה","29/02/2024","20:30",0.256,0
"503-00000000","צריכה","29/02/2024","20:45",0.207,0
"503-00000000","צריכה","29/02/2024","21:00",0.231,0
"503-00000000","צריכה","29/02/2024","21:15",0.287,0
"503-00000000","צריכה","29/02/2024","21:30",0.292,0
"503-00000000","צריכה","29/02/2024","21:45",0.285,0
"503-00000000","צריכה","29/02/2024","22:00",0.253,0
"503-00000000","צריכה","29/02/2024","22:15",0.260,0
"503-00000000","צריכה","29/02/2024","22:30",0.277,0
"503-00000000","צריכה","29/02/2024","22:45",0.210,0
"503-00000000","צריכה","29/02/2024","23:00",0.043,0
"503-00000000","צריכה","29/02/2024","23:15",0.050,0
"503-00000000","צריכה","29/02/2024","23:30",0.059,0
"503-00000000","צריכה","29/02/2024","23:45",0.056,0
"503-00000000","צריכה","01/03/2024","00:00",0.057,0
"503-00000000","צריכה","01/03/2024","00:15",0.055,0
"503-00000000","צריכה","01/03/2024","00:30",0.057,0
"503-00000000","צריכה","01/03/2024","00:45",0.059,0
"503-00000000","צריכה","01/03/2024","01:00",0.045,0
"503-00000000","צריכה","01/03/2024","01:15",0.052,0
"503-00000000","צריכה","01/03/2024","01:30",0.049,0
"503-00000000","צריכה","01/03/2024","01:45",0.054,0
"503-00000000","צריכה","01/03/2024","02:00",0.052,0
"503-00000000","צריכה","01/03/2024","02:15",0.057,0
"503-00000000","צריכה","01/03/2024","02:30",0.040,0
"503-00000000","צריכה","01/03/2024","02:45",0.044,0
"503-00000000","צריכה","01/03/2024","03:00",0.041,0
"503-00000000","צריכה","01/03/2024","03:15",0.040,0
"503-00000000","צריכה","01/03/2024","03:30",0.052,0
"503-00000000","צריכה","01/03/2024","03:45",0.058,0
"503-00000000","צריכה","01/03/2024","04:00",0.062,0
"503-00000000","צריכה","01/03/2024","04:15",0.038,0
"503-00000000","צריכה","01/03/2024","04:30",0.050,0
"503-00000000","צריכה","01/03/2024","04:45",0.044,0
"503-00000000","צריכה","01/03/2024","05:00",0.038,0
"503-00000000","צריכה","01/03/2024","05:15",0.061,0
"503-00000000","צריכה","01/03/2024","05:30",0.054,0
"503-00000000","צריכה","01/03/2024","05:45",0.059,0
"503-00000000","צריכה","01/03/2024","06:00",0.092,0
"503-00000000","צריכה","01/03/2024","06:15",0.103,0
"503-00000000","צריכה","01/03/2024","06:30",0.102,0
"503-00000000","צריכה","01/03/2024","06:45",0.110,0
"503-00000000","צריכה","01/03/2024","07:00",0.105,0
"503-00000000","צריכה","01/03/2024","07:15",0.111,0
"503-00000000","צריכה","01/03/2024","07:30",0.107,0
"503-00000000","צריכה","01/03/2024","07:45",0.104,0
"503-00000000","צריכה","01/03/2024","08:00",0.102,0
"503-00000000","צריכה","01/03/2024","08:15",0.080,0
"503-00000000","צריכה","01/03/2024","08:30",0.081,0
"503-00000000","צריכה","01/03/2024","08:45",0.119,0
"503-00000000","צריכה","01/03/2024","09:00",0.110,0
"503-00000000","צריכה","01/03/2024","09:15",0.097,0
"503-00000000","צריכה","01/03/2024","09:30",0.098,0
"503-00000000","צריכה","01/03/2024","09:45",0.089,0
"503-00000000","צריכה","01/03/2024","10:00",0.123,0
"503-00000000","צריכה","01/03/2024","10:15",0.118,0
"503-00000000","צריכה","01/03/2024","10:30",0.119,0
"503-00000000","צריכה","01/03/2024","10:45",0.107,0
"503-00000000","צריכה","01/03/2024","11:00",0.100,0
"503-00000000","צריכה","01/03/2024","11:15",0.123,0
"503-00000000","צריכה","01/03/2024","11:30",0.136,0
"503-00000000","צריכה","01/03/2024","11:45",0.099,0
"503-00000000","צריכה","01/03/2024","12:00",0.113,0
"503-00000000","צריכה","01/03/2024","12:15",0.138,0
"503-00000000","צריכה","01/03/2024","12:30",0.119,0
"503-00000000","צריכה","01/03/2024","12:45",0.128,0
"503-00000000","צריכה","01/03/2024","13:00",0.103,0
"503-00000000","צריכה","01/03/2024","13:15",0.094,0
"503-00000000","צריכה","01/03/2024","13:30",0.146,0
"503-00000000","צריכה","01/03/2024","13:45",0.111,0
"503-00000000","צריכה","01/03/2024","14:00",0.102,0
"503-00000000","צריכה","01/03/2024","14:15",0.135,0
"503-00000000","צריכה","01/03/2024","14:30",0.132,0
"503-00000000","צריכה","01/03/2024","14:45",0.140,0
"503-00000000","צריכה","01/03/2024","15:00",0.093,0
"503-00000000","צריכה","01/03/2024","15:15",0.136,0
"503-00000000","צריכה","01/03/2024","15:30",0.116,0
"503-00000000","צריכה","01/03/2024","15:45",0.139,0
"503-00000000","צריכה","01/03/2024","16:00",0.127,0
"503-00000000","צריכה","01/03/2024","16:15",0.118,0
"503-00000000","צריכה","01/03/2024","16:30",0.108,0
"503-00000000","צריכה","01/03/2024","16:45",0.126,0
"503-00000000","צריכה","01/03/2024","17:00",0.181,0
"503-00000000","צריכה","01/03/2024","17:15",0.217,0
"503-00000000","צריכה","01/03/2024","17:30",0.205,0
"503-00000000","צריכה","01/03/2024","17:45",0.184,0
"503-00000000","צריכה","01/03/2024","18:00",0.173,0
"503-00000000","צריכה","01/03/2024","18:15",0.153,0
"503-00000000","צריכה","01/03/2024","18:30",0.155,0
"503-00000000","צריכה","01/03/2024","18:45",0.163,0
"503-00000000","צריכה","01/03/2024","19:00",0.134,0
"503-00000000","צריכה","01/03/2024","19:15",0.158,0
"503-00000000","צריכה","01/03/2024","19:30",0.165,0
"503-00000000","צריכה","01/03/2024","19:45",0.147,0
"503-00000000","צריכה","01/03/2024","20:00",0.205,0
"503-00000000","צריכה","01/03/2024","20:15",0.202,0
"503-00000000","צריכה","01/03/2024","20:30",0.181,0
"503-00000000","צריכה","01/03/2024","20:45",0.202,0
"503-00000000","צריכה","01/03/2024","21:00",0.194,0
"503-00000000","צריכה","01/03/2024","21:15",0.198,0
"503-00000000","צריכה","01/03/2024","21:30",0.192,0
"503-00000000","צריכה","01/03/2024","21:45",0.198,0
"503-00000000","צריכה","01/03/2024","22:00",0.175,0
"503-00000000","צריכה","01/03/2024","22:15",0.215,0
"503-00000000","צריכה","01/03/2024","22:30",0.181,0
"503-00000000","צריכה","01/03/2024","22:45",0.151,0
"503-00000000","צריכה","01/03/2024","23:00",0.057,0
"503-00000000","צריכה","01/03/2024","23:15",0.060,0
"503-00000000","צריכה","01/03/2024","23:30",0.056,0
"503-00000000","צריכה","01/03/2024","23:45",0.061,0
"503-00000000","צריכה","02/03/2024","00:00",0.047,0
"503-00000000","צריכה","02/03/2024","00:15",0.053,0
"503-00000000","צריכה","02/03/2024","00:30",0.043,0
"503-00000000","צריכה","02/03/2024","00:45",0.053,0
"503-00000000","צריכה","02/03/2024","01:00",0.051,0
"503-00000000","צריכה","02/03/2024","01:15",0.061,0
"503-00000000","צריכה","02/03/2024","01:30",0.039,0
"503-00000000","צריכה","02/03/2024","01:45",0.058,0
"503-00000000","צריכה","02/03/2024","02:00",0.057,0
"503-00000000","צריכה","02/03/2024","02:15",0.043,0
"503-00000000","צריכה","02/03/2024","02:30",0.052,0
"503-00000000","צריכה","02/03/2024","02:45",0.040,0
"503-00000000","צריכה","02/03/2024","03:00",0.047,0
"503-00000000","צריכה","02/03/2024","03:15",0.059,0
"503-00000000","צריכה","02/03/2024","03:30",0.044,0
"503-00000000","צריכה","02/03/2024","03:45",0.062,0
"503-00000000","צריכה","02/03/2024","04:00",0.050,0
"503-00000000","צריכה","02/03/2024","04:15",0.057,0
"503-00000000","צריכה","02/03/2024","04:30",0.042,0
"503-00000000","צריכה","02/03/2024","04:45",0.060,0
"503-00000000","צריכה","02/03/2024","05:00",0.043,0
"503-00000000","צריכה","02/03/2024","05:15",0.054,0
"503-00000000","צריכה","02/03/2024","05:30",0.050,0
"503-00000000","צריכה","02/03/2024","05:45",0.045,0
"503-00000000","צריכה","02/03/2024","06:00",0.085,0
"503-00000000","צריכה","02/03/2024","06:15",0.089,0
"503-00000000","צריכה","02/03/2024","06:30",0.101,0
"503-00000000","צריכה","02/03/2024","06:45",0.081,0
"503-00000000","צריכה","02/03/2024","07:00",0.083,0
"503-00000000","צריכה","02/03/2024","07:15",0.104,0
"503-00000000","צריכה","02/03/2024","07:30",0.091,0
"503-00000000","צריכה","02/03/2024","07:45",0.116,0
"503-00000000","צריכה","02/03/2024","08:00",0.104,0
"503-00000000","צריכה","02/03/2024","08:15",0.087,0
"503-00000000","צריכה","02/03/2024","08:30",0.121,0
"503-00000000","צריכה","02/03/2024","08:45",0.093,0
"503-00000000","צריכה","02/03/2024","09:00",0.091,0
"503-00000000","צריכה","02/03/2024","09:15",0.092,0
"503-00000000","צריכה","02/03/2024","09:30",0.110,0
"503-00000000","צריכה","02/03/2024","09:45",0.143,0
"503-00000000","צריכה","02/03/2024","10:00",0.145,0
"503-00000000","צריכה","02/03/2024","10:15",0.098,0
"503-00000000","צריכה","02/03/2024","10:30",0.108,0
"503-00000000","צריכה","02/03/2024","10:45",0.121,0
"503-00000000","צריכה","02/03/2024","11:00",0.128,0
"503-00000000","צריכה","02/03/2024","11:15",0.091,0
"503-00000000","צריכה","02/03/2024","11:30",0.128,0
"503-00000000","צריכה","02/03/2024","11:45",0.110,0
"503-00000000","צריכה","02/03/2024","12:00",0.119,0
"503-00000000","צריכה","02/03/2024","12:15",0.107,0
"503-00000000","צריכה","02/03/2024","12:30",0.134,0
"503-00000000","צריכה","02/03/2024","12:45",0.101,0
"503-00000000","צריכה","02/03/2024","13:00",0.088,0
"503-00000000","צריכה","02/03/2024","13:15",0.095,0
"503-00000000","צריכה","02/03/2024","13:30",0.146,0
"503-00000000","צריכה","02/03/2024","13:45",0.111,0
"503-00000000","צריכה","02/03/2024","14:00",0.146,0
"503-00000000","צריכה","02/03/2024","14:15",0.146,0
"503-00000000","צריכה","02/03/2024","14:30",0.120,0
"503-00000000","צריכה","02/03/2024","14:45",0.124,0
"503-00000000","צריכה","02/03/2024","15:00",0.144,0
"503-00000000","צריכה","02/03/2024","15:15",0.146,0
"503-00000000","צריכה","02/03/2024","15:30",0.103,0
"503-00000000","צריכה","02/03/2024","15:45",0.140,0
"503-00000000","צריכה","02/03/2024","16:00",0.144,0
"503-00000000","צריכה","02/03/2024","16:15",0.110,0
"503-00000000","צריכה","02/03/2024","16:30",0.101,0
"503-00000000","צריכה","02/03/2024","16:45",0.105,0
"503-00000000","צריכה","02/03/2024","17:00",0.143,0
"503-00000000","צריכה","02/03/2024","17:15",0.192,0
"503-00000000","צריכה","02/03/2024","17:30",0.191,0
"503-00000000","צריכה","02/03/2024","17:45",0.182,0
"503-00000000","צריכה","02/03/2024","18:00",0.139,0
"503-00000000","צריכה","02/03/2024","18:15",0.150,0
"503-00000000","צריכה","02/03/2024","18:30",0.178,0
"503-00000000","צריכה","02/03/2024","18:45",0.210,0
"503-00000000","צריכה","02/03/2024","19:00",0.131,0
"503-00000000","צריכה","02/03/2024","19:15",0.212,0
"503-00000000","צריכה","02/03/2024","19:30",0.197,0
"503-00000000","צריכה","02/03/2024","19:45",0.176,0
"503-00000000","צריכה","02/03/2024","20:00",0.211,0
"503-00000000","צריכה","02/03/2024","20:15",0.161,0
"503-00000000","צריכה","02/03/2024","20:30",0.158,0
"503-00000000","צריכה","02/03/2024","20:45",0.174,0
"503-00000000","צריכה","02/03/2024","21:00",0.135,0
"503-00000000","צריכה","02/03/2024","21:15",0.140,0
"503-00000000","צריכה","02/03/2024","21:30",0.143,0
"503-00000000","צריכה","02/03/2024","21:45",0.134,0
"503-00000000","צריכה","02/03/2024","22:00",0.192,0
"503-00000000","צריכה","02/03/2024","22:15",0.155,0
"503-00000000","צריכה","02/03/2024","22:30",0.147,0
"503-00000000","צריכה","02/03/2024","22:45",0.205,0
"503-00000000","צריכה","02/03/2024","23:00",0.059,0
"503-00000000","צריכה","02/03/2024","23:15",0.040,0
"503-00000000","צריכה","02/03/2024","23:30",0.061,0
"503-00000000","צריכה","02/03/2024","23:45",0.039,0
"503-00000000","צריכה","03/03/2024","00:00",0.055,0
"503-00000000","צריכה","03/03/2024","00:15",0.047,0
"503-00000000","צריכה","03/03/2024","00:30",0.053,0
"503-00000000","צריכה","03/03/2024","00:45",0.049,0
"503-00000000","צריכה","03/03/2024","01:00",0.044,0
"503-00000000","צריכה","03/03/2024","01:15",0.062,0
"503-00000000","צריכה","03/03/2024","01:30",0.053,0
"503-00000000","צריכה","03/03/2024","01:45",0.047,0
"503-00000000","צריכה","03/03/2024","02:00",0.047,0
"503-00000000","צריכה","03/03/2024","02:15",0.057,0
"503-00000000","צריכה","03/03/2024","02:30",0.057,0
"503-00000000","צריכה","03/03/2024","02:45",0.039,0
"503-00000000","צריכה","03/03/2024","03:00",0.059,0
"503-00000000","צריכה","03/03/2024","03:15",0.039,0
"503-00000000","צריכה","03/03/2024","03:30",0.040,0
"503-00000000","צריכה","03/03/2024","03:45",0.040,0
"503-00000000","צריכה","03/03/2024","04:00",0.056,0
"503-00000000","צריכה","03/03/2024","04:15",0.051,0
"503-00000000","צריכה","03/03/2024","04:30",0.042,0
"503-00000000","צריכה","03/03/2024","04:45",0.060,0
"503-00000000","צריכה","03/03/2024","05:00",0.048,0
"503-00000000","צריכה","03/03/2024","05:15",0.041,0
"503-00000000","צריכה","03/03/2024","05:30",0.041,0
"503-00000000","צריכה","03/03/2024","05:45",0.056,0
"503-00000000","צריכה","03/03/2024","06:00",0.079,0
"503-00000000","צריכה","03/03/2024","06:15",0.093,0
"503-00000000","צריכה","03/03/2024","06:30",0.107,0
"503-00000000","צריכה","03/03/2024","06:45",0.117,0
"503-00000000","צריכה","03/03/2024","07:00",0.076,0
"503-00000000","צריכה","03/03/2024","07:15",0.101,0
"503-00000000","צריכה","03/03/2024","07:30",0.078,0
"503-00000000","צריכה","03/03/2024","07:45",0.117,0
"503-00000000","צריכה","03/03/2024","08:00",0.117,0
"503-00000000","צריכה","03/03/2024","08:15",0.099,0
"503-00000000","צריכה","03/03/2024","08:30",0.124,0
"503-00000000","צריכה","03/03/2024","08:45",0.090,0
"503-00000000","צריכה","03/03/2024","09:00",0.061,0
"503-00000000","צריכה","03/03/2024","09:15",0.072,0
"503-00000000","צריכה","03/03/2024","09:30",0.055,0
"503-00000000","צריכה","03/03/2024","09:45",0.056,0
"503-00000000","צריכה","03/03/2024","10:00",0.083,0
"503-00000000","צריכה","03/03/2024","10:15",0.061,0
"503-00000000","צריכה","03/03/2024","10:30",0.071,0
"503-00000000","צריכה","03/03/2024","10:45",0.064,0
"503-00000000","צריכה","03/03/2024","11:00",0.079,0
"503-00000000","צריכה","03/03/2024","11:15",0.067,0
"503-00000000","צריכה","03/03/2024","11:30",0.061,0
"503-00000000","צריכה","03/03/2024","11:45",0.056,0
"503-00000000","צריכה","03/03/2024","12:00",0.075,0
"503-00000000","צריכה","03/03/2024","12:15",0.069,0
"503-00000000","צריכה","03/03/2024","12:30",0.084,0
"503-00000000","צריכה","03/03/2024","12:45",0.056,0
"503-00000000","צריכה","03/03/2024","13:00",0.053,0
"503-00000000","צריכה","03/03/2024","13:15",0.053,0
"503-00000000","צריכה","03/03/2024","13:30",0.069,0
"503-00000000","צריכה","03/03/2024","13:45",0.077,0
"503-00000000","צריכה","03/03/2024","14:00",0.069,0
"503-00000000","צריכה","03/03/2024","14:15",0.059,0
"503-00000000","צריכה","03/03/2024","14:30",0.055,0
"503-00000000","צריכה","03/03/2024","14:45",0.074,0
"503-00000000","צריכה","03/03/2024","15:00",0.076,0
"503-00000000","צריכה","03/03/2024","15:15",0.058,0
"503-00000000","צריכה","03/03/2024","15:30",0.073,0
"503-00000000","צריכה","03/03/2024","15:45",0.064,0
"503-00000000","צריכה","03/03/2024","16:00",0.053,0
"503-00000000","צריכה","03/03/2024","16:15",0.052,0
"503-00000000","צריכה","03/03/2024","16:30",0.064,0
"503-00000000","צריכה","03/03/2024","16:45",0.064,0
"503-00000000","צריכה","03/03/2024","17:00",0.213,0
"503-00000000","צריכה","03/03/2024","17:15",0.178,0
"503-00000000","צריכה","03/03/2024","17:30",0.184,0
"503-00000000","צריכה","03/03/2024","17:45",0.208,0
"503-00000000","צריכה","03/03/2024","18:00",0.219,0
"503-00000000","צריכה","03/03/2024","18:15",0.165,0
"503-00000000","צריכה","03/03/2024","18:30",0.182,0
"503-00000000","צריכה","03/03/2024","18:45",0.180,0
"503-00000000","צריכה","03/03/2024","19:00",0.162,0
"503-00000000","צריכה","03/03/2024","19:15",0.179,0
"503-00000000","צריכה","03/03/2024","19:30",0.210,0
"503-00000000","צריכה","03/03/2024","19:45",0.201,0
"503-00000000","צריכה","03/03/2024","20:00",0.180,0
"503-00000000","צריכה","03/03/2024","20:15",0.193,0
"503-00000000","צריכה","03/03/2024","20:30",0.179,0
"503-00000000","צריכה","03/03/2024","20:45",0.179,0
"503-00000000","צריכה","03/03/2024","21:00",0.150,0
"503-00000000","צריכה","03/03/2024","21:15",0.165,0
"503-00000000","צריכה","03/03/2024","21:30",0.158,0
"503-00000000","צריכה","03/03/2024","21:45",0.183,0
"503-00000000","צריכה","03/03/2024","22:00",0.167,0
"503-00000000","צריכה","03/03/2024","22:15",0.181,0
"503-00000000","צריכה","03/03/2024","22:30",0.150,0
"503-00000000","צריכה","03/03/2024","22:45",0.184,0
"503-00000000","צריכה","03/03/2024","23:00",0.053,0
"503-00000000","צריכה","03/03/2024","23:15",0.055,0
"503-00000000","צריכה","03/03/2024","23:30",0.046,0
"503-00000000","צריכה","03/03/2024","23:45",0.044,0
"503-00000000","צריכה","04/03/2024","00:00",0.041,0
"503-00000000","צריכה","04/03/2024","00:15",0.062,0
"503-00000000","צריכה","04/03/2024","00:30",0.043,0
"503-00000000","צריכה","04/03/2024","00:45",0.038,0
"503-00000000","צריכה","04/03/2024","01:00",0.040,0
"503-00000000","צריכה","04/03/2024","01:15",0.050,0
"503-00000000","צריכה","04/03/2024","01:30",0.055,0
"503-00000000","צריכה","04/03/2024","01:45",0.055,0
"503-00000000","צריכה","04/03/2024","02:00",0.055,0
"503-00000000","צריכה","04/03/2024","02:15",0.041,0
"503-00000000","צריכה","04/03/2024","02:30",0.047,0
"503-00000000","צריכה","04/03/2024","02:45",0.050,0
"503-00000000","צריכה","04/03/2024","03:00",0.041,0
"503-00000000","צריכה","04/03/2024","03:15",0.048,0
"503-00000000","צריכה","04/03/2024","03:30",0.040,0
"503-00000000","צריכה","04/03/2024","03:45",0.056,0
"503-00000000","צריכה","04/03/2024","04:00",0.054,0
"503-00000000","צריכה","04/03/2024","04:15",0.044,0
"503-00000000","צריכה","04/03/2024","04:30",0.049,0
"503-00000000","צריכה","04/03/2024","04:45",0.060,0
"503-00000000","צריכה","04/03/2024","05:00",0.062,0
"503-00000000","צריכה","04/03/2024","05:15",0.054,0
"503-00000000","צריכה","04/03/2024","05:30",0.041,0
"503-00000000","צריכה","04/03/2024","05:45",0.057,0
"503-00000000","צריכה","04/03/2024","06:00",0.092,0
"503-00000000","צריכה","04/03/2024","06:15",0.097,0
"503-00000000","צריכה","04/03/2024","06:30",0.085,0
"503-00000000","צריכה","04/03/2024","06:45",0.109,0
"503-00000000","צריכה","04/03/2024","07:00",0.081,0
"503-00000000","צריכה","04/03/2024","07:15",0.102,0
"503-00000000","צריכה","04/03/2024","07:30",0.108,0
"503-00000000","צריכה","04/03/2024","07:45",0.084,0
"503-00000000","צריכה","04/03/2024","08:00",0.082,0
"503-00000000","צריכה","04/03/2024","08:15",0.122,0
"503-00000000","צריכה","04/03/2024","08:30",0.087,0
"503-00000000","צריכה","04/03/2024","08:45",0.081,0
"503-00000000","צריכה","04/03/2024","09:00",0.076,0
"503-00000000","צריכה","04/03/2024","09:15",0.073,0
"503-00000000","צריכה","04/03/2024","09:30",0.063,0
"503-00000000","צריכה","04/03/2024","09:45",0.074,0
"503-00000000","צריכה","04/03/2024","10:00",0.066,0
"503-00000000","צריכה","04/03/2024","10:15",0.061,0
"503-00000000","צריכה","04/03/2024","10:30",0.056,0
"503-00000000","צריכה","04/03/2024","10:45",0.077,0
"503-00000000","צריכה","04/03/2024","11:00",0.075,0
"503-00000000","צריכה","04/03/2024","11:15",0.083,0
"503-00000000","צריכה","04/03/2024","11:30",0.068,0
"503-00000000","צריכה","04/03/2024","11:45",0.063,0
"503-00000000","צריכה","04/03/2024","12:00",0.067,0
"503-00000000","צריכה","04/03/2024","12:15",0.069,0
"503-00000000","צריכה","04/03/2024","12:30",0.078,0
"503-00000000","צריכה","04/03/2024","12:45",0.051,0
"503-00000000","צריכה","04/03/2024","13:00",0.063,0
"503-00000000","צריכה","04/03/2024","13:15",0.073,0
"503-00000000","צריכה","04/03/2024","13:30",0.059,0
"503-00000000","צריכה","04/03/2024","13:45",0.054,0
"503-00000000","צריכה","04/03/2024","14:00",0.069,0
"503-00000000","צריכה","04/03/2024","14:15",0.066,0
"503-00000000","צריכה","04/03/2024","14:30",0.077,0
"503-00000000","צריכה","04/03/2024","14:45",0.056,0
"503-00000000","צריכה","04/03/2024","15:00",0.063,0
"503-00000000","צריכה","04/03/2024","15:15",0.071,0
"503-00000000","צריכה","04/03/2024","15:30",0.055,0
"503-00000000","צריכה","04/03/2024","15:45",0.069,0
"503-00000000","צריכה","04/03/2024","16:00",0.055,0
"503-00000000","צריכה","04/03/2024","16:15",0.056,0
"503-00000000","צריכה","04/03/2024","16:30",0.058,0
"503-00000000","צריכה","04/03/2024","16:45",0.058,0
"503-00000000","צריכה","04/03/2024","17:00",0.172,0
"503-00000000","צריכה","04/03/2024","17:15",0.188,0
"503-00000000","צריכה","04/03/2024","17:30",0.208,0
"503-00000000","צריכה","04/03/2024","17:45",0.199,0
"503-00000000","צריכה","04/03/2024","18:00",0.207,0
"503-00000000","צריכה","04/03/2024","18:15",0.136,0
"503-00000000","צריכה","04/03/2024","18:30",0.149,0
"503-00000000","צריכה","04/03/2024","18:45",0.173,0
"503-00000000","צריכה","04/03/2024","19:00",0.205,0
"503-00000000","צריכה","04/03/2024","19:15",0.187,0
"503-00000000","צריכה","04/03/2024","19:30",0.132,0
"503-00000000","צריכה","04/03/2024","19:45",0.157,0
"503-00000000","צריכה","04/03/2024","20:00",0.186,0
"503-00000000","צריכה","04/03/2024","20:15",0.149,0
"503-00000000","צריכה","04/03/2024","20:30",0.186,0
"503-00000000","צריכה","04/03/2024","20:45",0.151,0
"503-00000000","צריכה","04/03/2024","21:00",0.140,0
"503-00000000","צריכה","04/03/2024","21:15",0.133,0
"503-00000000","צריכה","04/03/2024","21:30",0.198,0
"503-00000000","צריכה","04/03/2024","21:45",0.208,0
"503-00000000","צריכה","04/03/2024","22:00",0.160,0
"503-00000000","צריכה","04/03/2024","22:15",0.187,0
"503-00000000","צריכה","04/03/2024","22:30",0.194,0
"503-00000000","צריכה","04/03/2024","22:45",0.131,0
"503-00000000","צריכה","04/03/2024","23:00",0.051,0
"503-00000000","צריכה","04/03/2024","23:15",0.052,0
"503-00000000","צריכה","04/03/2024","23:30",0.052,0
"503-00000000","צריכה","04/03/2024","23:45",0.059,0
"503-00000000","צריכה","05/03/2024","00:00",0.052,0
"503-00000000","צריכה","05/03/2024","00:15",0.044,0
"503-00000000","צריכה","05/03/2024","00:30",0.057,0
"503-00000000","צריכה","05/03/2024","00:45",0.049,0
"503-00000000","צריכה","05/03/2024","01:00",0.045,0
"503-00000000","צריכה","05/03/2024","01:15",0.057,0
"503-00000000","צריכה","05/03/2024","01:30",0.062,0
"503-00000000","צריכה","05/03/2024","01:45",0.043,0
"503-00000000","צריכה","05/03/2024","02:00",0.050,0
"503-00000000","צריכה","05/03/2024","02:15",0.062,0
"503-00000000","צריכה","05/03/2024","02:30",0.047,0
"503-00000000","צריכה","05/03/2024","02:45",0.049,0
"503-00000000","צריכה","05/03/2024","03:00",0.058,0
"503-00000000","צריכה","05/03/2024","03:15",0.051,0
"503-00000000","צריכה","05/03/2024","03:30",0.057,0
"503-00000000","צריכה","05/03/2024","03:45",0.044,0
"503-00000000","צריכה","05/03/2024","04:00",0.039,0
"503-00000000","צריכה","05/03/2024","04:15",0.059,0
"503-00000000","צריכה","05/03/2024","04:30",0.038,0
"503-00000000","צריכה","05/03/2024","04:45",0.052,0
"503-00000000","צריכה","05/03/2024","05:00",0.038,0
"503-00000000","צריכה","05/03/2024","05:15",0.040,0
"503-00000000","צריכה","05/03/2024","05:30",0.038,0
"503-00000000","צריכה","05/03/2024","05:45",0.061,0
"503-00000000","צריכה","05/03/2024","06:00",0.080,0
"503-00000000","צריכה","05/03/2024","06:15",0.109,0
"503-00000000","צריכה","05/03/2024","06:30",0.096,0
"503-00000000","צריכה","05/03/2024","06:45",0.117,0
"503-00000000","צריכה","05/03/2024","07:00",0.115,0
"503-00000000","צריכה","05/03/2024","07:15",0.116,0
"503-00000000","צריכה","05/03/2024","07:30",0.075,0
"503-00000000","צריכה","05/03/2024","07:45",0.123,0
"503-00000000","צריכה","05/03/2024","08:00",0.103,0
"503-00000000","צריכה","05/03/2024","08:15",0.106,0
"503-00000000","צריכה","05/03/2024","08:30",0.091,0
"503-00000000","צריכה","05/03/2024","08:45",0.076,0
"503-00000000","צריכה","05/03/2024","09:00",0.074,0
"503-00000000","צריכה","05/03/2024","09:15",0.056,0
"503-00000000","צריכה","05/03/2024","09:30",0.083,0
"503-00000000","צריכה","05/03/2024","09:45",0.053,0
"503-00000000","צריכה","05/03/2024","10:00",0.076,0
"503-00000000","צריכה","05/03/2024","10:15",0.053,0
"503-00000000","צריכה","05/03/2024","10:30",0.052,0
"503-00000000","צריכה","05/03/2024","10:45",0.073,0
"503-00000000","צריכה","05/03/2024","11:00",0.054,0
"503-00000000","צריכה","05/03/2024","11:15",0.064,0
"503-00000000","צריכה","05/03/2024","11:30",0.058,0
"503-00000000","צריכה","05/03/2024","11:45",0.084,0
"503-00000000","צריכה","05/03/2024","12:00",0.051,0
"503-00000000","צריכה","05/03/2024","12:15",0.059,0
"503-00000000","צריכה","05/03/2024","12:30",0.052,0
"503-00000000","צריכה","05/03/2024","12:45",0.065,0
"503-00000000","צריכה","05/03/2024","13:00",0.053,0
"503-00000000","צריכה","05/03/2024","13:15",0.072,0
"503-00000000","צריכה","05/03/2024","13:30",0.083,0
"503-00000000","צריכה","05/03/2024","13:45",0.073,0
"503-00000000","צריכה","05/03/2024","14:00",0.063,0
"503-00000000","צריכה","05/03/2024","14:15",0.058,0
"503-00000000","צריכה","05/03/2024","14:30",0.083,0
"503-00000000","צריכה","05/03/2024","14:45",0.067,0
"503-00000000","צריכה","05/03/2024","15:00",0.084,0
"503-00000000","צריכה","05/03/2024","15:15",0.073,0
"503-00000000","צריכה","05/03/2024","15:30",0.058,0
"503-00000000","צריכה","05/03/2024","15:45",0.052,0
"503-00000000","צריכה","05/03/2024","16:00",0.068,0
"503-00000000","צריכה","05/03/2024","16:15",0.066,0
"503-00000000","צריכה","05/03/2024","16:30",0.078,0
"503-00000000","צריכה","05/03/2024","16:45",0.070,0
"503-00000000","צריכה","05/03/2024","17:00",0.166,0
"503-00000000","צריכה","05/03/2024","17:15",0.200,0
"503-00000000","צריכה","05/03/2024","17:30",0.164,0
"503-00000000","צריכה","05/03/2024","17:45",0.197,0
"503-00000000","צריכה","05/03/2024","18:00",0.212,0
"503-00000000","צריכה","05/03/2024","18:15",0.138,0
"503-00000000","צריכה","05/03/2024","18:30",0.135,0
"503-00000000","צריכה","05/03/2024","18:45",0.144,0
"503-00000000","צריכה","05/03/2024","19:00",0.149,0
"503-00000000","צריכה","05/03/2024","19:15",0.206,0
"503-00000000","צריכה","05/03/2024","19:30",0.213,0
"503-00000000","צריכה","05/03/2024","19:45",0.211,0
"503-00000000","צריכה","05/03/2024","20:00",0.163,0
"503-00000000","צריכה","05/03/2024","20:15",0.134,0
"503-00000000","צריכה","05/03/2024","20:30",0.211,0
"503-00000000","צריכה","05/03/2024","20:45",0.178,0
"503-00000000","צריכה","05/03/2024","21:00",0.216,0
"503-00000000","צריכה","05/03/2024","21:15",0.184,0
"503-00000000","צריכה","05/03/2024","21:30",0.193,0
"503-00000000","צריכה","05/03/2024","21:45",0.212,0
"503-00000000","צריכה","05/03/2024","22:00",0.194,0
"503-00000000","צריכה","05/03/2024","22:15",0.201,0
"503-00000000","צריכה","05/03/2024","22:30",0.203,0
"503-00000000","צריכה","05/03/2024","22:45",0.209,0
"503-00000000","צריכה","05/03/2024","23:00",0.039,0
"503-00000000","צריכה","05/03/2024","23:15",0.040,0
"503-00000000","צריכה","05/03/2024","23:30",0.055,0
"503-00000000","צריכה","05/03/2024","23:45",0.040,0
"503-00000000","צריכה","06/03/2024","00:00",0.039,0
"503-00000000","צריכה","06/03/2024","00:15",0.052,0
"503-00000000","צריכה","06/03/2024","00:30",0.054,0
"503-00000000","צריכה","06/03/2024","00:45",0.061,0
"503-00000000","צריכה","06/03/2024","01:00",0.047,0
"503-00000000","צריכה","06/03/2024","01:15",0.040,0
"503-00000000","צריכה","06/03/2024","01:30",0.043,0
"503-00000000","צריכה","06/03/2024","01:45",0.051,0
"503-00000000","צריכה","06/03/2024","02:00",0.054,0
"503-00000000","צריכה","06/03/2024","02:15",0.045,0
"503-00000000","צריכה","06/03/2024","02:30",0.046,0
"503-00000000","צריכה","06/03/2024","02:45",0.060,0
"503-00000000","צריכה","06/03/2024","03:00",0.044,0
"503-00000000","צריכה","06/03/2024","03:15",0.041,0
"503-00000000","צריכה","06/03/2024","03:30",0.056,0
"503-00000000","צריכה","06/03/2024","03:45",0.047,0
"503-00000000","צריכה","06/03/2024","04:00",0.054,0
"503-00000000","צריכה","06/03/2024","04:15",0.044,0
"503-00000000","צריכה","06/03/2024","04:30",0.059,0
"503-00000000","צריכה","06/03/2024","04:45",0.057,0
"503-00000000","צריכה","06/03/2024","05:00",0.055,0
"503-00000000","צריכה","06/03/2024","05:15",0.053,0
"503-00000000","צריכה","06/03/2024","05:30",0.038,0
"503-00000000","צריכה","06/03/2024","05:45",0.054,0
"503-00000000","צריכה","06/03/2024","06:00",0.104,0
"503-00000000","צריכה","06/03/2024","06:15",0.106,0
"503-00000000","צריכה","06/03/2024","06:30",0.106,0
"503-00000000","צריכה","06/03/2024","06:45",0.081,0
"503-00000000","צריכה","06/03/2024","07:00",0.113,0
"503-00000000","צריכה","06/03/2024","07:15",0.122,0
"503-00000000","צריכה","06/03/2024","07:30",0.101,0
"503-00000000","צריכה","06/03/2024","07:45",0.082,0
"503-00000000","צריכה","06/03/2024","08:00",0.110,0
"503-00000000","צריכה","06/03/2024","08:15",0.118,0
"503-00000000","צריכה","06/03/2024","08:30",0.113,0
"503-00000000","צריכה","06/03/2024","08:45",0.110,0
"503-00000000","צריכה","06/03/2024","09:00",0.078,0
"503-00000000","צריכה","06/03/2024","09:15",0.075,0
"503-00000000","צריכה","06/03/2024","09:30",0.079,0
"503-00000000","צריכה","06/03/2024","09:45",0.075,0
"503-00000000","צריכה","06/03/2024","10:00",0.052,0
"503-00000000","צריכה","06/03/2024","10:15",0.056,0
"503-00000000","צריכה","06/03/2024","10:30",0.074,0
"503-00000000","צריכה","06/03/2024","10:45",0.061,0
"503-00000000","צריכה","06/03/2024","11:00",0.054,0
"503-00000000","צריכה","06/03/2024","11:15",0.063,0
"503-00000000","צריכה","06/03/2024","11:30",0.057,0
"503-00000000","צריכה","06/03/2024","11:45",0.073,0
"503-00000000","צריכה","06/03/2024","12:00",0.067,0
"503-00000000","צריכה","06/03/2024","12:15",0.059,0
"503-00000000","צריכה","06/03/2024","12:30",0.066,0
"503-00000000","צריכה","06/03/2024","12:45",0.083,0
"503-00000000","צריכה","06/03/2024","13:00",0.061,0
"503-00000000","צריכה","06/03/2024","13:15",0.082,0
"503-00000000","צריכה","06/03/2024","13:30",0.051,0
"503-00000000","צריכה","06/03/2024","13:45",0.075,0
"503-00000000","צריכה","06/03/2024","14:00",0.065,0
"503-00000000","צריכה","06/03/2024","14:15",0.084,0
"503-00000000","צריכה","06/03/2024","14:30",0.062,0
"503-00000000","צריכה","06/03/2024","14:45",0.056,0
"503-00000000","צריכה","06/03/2024","15:00",0.062,0
"503-00000000","צריכה","06/03/2024","15:15",0.053,0
"503-00000000","צריכה","06/03/2024","15:30",0.065,0
"503-00000000","צריכה","06/03/2024","15:45",0.068,0
"503-00000000","צריכה","06/03/2024","16:00",0.076,0
"503-00000000","צריכה","06/03/2024","16:15",0.052,0
"503-00000000","צריכה","06/03/2024","16:30",0.072,0
"503-00000000","צריכה","06/03/2024","16:45",0.053,0
"503-00000000","צריכה","06/03/2024","17:00",0.189,0
"503-00000000","צריכה","06/03/2024","17:15",0.137,0
"503-00000000","צריכה","06/03/2024","17:30",0.185,0
"503-00000000","צריכה","06/03/2024","17:45",0.205,0
"503-00000000","צריכה","06/03/2024","18:00",0.163,0
"503-00000000","צריכה","06/03/2024","18:15",0.141,0
"503-00000000","צריכה","06/03/2024","18:30",0.208,0
"503-00000000","צריכה","06/03/2024","18:45",0.217,0
"503-00000000","צריכה","06/03/2024","19:00",0.200,0
"503-00000000","צריכה","06/03/2024","19:15",0.150,0
"503-00000000","צריכה","06/03/2024","19:30",0.136,0
"503-00000000","צריכה","06/03/2024","19:45",0.193,0
"503-00000000","צריכה","06/03/2024","20:00",0.135,0
"503-00000000","צריכה","06/03/2024","20:15",0.215,0
"503-00000000","צריכה","06/03/2024","20:30",0.183,0
"503-00000000","צריכה","06/03/2024","20:45",0.152,0
"503-00000000","צריכה","06/03/2024","21:00",0.141,0
"503-00000000","צריכה","06/03/2024","21:15",0.189,0
"503-00000000","צריכה","06/03/2024","21:30",0.136,0
"503-00000000","צריכה","06/03/2024","21:45",0.182,0
"503-00000000","צריכה","06/03/2024","22:00",0.216,0
"503-00000000","צריכה","06/03/2024","22:15",0.183,0
"503-00000000","צריכה","06/03/2024","22:30",0.185,0
"503-00000000","צריכה","06/03/2024","22:45",0.137,0
"503-00000000","צריכה","06/03/2024","23:00",0.044,0
"503-00000000","צריכה","06/03/2024","23:15",0.047,0
"503-00000000","צריכה","06/03/2024","23:30",0.051,0
"503-00000000","צריכה","06/03/2024","23:45",0.039,0
"503-00000000","צריכה","07/03/2024","00:00",0.049,0
"503-00000000","צריכה","07/03/2024","00:15",0.060,0
"503-00000000","צריכה","07/03/2024","00:30",0.056,0
"503-00000000","צריכה","07/03/2024","00:45",0.054,0
"503-00000000","צריכה","07/03/2024","01:00",0.060,0
"503-00000000","צריכה","07/03/2024","01:15",0.042,0
"503-00000000","צריכה","07/03/2024","01:30",0.061,0
"503-00000000","צריכה","07/03/2024","01:45",0.058,0
"503-00000000","צריכה","07/03/2024","02:00",0.044,0
"503-00000000","צריכה","07/03/2024","02:15",0.048,0
"503-00000000","צריכה","07/03/2024","02:30",0.047,0
"503-00000000","צריכה","07/03/2024","02:45",0.046,0
"503-00000000","צריכה","07/03/2024","03:00",0.045,0
"503-00000000","צריכה","07/03/2024","03:15",0.048,0
"503-00000000","צריכה","07/03/2024","03:30",0.059,0
"503-00000000","צריכה","07/03/2024","03:45",0.041,0
"503-00000000","צריכה","07/03/2024","04:00",0.060,0
"503-00000000","צריכה","07/03/2024","04:15",0.043,0
"503-00000000","צריכה","07/03/2024","04:30",0.039,0
"503-00000000","צריכה","07/03/2024","04:45",0.056,0
"503-00000000","צריכה","07/03/2024","05:00",0.038,0
"503-00000000","צריכה","07/03/2024","05:15",0.062,0
"503-00000000","צריכה","07/03/2024","05:30",0.038,0
"503-00000000","צריכה","07/03/2024","05:45",0.047,0
"503-00000000","צריכה","07/03/2024","06:00",0.121,0
"503-00000000","צריכה","07/03/2024","06:15",0.105,0
"503-00000000","צריכה","07/03/2024","06:30",0.092,0
"503-00000000","צריכה","07/03/2024","06:45",0.089,0
"503-00000000","צריכה","07/03/2024","07:00",0.084,0
"503-00000000","צריכה","07/03/2024","07:15",0.125,0
"503-00000000","צריכה","07/03/2024","07:30",0.122,0
"503-00000000","צריכה","07/03/2024","07:45",0.124,0
"503-00000000","צריכה","07/03/2024","08:00",0.124,0
"503-00000000","צריכה","07/03/2024","08:15",0.107,0
"503-00000000","צריכה","07/03/2024","08:30",0.082,0
"503-00000000","צריכה","07/03/2024","08:45",0.110,0
"503-00000000","צריכה","07/03/2024","09:00",0.059,0
"503-00000000","צריכה","07/03/2024","09:15",0.056,0
"503-00000000","צריכה","07/03/2024","09:30",0.057,0
"503-00000000","צריכה","07/03/2024","09:45",0.070,0
"503-00000000","צריכה","07/03/2024","10:00",0.072,0
"503-00000000","צריכה","07/03/2024","10:15",0.071,0
"503-00000000","צריכה","07/03/2024","10:30",0.058,0
"503-00000000","צריכה","07/03/2024","10:45",0.054,0
"503-00000000","צריכה","07/03/2024","11:00",0.077,0
"503-00000000","צריכה","07/03/2024","11:15",0.053,0
"503-00000000","צריכה","07/03/2024","11:30",0.070,0
"503-00000000","צריכה","07/03/2024","11:45",0.051,0
"503-00000000","צריכה","07/03/2024","12:00",0.078,0
"503-00000000","צריכה","07/03/2024","12:15",0.053,0
"503-00000000","צריכה","07/03/2024","12:30",0.076,0
"503-00000000","צריכה","07/03/2024","12:45",0.071,0
"503-00000000","צריכה","07/03/2024","13:00",0.064,0
"503-00000000","צריכה","07/03/2024","13:15",0.072,0
"503-00000000","צריכה","07/03/2024","13:30",0.055,0
"503-00000000","צריכה","07/03/2024","13:45",0.065,0
"503-00000000","צריכה","07/03/2024","14:00",0.052,0
"503-00000000","צריכה","07/03/2024","14:15",0.072,0
"503-00000000","צריכה","07/03/2024","14:30",0.071,0
"503-00000000","צריכה","07/03/2024","14:45",0.063,0
"503-00000000","צריכה","07/03/2024","15:00",0.074,0
"503-00000000","צריכה","07/03/2024","15:15",0.072,0
"503-00000000","צריכה","07/03/2024","15:30",0.072,0
"503-00000000","צריכה","07/03/2024","15:45",0.063,0
"503-00000000","צריכה","07/03/2024","16:00",0.061,0
"503-00000000","צריכה","07/03/2024","16:15",0.073,0
"503-00000000","צריכה","07/03/2024","16:30",0.064,0
"503-00000000","צריכה","07/03/2024","16:45",0.081,0
"503-00000000","צריכה","07/03/2024","17:00",0.143,0
"503-00000000","צריכה","07/03/2024","17:15",0.148,0
"503-00000000","צריכה","07/03/2024","17:30",0.138,0
"503-00000000","צריכה","07/03/2024","17:45",0.212,0
"503-00000000","צריכה","07/03/2024","18:00",0.195,0
"503-00000000","צריכה","07/03/2024","18:15",0.158,0
"503-00000000","צריכה","07/03/2024","18:30",0.182,0
"503-00000000","צריכה","07/03/2024","18:45",0.139,0
"503-00000000","צריכה","07/03/2024","19:00",0.170,0
"503-00000000","צריכה","07/03/2024","19:15",0.134,0
"503-00000000","צריכה","07/03/2024","19:30",0.177,0
"503-00000000","צריכה","07/03/2024","19:45",0.132,0
"503-00000000","צריכה","07/03/2024","20:00",0.157,0
"503-00000000","צריכה","07/03/2024","20:15",0.218,0
"503-00000000","צריכה","07/03/2024","20:30",0.217,0
"503-00000000","צריכה","07/03/2024","20:45",0.161,0
"503-00000000","צריכה","07/03/2024","21:00",0.133,0
"503-00000000","צריכה","07/03/2024","21:15",0.179,0
"503-00000000","צריכה","07/03/2024","21:30",0.159,0
"503-00000000","צריכה","07/03/2024","21:45",0.189,0
"503-00000000","צריכה","07/03/2024","22:00",0.133,0
"503-00000000","צריכה","07/03/2024","22:15",0.149,0
"503-00000000","צריכה","07/03/2024","22:30",0.156,0
"503-00000000","צריכה","07/03/2024","22:45",0.189,0
"503-00000000","צריכה","07/03/2024","23:00",0.061,0
"503-00000000","צריכה","07/03/2024","23:15",0.048,0
"503-00000000","צריכה","07/03/2024","23:30",0.043,0
"503-00000000","צריכה","07/03/2024","23:45",0.045,0
"503-00000000","צריכה","08/03/2024","00:00",0.049,0
"503-00000000","צריכה","08/03/2024","00:15",0.055,0
"503-00000000","צריכה","08/03/2024","00:30",0.048,0
"503-00000000","צריכה","08/03/2024","00:45",0.042,0
"503-00000000","צריכה","08/03/2024","01:00",0.056,0
"503-00000000","צריכה","08/03/2024","01:15",0.059,0
"503-00000000","צריכה","08/03/2024","01:30",0.052,0
"503-00000000","צריכה","08/03/2024","01:45",0.061,0
"503-00000000","צריכה","08/03/2024","02:00",0.041,0
"503-00000000","צריכה","08/03/2024","02:15",0.062,0
"503-00000000","צריכה","08/03/2024","02:30",0.040,0
"503-00000000","צריכה","08/03/2024","02:45",0.054,0
"503-00000000","צריכה","08/03/2024","03:00",0.059,0
"503-00000000","צריכה","08/03/2024","03:15",0.061,0
"503-00000000","צריכה","08/03/2024","03:30",0.054,0
"503-00000000","צריכה","08/03/2024","03:45",0.061,0
"503-00000000","צריכה","08/03/2024","04:00",0.044,0
"503-00000000","צריכה","08/03/2024","04:15",0.058,0
"503-00000000","צריכה","08/03/2024","04:30",0.043,0
"503-00000000","צריכה","08/03/2024","04:45",0.056,0
"503-00000000","צריכה","08/03/2024","05:00",0.040,0
"503-00000000","צריכה","08/03/2024","05:15",0.058,0
"503-00000000","צריכה","08/03/2024","05:30",0.050,0
"503-00000000","צריכה","08/03/2024","05:45",0.059,0
"503-00000000","צריכה","08/03/2024","06:00",0.081,0
"503-00000000","צריכה","08/03/2024","06:15",0.121,0
"503-00000000","צריכה","08/03/2024","06:30",0.109,0
"503-00000000","צריכה","08/03/2024","06:45",0.098,0
"503-00000000","צריכה","08/03/2024","07:00",0.098,0
"503-00000000","צריכה","08/03/2024","07:15",0.113,0
"503-00000000","צריכה","08/03/2024","07:30",0.098,0
"503-00000000","צריכה","08/03/2024","07:45",0.104,0
"503-00000000","צריכה","08/03/2024","08:00",0.114,0
"503-00000000","צריכה","08/03/2024","08:15",0.078,0
"503-00000000","צריכה","08/03/2024","08:30",0.093,0
"503-00000000","צריכה","08/03/2024","08:45",0.118,0
"503-00000000","צריכה","08/03/2024","09:00",0.133,0
"503-00000000","צריכה","08/03/2024","09:15",0.125,0
"503-00000000","צריכה","08/03/2024","09:30",0.128,0
"503-00000000","צריכה","08/03/2024","09:45",0.125,0
"503-00000000","צריכה","08/03/2024","10:00",0.128,0
"503-00000000","צריכה","08/03/2024","10:15",0.123,0
"503-00000000","צריכה","08/03/2024","10:30",0.096,0
"503-00000000","צריכה","08/03/2024","10:45",0.127,0
"503-00000000","צריכה","08/03/2024","11:00",0.144,0
"503-00000000","צריכה","08/03/2024","11:15",0.109,0
"503-00000000","צריכה","08/03/2024","11:30",0.133,0
"503-00000000","צריכה","08/03/2024","11:45",0.101,0
"503-00000000","צריכה","08/03/2024","12:00",0.106,0
"503-00000000","צריכה","08/03/2024","12:15",0.114,0
"503-00000000","צריכה","08/03/2024","12:30",0.098,0
"503-00000000","צריכה","08/03/2024","12:45",0.129,0
"503-00000000","צריכה","08/03/2024","13:00",0.110,0
"503-00000000","צריכה","08/03/2024","13:15",0.102,0
"503-00000000","צריכה","08/03/2024","13:30",0.117,0
"503-00000000","צריכה","08/03/2024","13:45",0.119,0
"503-00000000","צריכה","08/03/2024","14:00",0.098,0
"503-00000000","צריכה","08/03/2024","14:15",0.138,0
"503-00000000","צריכה","08/03/2024","14:30",0.111,0
"503-00000000","צריכה","08/03/2024","14:45",0.119,0
"503-00000000","צריכה","08/03/2024","15:00",0.106,0
"503-00000000","צריכה","08/03/2024","15:15",0.142,0
"503-00000000","צריכה","08/03/2024","15:30",0.118,0
"503-00000000","צריכה","08/03/2024","15:45",0.141,0
"503-00000000","צריכה","08/03/2024","16:00",0.105,0
"503-00000000","צריכה","08/03/2024","16:15",0.126,0
"503-00000000","צריכה","08/03/2024","16:30",0.106,0
"503-00000000","צריכה","08/03/2024","16:45",0.124,0
"503-00000000","צריכה","08/03/2024","17:00",0.202,0
"503-00000000","צריכה","08/03/2024","17:15",0.163,0
"503-00000000","צריכה","08/03/2024","17:30",0.172,0
"503-00000000","צריכה","08/03/2024","17:45",0.163,0
"503-00000000","צריכה","08/03/2024","18:00",0.186,0
"503-00000000","צריכה","08/03/2024","18:15",0.205,0
"503-00000000","צריכה","08/03/2024","18:30",0.142,0
"503-00000000","צריכה","08/03/2024","18:45",0.194,0
"503-00000000","צריכה","08/03/2024","19:00",0.159,0
"503-00000000","צריכה","08/03/2024","19:15",0.185,0
"503-00000000","צריכה","08/03/2024","19:30",0.211,0
"503-00000000","צריכה","08/03/2024","19:45",0.137,0
"503-00000000","צריכה","08/03/2024","20:00",0.146,0
"503-00000000","צריכה","08/03/2024","20:15",0.194,0
"503-00000000","צריכה","08/03/2024","20:30",0.152,0
"503-00000000","צריכה","08/03/2024","20:45",0.206,0
"503-00000000","צריכה","08/03/2024","21:00",0.157,0
"503-00000000","צריכה","08/03/2024","21:15",0.145,0
"503-00000000","צריכה","08/03/2024","21:30",0.146,0
"503-00000000","צריכה","08/03/2024","21:45",0.188,0
"503-00000000","צריכה","08/03/2024","22:00",0.188,0
"503-00000000","צריכה","08/03/2024","22:15",0.149,0
"503-00000000","צריכה","08/03/2024","22:30",0.186,0
"503-00000000","צריכה","08/03/2024","22:45",0.154,0
"503-00000000","צריכה","08/03/2024","23:00",0.038,0
"503-00000000","צריכה","08/03/2024","23:15",0.053,0
"503-00000000","צריכה","08/03/2024","23:30",0.058,0
"503-00000000","צריכה","08/03/2024","23:45",0.049,0
"503-00000000","צריכה","09/03/2024","00:00",0.053,0
"503-00000000","צריכה","09/03/2024","00:15",0.062,0
"503-00000000","צריכה","09/03/2024","00:30",0.042,0
"503-00000000","צריכה","09/03/2024","00:45",0.057,0
"503-00000000","צריכה","09/03/2024","01:00",0.056,0
"503-00000000","צריכה","09/03/2024","01:15",0.039,0
"503-00000000","צריכה","09/03/2024","01:30",0.046,0
"503-00000000","צריכה","09/03/2024","01:45",0.052,0
"503-00000000","צריכה","09/03/2024","02:00",0.053,0
"503-00000000","צריכה","09/03/2024","02:15",0.049,0
"503-00000000","צריכה","09/03/2024","02:30",0.040,0
"503-00000000","צריכה","09/03/2024","02:45",0.059,0
"503-00000000","צריכה","09/03/2024","03:00",0.052,0
"503-00000000","צריכה","09/03/2024","03:15",0.057,0
"503-00000000","צריכה","09/03/2024","03:30",0.056,0
"503-00000000","צריכה","09/03/2024","03:45",0.049,0
"503-00000000","צריכה","09/03/2024","04:00",0.041,0
"503-00000000","צריכה","09/03/2024","04:15",0.050,0
"503-00000000","צריכה","09/03/2024","04:30",0.045,0
"503-00000000","צריכה","09/03/2024","04:45",0.040,0
"503-00000000","צריכה","09/03/2024","05:00",0.051,0
"503-00000000","צריכה","09/03/2024","05:15",0.059,0
"503-00000000","צריכה","09/03/2024","05:30",0.062,0
"503-00000000","צריכה","09/03/2024","05:45",0.054,0
"503-00000000","צריכה","09/03/2024","06:00",0.087,0
"503-00000000","צריכה","09/03/2024","06:15",0.115,0
"503-00000000","צריכה","09/03/2024","06:30",0.091,0
"503-00000000","צריכה","09/03/2024","06:45",0.104,0
"503-00000000","צריכה","09/03/2024","07:00",0.084,0
"503-00000000","צריכה","09/03/2024","07:15",0.089,0
"503-00000000","צריכה","09/03/2024","07:30",0.123,0
"503-00000000","צריכה","09/03/2024","07:45",0.080,0
"503-00000000","צריכה","09/03/2024","08:00",0.108,0
"503-00000000","צריכה","09/03/2024","08:15",0.078,0
"503-00000000","צריכה","09/03/2024","08:30",0.095,0
"503-00000000","צריכה","09/03/2024","08:45",0.105,0
"503-00000000","צריכה","09/03/2024","09:00",0.110,0
"503-00000000","צריכה","09/03/2024","09:15",0.131,0
"503-00000000","צריכה","09/03/2024","09:30",0.145,0
"503-00000000","צריכה","09/03/2024","09:45",0.140,0
"503-00000000","צריכה","09/03/2024","10:00",0.141,0
"503-00000000","צריכה","09/03/2024","10:15",0.114,0
"503-00000000","צריכה","09/03/2024","10:30",0.094,0
"503-00000000","צריכה","09/03/2024","10:45",0.104,0
"503-00000000","צריכה","09/03/2024","11:00",0.122,0
"503-00000000","צריכה","09/03/2024","11:15",0.138,0
"503-00000000","צריכה","09/03/2024","11:30",0.091,0
"503-00000000","צריכה","09/03/2024","11:45",0.118,0
"503-00000000","צריכה","09/03/2024","12:00",0.122,0
"503-00000000","צריכה","09/03/2024","12:15",0.136,0
"503-00000000","צריכה","09/03/2024","12:30",0.133,0
"503-00000000","צריכה","09/03/2024","12:45",0.141,0
"503-00000000","צריכה","09/03/2024","13:00",0.114,0
"503-00000000","צריכה","09/03/2024","13:15",0.119,0
"503-00000000","צריכה","09/03/2024","13:30",0.098,0
"503-00000000","צריכה","09/03/2024","13:45",0.119,0
"503-00000000","צריכה","09/03/2024","14:00",0.137,0
"503-00000000","צריכה","09/03/2024","14:15",0.107,0
"503-00000000","צריכה","09/03/2024","14:30",0.136,0
"503-00000000","צריכה","09/03/2024","14:45",0.097,0
"503-00000000","צריכה","09/03/2024","15:00",0.121,0
"503-00000000","צריכה","09/03/2024","15:15",0.124,0
"503-00000000","צריכה","09/03/2024","15:30",0.117,0
"503-00000000","צריכה","09/03/2024","15:45",0.147,0
"503-00000000","צריכה","09/03/2024","16:00",0.134,0
"503-00000000","צריכה","09/03/2024","16:15",0.100,0
"503-00000000","צריכה","09/03/2024","16:30",0.143,0
"503-00000000","צריכה","09/03/2024","16:45",0.119,0
"503-00000000","צריכה","09/03/2024","17:00",0.140,0
"503-00000000","צריכה","09/03/2024","17:15",0.218,0
"503-00000000","צריכה","09/03/2024","17:30",0.163,0
"503-00000000","צריכה","09/03/2024","17:45",0.211,0
"503-00000000","צריכה","09/03/2024","18:00",0.155,0
"503-00000000","צריכה","09/03/2024","18:15",0.185,0
"503-00000000","צריכה","09/03/2024","18:30",0.151,0
"503-00000000","צריכה","09/03/2024","18:45",0.191,0
"503-00000000","צריכה","09/03/2024","19:00",0.159,0
"503-00000000","צריכה","09/03/2024","19:15",0.204,0
"503-00000000","צריכה","09/03/2024","19:30",0.199,0
"503-00000000","צריכה","09/03/2024","19:45",0.173,0
"503-00000000","צריכה","09/03/2024","20:00",0.146,0
"503-00000000","צריכה","09/03/2024","20:15",0.205,0
"503-00000000","צריכה","09/03/2024","20:30",0.207,0
"503-00000000","צריכה","09/03/2024","20:45",0.198,0
"503-00000000","צריכה","09/03/2024","21:00",0.167,0
"503-00000000","צריכה","09/03/2024","21:15",0.214,0
"503-00000000","צריכה","09/03/2024","21:30",0.207,0
"503-00000000","צריכה","09/03/2024","21:45",0.164,0
"503-00000000","צריכה","09/03/2024","22:00",0.156,0
"503-00000000","צריכה","09/03/2024","22:15",0.162,0
"503-00000000","צריכה","09/03/2024","22:30",0.190,0
"503-00000000","צריכה","09/03/2024","22:45",0.135,0
"503-00000000","צריכה","09/03/2024","23:00",0.046,0
"503-00000000","צריכה","09/03/2024","23:15",0.060,0
"503-00000000","צריכה","09/03/2024","23:30",0.058,0
"503-00000000","צריכה","09/03/2024","23:45",0.046,0
"503-00000000","צריכה","10/03/2024","00:00",0.055,0
"503-00000000","צריכה","10/03/2024","00:15",0.048,0
"503-00000000","צריכה","10/03/2024","00:30",0.045,0
"503-00000000","צריכה","10/03/2024","00:45",0.051,0
"503-00000000","צריכה","10/03/2024","01:00",0.043,0
"503-00000000","צריכה","10/03/2024","01:15",0.054,0
"503-00000000","צריכה","10/03/2024","01:30",0.043,0
"503-00000000","צריכה","10/03/2024","01:45",0.058,0
"503-00000000","צריכה","10/03/2024","02:00",0.043,0
"503-00000000","צריכה","10/03/2024","02:15",0.061,0
"503-00000000","צריכה","10/03/2024","02:30",0.038,0
"503-00000000","צריכה","10/03/2024","02:45",0.051,0
"503-00000000","צריכה","10/03/2024","03:00",0.053,0
"503-00000000","צריכה","10/03/2024","03:15",0.042,0
"503-00000000","צריכה","10/03/2024","03:30",0.051,0
"503-00000000","צריכה","10/03/2024","03:45",0.061,0
"503-00000000","צריכה","10/03/2024","04:00",0.042,0
"503-00000000","צריכה","10/03/2024","04:15",0.049,0
"503-00000000","צריכה","10/03/2024","04:30",0.058,0
"503-00000000","צריכה","10/03/2024","04:45",0.040,0
"503-00000000","צריכה","10/03/2024","05:00",0.052,0
"503-00000000","צריכה","10/03/2024","05:15",0.050,0
"503-00000000","צריכה","10/03/2024","05:30",0.057,0
"503-00000000","צריכה","10/03/2024","05:45",0.048,0
"503-00000000","צריכה","10/03/2024","06:00",0.123,0
"503-00000000","צריכה","10/03/2024","06:15",0.081,0
"503-00000000","צריכה","10/03/2024","06:30",0.098,0
"503-00000000","צריכה","10/03/2024","06:45",0.106,0
"503-00000000","צריכה","10/03/2024","07:00",0.123,0
"503-00000000","צריכה","10/03/2024","07:15",0.118,0
"503-00000000","צריכה","10/03/2024","07:30",0.095,0
"503-00000000","צריכה","10/03/2024","07:45",0.108,0
"503-00000000","צריכה","10/03/2024","08:00",0.119,0
"503-00000000","צריכה","10/03/2024","08:15",0.112,0
"503-00000000","צריכה","10/03/2024","08:30",0.095,0
"503-00000000","צריכה","10/03/2024","08:45",0.081,0
"503-00000000","צריכה","10/03/2024","09:00",0.063,0
"503-00000000","צריכה","10/03/2024","09:15",0.075,0
"503-00000000","צריכה","10/03/2024","09:30",0.056,0
"503-00000000","צריכה","10/03/2024","09:45",0.069,0
"503-00000000","צריכה","10/03/2024","10:00",0.071,0
"503-00000000","צריכה","10/03/2024","10:15",0.052,0
"503-00000000","צריכה","10/03/2024","10:30",0.083,0
"503-00000000","צריכה","10/03/2024","10:45",0.080,0
"503-00000000","צריכה","10/03/2024","11:00",0.057,0
"503-00000000","צריכה","10/03/2024","11:15",0.066,0
"503-00000000","צריכה","10/03/2024","11:30",0.071,0
"503-00000000","צריכה","10/03/2024","11:45",0.057,0
"503-00000000","צריכה","10/03/2024","12:00",0.058,0
"503-00000000","צריכה","10/03/2024","12:15",0.054,0
"503-00000000","צריכה","10/03/2024","12:30",0.079,0
"503-00000000","צריכה","10/03/2024","12:45",0.060,0
"503-00000000","צריכה","10/03/2024","13:00",0.059,0
"503-00000000","צריכה","10/03/2024","13:15",0.070,0
"503-00000000","צריכה","10/03/2024","13:30",0.053,0
"503-00000000","צריכה","10/03/2024","13:45",0.079,0
"503-00000000","צריכה","10/03/2024","14:00",0.062,0
"503-00000000","צריכה","10/03/2024","14:15",0.066,0
"503-00000000","צריכה","10/03/2024","14:30",0.054,0
"503-00000000","צריכה","10/03/2024","14:45",0.073,0
"503-00000000","צריכה","10/03/2024","15:00",0.071,0
"503-00000000","צריכה","10/03/2024","15:15",0.071,0
"503-00000000","צריכה","10/03/2024","15:30",0.080,0
"503-00000000","צריכה","10/03/2024","15:45",0.081,0
"503-00000000","צריכה","10/03/2024","16:00",0.070,0
"503-00000000","צריכה","10/03/2024","16:15",0.083,0
"503-00000000","צריכה","10/03/2024","16:30",0.083,0
"503-00000000","צריכה","10/03/2024","16:45",0.062,0
"503-00000000","צריכה","10/03/2024","17:00",0.148,0
"503-00000000","צריכה","10/03/2024","17:15",0.191,0
"503-00000000","צריכה","10/03/2024","17:30",0.143,0
"503-00000000","צריכה","10/03/2024","17:45",0.212,0
"503-00000000","צריכה","10/03/2024","18:00",0.167,0
"503-00000000","צריכה","10/03/2024","18:15",0.144,0
"503-00000000","צריכה","10/03/2024","18:30",0.134,0
"503-00000000","צריכה","10/03/2024","18:45",0.175,0
"503-00000000","צריכה","10/03/2024","19:00",0.217,0
"503-00000000","צריכה","10/03/2024","19:15",0.155,0
"503-00000000","צריכה","10/03/2024","19:30",0.175,0
"503-00000000","צריכה","10/03/2024","19:45",0.181,0
"503-00000000","צריכה","10/03/2024","20:00",0.207,0
"503-00000000","צריכה","10/03/2024","20:15",0.185,0
"503-00000000","צריכה","10/03/2024","20:30",0.154,0
"503-00000000","צריכה","10/03/2024","20:45",0.200,0
"503-00000000","צריכה","10/03/2024","21:00",0.159,0
"503-00000000","צריכה","10/03/2024","21:15",0.136,0
"503-00000000","צריכה","10/03/2024","21:30",0.185,0
"503-00000000","צריכה","10/03/2024","21:45",0.188,0
"503-00000000","צריכה","10/03/2024","22:00",0.190,0
"503-00000000","צריכה","10/03/2024","22:15",0.182,0
"503-00000000","צריכה","10/03/2024","22:30",0.188,0
"503-00000000","צריכה","10/03/2024","22:45",0.202,0
"503-00000000","צריכה","10/03/2024","23:00",0.055,0
"503-00000000","צריכה","10/03/2024","23:15",0.061,0
"503-00000000","צריכה","10/03/2024","23:30",0.055,0
"503-00000000","צריכה","10/03/2024","23:45",0.044,0
"503-00000000","צריכה","11/03/2024","00:00",0.059,0
"503-00000000","צריכה","11/03/2024","00:15",0.048,0
"503-00000000","צריכה","11/03/2024","00:30",0.052,0
"503-00000000","צריכה","11/03/2024","00:45",0.039,0
"503-00000000","צריכה","11/03/2024","01:00",0.054,0
"503-00000000","צריכה","11/03/2024","01:15",0.052,0
"503-00000000","צריכה","11/03/2024","01:30",0.053,0
"503-00000000","צריכה","11/03/2024","01:45",0.046,0
"503-00000000","צריכה","11/03/2024","02:00",0.046,0
"503-00000000","צריכה","11/03/2024","02:15",0.039,0
"503-00000000","צריכה","11/03/2024","02:30",0.050,0
"503-00000000","צריכה","11/03/2024","02:45",0.039,0
"503-00000000","צריכה","11/03/2024","03:00",0.056,0
"503-00000000","צריכה","11/03/2024","03:15",0.053,0
"503-00000000","צריכה","11/03/2024","03:30",0.043,0
"503-00000000","צריכה","11/03/2024","03:45",0.058,0
"503-00000000","צריכה","11/03/2024","04:00",0.042,0
"503-00000000","צריכה","11/03/2024","04:15",0.057,0
"503-00000000","צריכה","11/03/2024","04:30",0.060,0
"503-00000000","צריכה","11/03/2024","04:45",0.054,0
"503-00000000","צריכה","11/03/2024","05:00",0.039,0
"503-00000000","צריכה","11/03/2024","05:15",0.040,0
"503-00000000","צריכה","11/03/2024","05:30",0.056,0
"503-00000000","צריכה","11/03/2024","05:45",0.055,0
"503-00000000","צריכה","11/03/2024","06:00",0.097,0
"503-00000000","צריכה","11/03/2024","06:15",0.097,0
"503-00000000","צריכה","11/03/2024","06:30",0.107,0
"503-00000000","צריכה","11/03/2024","06:45",0.081,0
"503-00000000","צריכה","11/03/2024","07:00",0.111,0
"503-00000000","צריכה","11/03/2024","07:15",0.124,0
"503-00000000","צריכה","11/03/2024","07:30",0.100,0
"503-00000000","צריכה","11/03/2024","07:45",0.103,0
"503-00000000","צריכה","11/03/2024","08:00",0.077,0
"503-00000000","צריכה","11/03/2024","08:15",0.102,0
"503-00000000","צריכה","11/03/2024","08:30",0.101,0
"503-00000000","צריכה","11/03/2024","08:45",0.100,0
"503-00000000","צריכה","11/03/2024","09:00",0.084,0
"503-00000000","צריכה","11/03/2024","09:15",0.079,0
"503-00000000","צריכה","11/03/2024","09:30",0.053,0
"503-00000000","צריכה","11/03/2024","09:45",0.072,0
"503-00000000","צריכה","11/03/2024","10:00",0.078,0
"503-00000000","צריכה","11/03/2024","10:15",0.067,0
"503-00000000","צריכה","11/03/2024","10:30",0.070,0
"503-00000000","צריכה","11/03/2024","10:45",0.064,0
"503-00000000","צריכה","11/03/2024","11:00",0.051,0
"503-00000000","צריכה","11/03/2024","11:15",0.073,0
"503-00000000","צריכה","11/03/2024","11:30",0.072,0
"503-00000000","צריכה","11/03/2024","11:45",0.075,0
"503-00000000","צריכה","11/03/2024","12:00",0.081,0
"503-00000000","צריכה","11/03/2024","12:15",0.076,0
"503-00000000","צריכה","11/03/2024","12:30",0.054,0
"503-00000000","צריכה","11/03/2024","12:45",0.067,0
"503-00000000","צריכה","11/03/2024","13:00",0.068,0
"503-00000000","צריכה","11/03/2024","13:15",0.074,0
"503-00000000","צריכה","11/03/2024","13:30",0.076,0
"503-00000000","צריכה","11/03/2024","13:45",0.060,0
"503-00000000","צריכה","11/03/2024","14:00",0.079,0
"503-00000000","צריכה","11/03/2024","14:15",0.060,0
"503-00000000","צריכה","11/03/2024","14:30",0.063,0
"503-00000000","צריכה","11/03/2024","14:45",0.058,0
"503-00000000","צריכה","11/03/2024","15:00",0.070,0
"503-00000000","צריכה","11/03/2024","15:15",0.073,0
"503-00000000","צריכה","11/03/2024","15:30",0.061,0
"503-00000000","צריכה","11/03/2024","15:45",0.061,0
"503-00000000","צריכה","11/03/2024","16:00",0.063,0
"503-00000000","צריכה","11/03/2024","16:15",0.079,0
"503-00000000","צריכה","11/03/2024","16:30",0.078,0
"503-00000000","צריכה","11/03/2024","16:45",0.082,0
"503-00000000","צריכה","11/03/2024","17:00",0.134,0
"503-00000000","צריכה","11/03/2024","17:15",0.179,0
"503-00000000","צריכה","11/03/2024","17:30",0.199,0
"503-00000000","צריכה","11/03/2024","17:45",0.176,0
"503-00000000","צריכה","11/03/2024","18:00",0.158,0
"503-00000000","צריכה","11/03/2024","18:15",0.207,0
"503-00000000","צריכה","11/03/2024","18:30",0.142,0
"503-00000000","צריכה","11/03/2024","18:45",0.144,0
"503-00000000","צריכה","11/03/2024","19:00",0.207,0
"503-00000000","צריכה","11/03/2024","19:15",0.159,0
"503-00000000","צריכה","11/03/2024","19:30",0.165,0
"503-00000000","צריכה","11/03/2024","19:45",0.177,0
"503-00000000","צריכה","11/03/2024","20:00",0.197,0
"503-00000000","צריכה","11/03/2024","20:15",0.206,0
"503-00000000","צריכה","11/03/2024","20:30",0.208,0
"503-00000000","צריכה","11/03/2024","20:45",0.192,0
"503-00000000","צריכה","11/03/2024","21:00",0.134,0
"503-00000000","צריכה","11/03/2024","21:15",0.169,0
"503-00000000","צריכה","11/03/2024","21:30",0.163,0
"503-00000000","צריכה","11/03/2024","21:45",0.215,0
"503-00000000","צריכה","11/03/2024","22:00",0.208,0
"503-00000000","צריכה","11/03/2024","22:15",0.179,0
"503-00000000","צריכה","11/03/2024","22:30",0.137,0
"503-00000000","צריכה","11/03/2024","22:45",0.143,0
"503-00000000","צריכה","11/03/2024","23:00",0.060,0
"503-00000000","צריכה","11/03/2024","23:15",0.049,0
"503-00000000","צריכה","11/03/2024","23:30",0.046,0
"503-00000000","צריכה","11/03/2024","23:45",0.062,0
"503-00000000","צריכה","12/03/2024","00:00",0.054,0
"503-00000000","צריכה","12/03/2024","00:15",0.043,0
"503-00000000","צריכה","12/03/2024","00:30",0.050,0
"503-00000000","צריכה","12/03/2024","00:45",0.056,0
"503-00000000","צריכה","12/03/2024","01:00",0.052,0
"503-00000000","צריכה","12/03/2024","01:15",0.051,0
"503-00000000","צריכה","12/03/2024","01:30",0.059,0
"503-00000000","צריכה","12/03/2024","01:45",0.062,0
"503-00000000","צריכה","12/03/2024","02:00",0.049,0
"503-00000000","צריכה","12/03/2024","02:15",0.039,0
"503-00000000","צריכה","12/03/2024","02:30",0.042,0
"503-00000000","צריכה","12/03/2024","02:45",0.057,0
"503-00000000","צריכה","12/03/2024","03:00",0.061,0
"503-00000000","צריכה","12/03/2024","03:15",0.044,0
"503-00000000","צריכה","12/03/2024","03:30",0.038,0
"503-00000000","צריכה","12/03/2024","03:45",0.051,0
"503-00000000","צריכה","12/03/2024","04:00",0.040,0
"503-00000000","צריכה","12/03/2024","04:15",0.049,0
"503-00000000","צריכה","12/03/2024","04:30",0.053,0
"503-00000000","צריכה","12/03/2024","04:45",0.060,0
"503-00000000","צריכה","12/03/2024","05:00",0.055,0
"503-00000000","צריכה","12/03/2024","05:15",0.039,0
"503-00000000","צריכה","12/03/2024","05:30",0.059,0
"503-00000000","צריכה","12/03/2024","05:45",0.057,0
"503-00000000","צריכה","12/03/2024","06:00",0.085,0
"503-00000000","צריכה","12/03/2024","06:15",0.118,0
"503-00000000","צריכה","12/03/2024","06:30",0.087,0
"503-00000000","צריכה","12/03/2024","06:45",0.121,0
"503-00000000","צריכה","12/03/2024","07:00",0.109,0
"503-00000000","צריכה","12/03/2024","07:15",0.100,0
"503-00000000","צריכה","12/03/2024","07:30",0.117,0
"503-00000000","צריכה","12/03/2024","07:45",0.081,0
"503-00000000","צריכה","12/03/2024","08:00",0.097,0
"503-00000000","צריכה","12/03/2024","08:15",0.119,0
"503-00000000","צריכה","12/03/2024","08:30",0.119,0
"503-00000000","צריכה","12/03/2024","08:45",0.108,0
"503-00000000","צריכה","12/03/2024","09:00",0.080,0
"503-00000000","צריכה","12/03/2024","09:15",0.077,0
"503-00000000","צריכה","12/03/2024","09:30",0.056,0
"503-00000000","צריכה","12/03/2024","09:45",0.055,0
"503-00000000","צריכה","12/03/2024","10:00",0.051,0
"503-00000000","צריכה","12/03/2024","10:15",0.062,0
"503-00000000","צריכה","12/03/2024","10:30",0.064,0
"503-00000000","צריכה","12/03/2024","10:45",0.057,0
"503-00000000","צריכה","12/03/2024","11:00",0.082,0
"503-00000000","צריכה","12/03/2024","11:15",0.057,0
"503-00000000","צריכה","12/03/2024","11:30",0.067,0
"503-00000000","צריכה","12/03/2024","11:45",0.077,0
"503-00000000","צריכה","12/03/2024","12:00",0.073,0
"503-00000000","צריכה","12/03/2024","12:15",0.060,0
"503-00000000","צריכה","12/03/2024","12:30",0.078,0
"503-00000000","צריכה","12/03/2024","12:45",0.061,0
"503-00000000","צריכה","12/03/2024","13:00",0.062,0
"503-00000000","צריכה","12/03/2024","13:15",0.080,0
"503-00000000","צריכה","12/03/2024","13:30",0.053,0
"503-00000000","צריכה","12/03/2024","13:45",0.082,0
"503-00000000","צריכה","12/03/2024","14:00",0.075,0
"503-00000000","צריכה","12/03/2024","14:15",0.058,0
"503-00000000","צריכה","12/03/2024","14:30",0.066,0
"503-00000000","צריכה","12/03/2024","14:45",0.052,0
"503-00000000","צריכה","12/03/2024","15:00",0.071,0
"503-00000000","צריכה","12/03/2024","15:15",0.066,0
"503-00000000","צריכה","12/03/2024","15:30",0.072,0
"503-00000000","צריכה","12/03/2024","15:45",0.060,0
"503-00000000","צריכה","12/03/2024","16:00",0.068,0
"503-00000000","צריכה","12/03/2024","16:15",0.074,0
"503-00000000","צריכה","12/03/2024","16:30",0.053,0
"503-00000000","צריכה","12/03/2024","16:45",0.068,0
"503-00000000","צריכה","12/03/2024","17:00",0.141,0
"503-00000000","צריכה","12/03/2024","17:15",0.141,0
"503-00000000","צריכה","12/03/2024","17:30",0.172,0
"503-00000000","צריכה","12/03/2024","17:45",0.192,0
"503-00000000","צריכה","12/03/2024","18:00",0.186,0
"503-00000000","צריכה","12/03/2024","18:15",0.152,0
"503-00000000","צריכה","12/03/2024","18:30",0.170,0
"503-00000000","צריכה","12/03/2024","18:45",0.189,0
"503-00000000","צריכה","12/03/2024","19:00",0.165,0
"503-00000000","צריכה","12/03/2024","19:15",0.161,0
"503-00000000","צריכה","12/03/2024","19:30",0.206,0
"503-00000000","צריכה","12/03/2024","19:45",0.164,0
"503-00000000","צריכה","12/03/2024","20:00",0.141,0
"503-00000000","צריכה","12/03/2024","20:15",0.191,0
"503-00000000","צריכה","12/03/2024","20:30",0.156,0
"503-00000000","צריכה","12/03/2024","20:45",0.183,0
"503-00000000","צריכה","12/03/2024","21:00",0.190,0
"503-00000000","צריכה","12/03/2024","21:15",0.165,0
"503-00000000","צריכה","12/03/2024","21:30",0.199,0
"503-00000000","צריכה","12/03/2024","21:45",0.132,0
"503-00000000","צריכה","12/03/2024","22:00",0.138,0
"503-00000000","צריכה","12/03/2024","22:15",0.133,0
"503-00000000","צריכה","12/03/2024","22:30",0.153,0
"503-00000000","צריכה","12/03/2024","22:45",0.175,0
"503-00000000","צריכה","12/03/2024","23:00",0.055,0
"503-00000000","צריכה","12/03/2024","23:15",0.050,0
"503-00000000","צריכה","12/03/2024","23:30",0.045,0
"503-00000000","צריכה","12/03/2024","23:45",0.044,0
"503-00000000","צריכה","13/03/2024","00:00",0.058,0
"503-00000000","צריכה","13/03/2024","00:15",0.042,0
"503-00000000","צריכה","13/03/2024","00:30",0.041,0
"503-00000000","צריכה","13/03/2024","00:45",0.047,0
"503-00000000","צריכה","13/03/2024","01:00",0.054,0
"503-00000000","צריכה","13/03/2024","01:15",0.054,0
"503-00000000","צריכה","13/03/2024","01:30",0.050,0
"503-00000000","צריכה","13/03/2024","01:45",0.057,0
"503-00000000","צריכה","13/03/2024","02:00",0.040,0
"503-00000000","צריכה","13/03/2024","02:15",0.042,0
"503-00000000","צריכה","13/03/2024","02:30",0.049,0
"503-00000000","צריכה","13/03/2024","02:45",0.054,0
"503-00000000","צריכה","13/03/2024","03:00",0.051,0
"503-00000000","צריכה","13/03/2024","03:15",0.062,0
"503-00000000","צריכה","13/03/2024","03:30",0.061,0
"503-00000000","צריכה","13/03/2024","03:45",0.054,0
"503-00000000","צריכה","13/03/2024","04:00",0.057,0
"503-00000000","צריכה","13/03/2024","04:15",0.038,0
"503-00000000","צריכה","13/03/2024","04:30",0.046,0
"503-00000000","צריכה","13/03/2024","04:45",0.062,0
"503-00000000","צריכה","13/03/2024","05:00",0.061,0
"503-00000000","צריכה","13/03/2024","05:15",0.039,0
"503-00000000","צריכה","13/03/2024","05:30",0.047,0
"503-00000000","צריכה","13/03/2024","05:45",0.060,0
"503-00000000","צריכה","13/03/2024","06:00",0.118,0
"503-00000000","צריכה","13/03/2024","06:15",0.081,0
"503-00000000","צריכה","13/03/2024","06:30",0.124,0
"503-00000000","צריכה","13/03/2024","06:45",0.105,0
"503-00000000","צריכה","13/03/2024","07:00",0.112,0
"503-00000000","צריכה","13/03/2024","07:15",0.105,0
"503-00000000","צריכה","13/03/2024","07:30",0.098,0
"503-00000000","צריכה","13/03/2024","07:45",0.090,0
"503-00000000","צריכה","13/03/2024","08:00",0.087,0
"503-00000000","צריכה","13/03/2024","08:15",0.110,0
"503-00000000","צריכה","13/03/2024","08:30",0.097,0
"503-00000000","צריכה","13/03/2024","08:45",0.092,0
"503-00000000","צריכה","13/03/2024","09:00",0.079,0
"503-00000000","צריכה","13/03/2024","09:15",0.079,0
"503-00000000","צריכה","13/03/2024","09:30",0.068,0
"503-00000000","צריכה","13/03/2024","09:45",0.079,0
"503-00000000","צריכה","13/03/2024","10:00",0.070,0
"503-00000000","צריכה","13/03/2024","10:15",0.075,0
"503-00000000","צריכה","13/03/2024","10:30",0.060,0
"503-00000000","צריכה","13/03/2024","10:45",0.054,0
"503-00000000","צריכה","13/03/2024","11:00",0.074,0
"503-00000000","צריכה","13/03/2024","11:15",0.068,0
"503-00000000","צריכה","13/03/2024","11:30",0.063,0
"503-00000000","צריכה","13/03/2024","11:45",0.070,0
"503-00000000","צריכה","13/03/2024","12:00",0.069,0
"503-00000000","צריכה","13/03/2024","12:15",0.067,0
"503-00000000","צריכה","13/03/2024","12:30",0.075,0
"503-00000000","צריכה","13/03/2024","12:45",0.084,0
"503-00000000","צריכה","13/03/2024","13:00",0.056,0
"503-00000000","צריכה","13/03/2024","13:15",0.080,0
"503-00000000","צריכה","13/03/2024","13:30",0.069,0
"503-00000000","צריכה","13/03/2024","13:45",0.078,0
"503-00000000","צריכה","13/03/2024","14:00",0.074,0
"503-00000000","צריכה","13/03/2024","14:15",0.053,0
"503-00000000","צריכה","13/03/2024","14:30",0.068,0
"503-00000000","צריכה","13/03/2024","14:45",0.082,0
"503-00000000","צריכה","13/03/2024","15:00",0.075,0
"503-00000000","צריכה","13/03/2024","15:15",0.075,0
"503-00000000","צריכה","13/03/2024","15:30",0.075,0
"503-00000000","צריכה","13/03/2024","15:45",0.084,0
"503-00000000","צריכה","13/03/2024","16:00",0.078,0
"503-00000000","צריכה","13/03/2024","16:15",0.054,0
"503-00000000","צריכה","13/03/2024","16:30",0.060,0
"503-00000000","צריכה","13/03/2024","16:45",0.059,0
"503-00000000","צריכה","13/03/2024","17:00",0.136,0
"503-00000000","צריכה","13/03/2024","17:15",0.216,0
"503-00000000","צריכה","13/03/2024","17:30",0.153,0
"503-00000000","צריכה","13/03/2024","17:45",0.139,0
"503-00000000","צריכה","13/03/2024","18:00",0.167,0
"503-00000000","צריכה","13/03/2024","18:15",0.171,0
"503-00000000","צריכה","13/03/2024","18:30",0.131,0
"503-00000000","צריכה","13/03/2024","18:45",0.165,0
"503-00000000","צריכה","13/03/2024","19:00",0.191,0
"503-00000000","צריכה","13/03/2024","19:15",0.137,0
"503-00000000","צריכה","13/03/2024","19:30",0.135,0
"503-00000000","צריכה","13/03/2024","19:45",0.210,0
"503-00000000","צריכה","13/03/2024","20:00",0.144,0
"503-00000000","צריכה","13/03/2024","20:15",0.181,0
"503-00000000","צריכה","13/03/2024","20:30",0.204,0
"503-00000000","צריכה","13/03/2024","20:45",0.152,0
"503-00000000","צריכה","13/03/2024","21:00",0.212,0
"503-00000000","צריכה","13/03/2024","21:15",0.216,0
"503-00000000","צריכה","13/03/2024","21:30",0.170,0
"503-00000000","צריכה","13/03/2024","21:45",0.160,0
"503-00000000","צריכה","13/03/2024","22:00",0.174,0
"503-00000000","צריכה","13/03/2024","22:15",0.179,0
"503-00000000","צריכה","13/03/2024","22:30",0.203,0
"503-00000000","צריכה","13/03/2024","22:45",0.166,0
"503-00000000","צריכה","13/03/2024","23:00",0.047,0
"503-00000000","צריכה","13/03/2024","23:15",0.055,0
"503-00000000","צריכה","13/03/2024","23:30",0.044,0
"503-00000000","צריכה","13/03/2024","23:45",0.045,0
"503-00000000","צריכה","14/03/2024","00:00",0.042,0
"503-00000000","צריכה","14/03/2024","00:15",0.046,0
"503-00000000","צריכה","14/03/2024","00:30",0.054,0
"503-00000000","צריכה","14/03/2024","00:45",0.056,0
"503-00000000","צריכה","14/03/2024","01:00",0.045,0
"503-00000000","צריכה","14/03/2024","01:15",0.038,0
"503-00000000","צריכה","14/03/2024","01:30",0.050,0
"503-00000000","צריכה","14/03/2024","01:45",0.050,0
"503-00000000","צריכה","14/03/2024","02:00",0.039,0
"503-00000000","צריכה","14/03/2024","02:15",0.057,0
"503-00000000","צריכה","14/03/2024","02:30",0.048,0
"503-00000000","צריכה","14/03/2024","02:45",0.046,0
"503-00000000","צריכה","14/03/2024","03:00",0.043,0
"503-00000000","צריכה","14/03/2024","03:15",0.048,0
"503-00000000","צריכה","14/03/2024","03:30",0.043,0
"503-00000000","צריכה","14/03/2024","03:45",0.061,0
"503-00000000","צריכה","14/03/2024","04:00",0.055,0
"503-00000000","צריכה","14/03/2024","04:15",0.053,0
"503-00000000","צריכה","14/03/2024","04:30",0.060,0
"503-00000000","צריכה","14/03/2024","04:45",0.038,0
"503-00000000","צריכה","14/03/2024","05:00",0.040,0
"503-00000000","צריכה","14/03/2024","05:15",0.056,0
"503-00000000","צריכה","14/03/2024","05:30",0.053,0
"503-00000000","צריכה","14/03/2024","05:45",0.059,0
"503-00000000","צריכה","14/03/2024","06:00",0.100,0
"503-00000000","צריכה","14/03/2024","06:15",0.103,0
"503-00000000","צריכה","14/03/2024","06:30",0.117,0
"503-00000000","צריכה","14/03/2024","06:45",0.095,0
"503-00000000","צריכה","14/03/2024","07:00",0.088,0
"503-00000000","צריכה","14/03/2024","07:15",0.110,0
"503-00000000","צריכה","14/03/2024","07:30",0.125,0
"503-00000000","צריכה","14/03/2024","07:45",0.097,0
"503-00000000","צריכה","14/03/2024","08:00",0.114,0
"503-00000000","צריכה","14/03/2024","08:15",0.075,0
"503-00000000","צריכה","14/03/2024","08:30",0.091,0
"503-00000000","צריכה","14/03/2024","08:45",0.111,0
"503-00000000","צריכה","14/03/2024","09:00",0.084,0
"503-00000000","צריכה","14/03/2024","09:15",0.067,0
"503-00000000","צריכה","14/03/2024","09:30",0.077,0
"503-00000000","צריכה","14/03/2024","09:45",0.060,0
"503-00000000","צריכה","14/03/2024","10:00",0.063,0
"503-00000000","צריכה","14/03/2024","10:15",0.059,0
"503-00000000","צריכה","14/03/2024","10:30",0.077,0
"503-00000000","צריכה","14/03/2024","10:45",0.081,0
"503-00000000","צריכה","14/03/2024","11:00",0.073,0
"503-00000000","צריכה","14/03/2024","11:15",0.061,0
"503-00000000","צריכה","14/03/2024","11:30",0.059,0
"503-00000000","צריכה","14/03/2024","11:45",0.059,0
"503-00000000","צריכה","14/03/2024","12:00",0.079,0
"503-00000000","צריכה","14/03/2024","12:15",0.066,0
"503-00000000","צריכה","14/03/2024","12:30",0.081,0
"503-00000000","צריכה","14/03/2024","12:45",0.063,0
"503-00000000","צריכה","14/03/2024","13:00",0.079,0
"503-00000000","צריכה","14/03/2024","13:15",0.074,0
"503-00000000","צריכה","14/03/2024","13:30",0.062,0
"503-00000000","צריכה","14/03/2024","13:45",0.064,0
"503-00000000","צריכה","14/03/2024","14:00",0.064,0
"503-00000000","צריכה","14/03/2024","14:15",0.080,0
"503-00000000","צריכה","14/03/2024","14:30",0.055,0
"503-00000000","צריכה","14/03/2024","14:45",0.055,0
"503-00000000","צריכה","14/03/2024","15:00",0.065,0
"503-00000000","צריכה","14/03/2024","15:15",0.066,0
"503-00000000","צריכה","14/03/2024","15:30",0.072,0
"503-00000000","צריכה","14/03/2024","15:45",0.068,0
"503-00000000","צריכה","14/03/2024","16:00",0.081,0
"503-00000000","צריכה","14/03/2024","16:15",0.075,0
"503-00000000","צריכה","14/03/2024","16:30",0.069,0
"503-00000000","צריכה","14/03/2024","16:45",0.051,0
"503-00000000","צריכה","14/03/2024","17:00",0.167,0
"503-00000000","צריכה","14/03/2024","17:15",0.143,0
"503-00000000","צריכה","14/03/2024","17:30",0.162,0
"503-00000000","צריכה","14/03/2024","17:45",0.139,0
"503-00000000","צריכה","14/03/2024","18:00",0.210,0
"503-00000000","צריכה","14/03/2024","18:15",0.136,0
"503-00000000","צריכה","14/03/2024","18:30",0.132,0
"503-00000000","צריכה","14/03/2024","18:45",0.162,0
"503-00000000","צריכה","14/03/2024","19:00",0.133,0
"503-00000000","צריכה","14/03/2024","19:15",0.208,0
"503-00000000","צריכה","14/03/2024","19:30",0.172,0
"503-00000000","צריכה","14/03/2024","19:45",0.186,0
"503-00000000","צריכה","14/03/2024","20:00",0.163,0
"503-00000000","צריכה","14/03/2024","20:15",0.145,0
"503-00000000","צריכה","14/03/2024","20:30",0.177,0
"503-00000000","צריכה","14/03/2024","20:45",0.202,0
"503-00000000","צריכה","14/03/2024","21:00",0.208,0
"503-00000000","צריכה","14/03/2024","21:15",0.215,0
"503-00000000","צריכה","14/03/2024","21:30",0.170,0
"503-00000000","צריכה","14/03/2024","21:45",0.135,0
"503-00000000","צריכה","14/03/2024","22:00",0.179,0
"503-00000000","צריכה","14/03/2024","22:15",0.192,0
"503-00000000","צריכה","14/03/2024","22:30",0.137,0
"503-00000000","צריכה","14/03/2024","22:45",0.146,0
"503-00000000","צריכה","14/03/2024","23:00",0.049,0
"503-00000000","צריכה","14/03/2024","23:15",0.045,0
"503-00000000","צריכה","14/03/2024","23:30",0.051,0
"503-00000000","צריכה","14/03/2024","23:45",0.052,0
"503-00000000","צריכה","15/03/2024","00:00",0.059,0
"503-00000000","צריכה","15/03/2024","00:15",0.040,0
"503-00000000","צריכה","15/03/2024","00:30",0.042,0
"503-00000000","צריכה","15/03/2024","00:45",0.045,0
"503-00000000","צריכה","15/03/2024","01:00",0.052,0
"503-00000000","צריכה","15/03/2024","01:15",0.045,0
"503-00000000","צריכה","15/03/2024","01:30",0.056,0
"503-00000000","צריכה","15/03/2024","01:45",0.049,0
"503-00000000","צריכה","15/03/2024","02:00",0.045,0
"503-00000000","צריכה","15/03/2024","02:15",0.049,0
"503-00000000","צריכה","15/03/2024","02:30",0.048,0
"503-00000000","צריכה","15/03/2024","02:45",0.041,0
"503-00000000","צריכה","15/03/2024","03:00",0.058,0
"503-00000000","צריכה","15/03/2024","03:15",0.041,0
"503-00000000","צריכה","15/03/2024","03:30",0.044,0
"503-00000000","צריכה","15/03/2024","03:45",0.051,0
"503-00000000","צריכה","15/03/2024","04:00",0.039,0
"503-00000000","צריכה","15/03/2024","04:15",0.040,0
"503-00000000","צריכה","15/03/2024","04:30",0.060,0
"503-00000000","צריכה","15/03/2024","04:45",0.052,0
"503-00000000","צריכה","15/03/2024","05:00",0.048,0
"503-00000000","צריכה","15/03/2024","05:15",0.058,0
"503-00000000","צריכה","15/03/2024","05:30",0.050,0
"503-00000000","צריכה","15/03/2024","05:45",0.041,0
"503-00000000","צריכה","15/03/2024","06:00",0.084,0
"503-00000000","צריכה","15/03/2024","06:15",0.100,0
"503-00000000","צריכה","15/03/2024","06:30",0.100,0
"503-00000000","צריכה","15/03/2024","06:45",0.110,0
"503-00000000","צריכה","15/03/2024","07:00",0.081,0
"503-00000000","צריכה","15/03/2024","07:15",0.124,0
"503-00000000","צריכה","15/03/2024","07:30",0.124,0
"503-00000000","צריכה","15/03/2024","07:45",0.112,0
"503-00000000","צריכה","15/03/2024","08:00",0.114,0
"503-00000000","צריכה","15/03/2024","08:15",0.098,0
"503-00000000","צריכה","15/03/2024","08:30",0.081,0
"503-00000000","צריכה","15/03/2024","08:45",0.101,0
"503-00000000","צריכה","15/03/2024","09:00",0.111,0
"503-00000000","צריכה","15/03/2024","09:15",0.090,0
"503-00000000","צריכה","15/03/2024","09:30",0.129,0
"503-00000000","צריכה","15/03/2024","09:45",0.095,0
"503-00000000","צריכה","15/03/2024","10:00",0.098,0
"503-00000000","צריכה","15/03/2024","10:15",0.130,0
"503-00000000","צריכה","15/03/2024","10:30",0.105,0
"503-00000000","צריכה","15/03/2024","10:45",0.090,0
"503-00000000","צריכה","15/03/2024","11:00",0.134,0
"503-00000000","צריכה","15/03/2024","11:15",0.146,0
"503-00000000","צריכה","15/03/2024","11:30",0.091,0
"503-00000000","צריכה","15/03/2024","11:45",0.107,0
"503-00000000","צריכה","15/03/2024","12:00",0.143,0
"503-00000000","צריכה","15/03/2024","12:15",0.129,0
"503-00000000","צריכה","15/03/2024","12:30",0.108,0
"503-00000000","צריכה","15/03/2024","12:45",0.091,0
"503-00000000","צריכה","15/03/2024","13:00",0.107,0
"503-00000000","צריכה","15/03/2024","13:15",0.130,0
"503-00000000","צריכה","15/03/2024","13:30",0.121,0
"503-00000000","צריכה","15/03/2024","13:45",0.095,0
"503-00000000","צריכה","15/03/2024","14:00",0.111,0
"503-00000000","צריכה","15/03/2024","14:15",0.103,0
"503-00000000","צריכה","15/03/2024","14:30",0.126,0
"503-00000000","צריכה","15/03/2024","14:45",0.121,0
"503-00000000","צריכה","15/03/2024","15:00",0.115,0
"503-00000000","צריכה","15/03/2024","15:15",0.119,0
"503-00000000","צריכה","15/03/2024","15:30",0.108,0
"503-00000000","צריכה","15/03/2024","15:45",0.110,0
"503-00000000","צריכה","15/03/2024","16:00",0.138,0
"503-00000000","צריכה","15/03/2024","16:15",0.143,0
"503-00000000","צריכה","15/03/2024","16:30",0.100,0
"503-00000000","צריכה","15/03/2024","16:45",0.112,0
"503-00000000","צריכה","15/03/2024","17:00",0.202,0
"503-00000000","צריכה","15/03/2024","17:15",0.145,0
"503-00000000","צריכה","15/03/2024","17:30",0.182,0
"503-00000000","צריכה","15/03/2024","17:45",0.176,0
"503-00000000","צריכה","15/03/2024","18:00",0.211,0
"503-00000000","צריכה","15/03/2024","18:15",0.190,0
"503-00000000","צריכה","15/03/2024","18:30",0.133,0
"503-00000000","צריכה","15/03/2024","18:45",0.153,0
"503-00000000","צריכה","15/03/2024","19:00",0.149,0
"503-00000000","צריכה","15/03/2024","19:15",0.207,0
"503-00000000","צריכה","15/03/2024","19:30",0.171,0
"503-00000000","צריכה","15/03/2024","19:45",0.162,0
"503-00000000","צריכה","15/03/2024","20:00",0.200,0
"503-00000000","צריכה","15/03/2024","20:15",0.187,0
"503-00000000","צריכה","15/03/2024","20:30",0.197,0
"503-00000000","צריכה","15/03/2024","20:45",0.192,0
"503-00000000","צריכה","15/03/2024","21:00",0.149,0
"503-00000000","צריכה","15/03/2024","21:15",0.191,0
"503-00000000","צריכה","15/03/2024","21:30",0.170,0
"503-00000000","צריכה","15/03/2024","21:45",0.191,0
"503-00000000","צריכה","15/03/2024","22:00",0.154,0
"503-00000000","צריכה","15/03/2024","22:15",0.180,0
"503-00000000","צריכה","15/03/2024","22:30",0.146,0
"503-00000000","צריכה","15/03/2024","22:45",0.135,0
"503-00000000","צריכה","15/03/2024","23:00",0.048,0
"503-00000000","צריכה","15/03/2024","23:15",0.049,0
"503-00000000","צריכה","15/03/2024","23:30",0.039,0
"503-00000000","צריכה","15/03/2024","23:45",0.059,0
"503-00000000","צריכה","16/03/2024","00:00",0.044,0
"503-00000000","צריכה","16/03/2024","00:15",0.043,0
"503-00000000","צריכה","16/03/2024","00:30",0.038,0
"503-00000000","צריכה","16/03/2024","00:45",0.042,0
"503-00000000","צריכה","16/03/2024","01:00",0.058,0
"503-00000000","צריכה","16/03/2024","01:15",0.038,0
"503-00000000","צריכה","16/03/2024","01:30",0.046,0
"503-00000000","צריכה","16/03/2024","01:45",0.053,0
"503-00000000","צריכה","16/03/2024","02:00",0.041,0
"503-00000000","צריכה","16/03/2024","02:15",0.042,0
"503-00000000","צריכה","16/03/2024","02:30",0.043,0
"503-00000000","צריכה","16/03/2024","02:45",0.050,0
"503-00000000","צריכה","16/03/2024","03:00",0.051,0
"503-00000000","צריכה","16/03/2024","03:15",0.053,0
"503-00000000","צריכה","16/03/2024","03:30",0.057,0
"503-00000000","צריכה","16/03/2024","03:45",0.056,0
"503-00000000","צריכה","16/03/2024","04:00",0.042,0
"503-00000000","צריכה","16/03/2024","04:15",0.046,0
"503-00000000","צריכה","16/03/2024","04:30",0.042,0
"503-00000000","צריכה","16/03/2024","04:45",0.048,0
"503-00000000","צריכה","16/03/2024","05:00",0.062,0
"503-00000000","צריכה","16/03/2024","05:15",0.056,0
"503-00000000","צריכה","16/03/2024","05:30",0.040,0
"503-00000000","צריכה","16/03/2024","05:45",0.050,0
"503-00000000","צריכה","16/03/2024","06:00",0.082,0
"503-00000000","צריכה","16/03/2024","06:15",0.104,0
"503-00000000","צריכה","16/03/2024","06:30",0.087,0
"503-00000000","צריכה","16/03/2024","06:45",0.092,0
"503-00000000","צריכה","16/03/2024","07:00",0.122,0
"503-00000000","צריכה","16/03/2024","07:15",0.086,0
"503-00000000","צריכה","16/03/2024","07:30",0.107,0
"503-00000000","צריכה","16/03/2024","07:45",0.080,0
"503-00000000","צריכה","16/03/2024","08:00",0.096,0
"503-00000000","צריכה","16/03/2024","08:15",0.118,0
"503-00000000","צריכה","16/03/2024","08:30",0.093,0
"503-00000000","צריכה","16/03/2024","08:45",0.086,0
"503-00000000","צריכה","16/03/2024","09:00",0.133,0
"503-00000000","צריכה","16/03/2024","09:15",0.119,0
"503-00000000","צריכה","16/03/2024","09:30",0.141,0
"503-00000000","צריכה","16/03/2024","09:45",0.120,0
"503-00000000","צריכה","16/03/2024","10:00",0.145,0
"503-00000000","צריכה","16/03/2024","10:15",0.131,0
"503-00000000","צריכה","16/03/2024","10:30",0.114,0
"503-00000000","צריכה","16/03/2024","10:45",0.139,0
"503-00000000","צריכה","16/03/2024","11:00",0.119,0
"503-00000000","צריכה","16/03/2024","11:15",0.096,0
"503-00000000","צריכה","16/03/2024","11:30",0.145,0
"503-00000000","צריכה","16/03/2024","11:45",0.119,0
"503-00000000","צריכה","16/03/2024","12:00",0.120,0
"503-00000000","צריכה","16/03/2024","12:15",0.135,0
"503-00000000","צריכה","16/03/2024","12:30",0.114,0
"503-00000000","צריכה","16/03/2024","12:45",0.130,0
"503-00000000","צריכה","16/03/2024","13:00",0.143,0
"503-00000000","צריכה","16/03/2024","13:15",0.095,0
"503-00000000","צריכה","16/03/2024","13:30",0.125,0
"503-00000000","צריכה","16/03/2024","13:45",0.098,0
"503-00000000","צריכה","16/03/2024","14:00",0.104,0
"503-00000000","צריכה","16/03/2024","14:15",0.124,0
"503-00000000","צריכה","16/03/2024","14:30",0.126,0
"503-00000000","צריכה","16/03/2024","14:45",0.141,0
"503-00000000","צריכה","16/03/2024","15:00",0.103,0
"503-00000000","צריכה","16/03/2024","15:15",0.092,0
"503-00000000","צריכה","16/03/2024","15:30",0.147,0
"503-00000000","צריכה","16/03/2024","15:45",0.130,0
"503-00000000","צריכה","16/03/2024","16:00",0.125,0
"503-00000000","צריכה","16/03/2024","16:15",0.133,0
"503-00000000","צריכה","16/03/2024","16:30",0.139,0
"503-00000000","צריכה","16/03/2024","16:45",0.105,0
"503-00000000","צריכה","16/03/2024","17:00",0.202,0
"503-00000000","צריכה","16/03/2024","17:15",0.147,0
"503-00000000","צריכה","16/03/2024","17:30",0.203,0
"503-00000000","צריכה","16/03/2024","17:45",0.179,0
"503-00000000","צריכה","16/03/2024","18:00",0.197,0
"503-00000000","צריכה","16/03/2024","18:15",0.218,0
"503-00000000","צריכה","16/03/2024","18:30",0.163,0
"503-00000000","צריכה","16/03/2024","18:45",0.218,0
"503-00000000","צריכה","16/03/2024","19:00",0.146,0
"503-00000000","צריכה","16/03/2024","19:15",0.182,0
"503-00000000","צריכה","16/03/2024","19:30",0.215,0
"503-00000000","צריכה","16/03/2024","19:45",0.190,0
"503-00000000","צריכה","16/03/2024","20:00",0.143,0
"503-00000000","צריכה","16/03/2024","20:15",0.177,0
"503-00000000","צריכה","16/03/2024","20:30",0.143,0
"503-00000000","צריכה","16/03/2024","20:45",0.162,0
"503-00000000","צריכה","16/03/2024","21:00",0.216,0
"503-00000000","צריכה","16/03/2024","21:15",0.198,0
"503-00000000","צריכה","16/03/2024","21:30",0.147,0
"503-00000000","צריכה","16/03/2024","21:45",0.175,0
"503-00000000","צריכה","16/03/2024","22:00",0.176,0
"503-00000000","צריכה","16/03/2024","22:15",0.169,0
"503-00000000","צריכה","16/03/2024","22:30",0.180,0
"503-00000000","צריכה","16/03/2024","22:45",0.154,0
"503-00000000","צריכה","16/03/2024","23:00",0.047,0
"503-00000000","צריכה","16/03/2024","23:15",0.040,0
"503-00000000","צריכה","16/03/2024","23:30",0.060,0
"503-00000000","צריכה","16/03/2024","23:45",0.056,0
"503-00000000","צריכה","17/03/2024","00:00",0.042,0
"503-00000000","צריכה","17/03/2024","00:15",0.057,0
"503-00000000","צריכה","17/03/2024","00:30",0.053,0
"503-00000000","צריכה","17/03/2024","00:45",0.041,0
"503-00000000","צריכה","17/03/2024","01:00",0.038,0
"503-00000000","צריכה","17/03/2024","01:15",0.053,0
"503-00000000","צריכה","17/03/2024","01:30",0.050,0
"503-00000000","צריכה","17/03/2024","01:45",0.045,0
"503-00000000","צריכה","17/03/2024","02:00",0.052,0
"503-00000000","צריכה","17/03/2024","02:15",0.060,0
"503-00000000","צריכה","17/03/2024","02:30",0.047,0
"503-00000000","צריכה","17/03/2024","02:45",0.041,0
"503-00000000","צריכה","17/03/2024","03:00",0.046,0
"503-00000000","צריכה","17/03/2024","03:15",0.062,0
"503-00000000","צריכה","17/03/2024","03:30",0.044,0
"503-00000000","צריכה","17/03/2024","03:45",0.039,0
"503-00000000","צריכה","17/03/2024","04:00",0.046,0
"503-00000000","צריכה","17/03/2024","04:15",0.044,0
"503-00000000","צריכה","17/03/2024","04:30",0.039,0
"503-00000000","צריכה","17/03/2024","04:45",0.049,0
"503-00000000","צריכה","17/03/2024","05:00",0.048,0
"503-00000000","צריכה","17/03/2024","05:15",0.056,0
"503-00000000","צריכה","17/03/2024","05:30",0.057,0
"503-00000000","צריכה","17/03/2024","05:45",0.055,0
"503-00000000","צריכה","17/03/2024","06:00",0.112,0
"503-00000000","צריכה","17/03/2024","06:15",0.099,0
"503-00000000","צריכה","17/03/2024","06:30",0.107,0
"503-00000000","צריכה","17/03/2024","06:45",0.109,0
"503-00000000","צריכה","17/03/2024","07:00",0.096,0
"503-00000000","צריכה","17/03/2024","07:15",0.119,0
"503-00000000","צריכה","17/03/2024","07:30",0.081,0
"503-00000000","צריכה","17/03/2024","07:45",0.107,0
"503-00000000","צריכה","17/03/2024","08:00",0.109,0
"503-00000000","צריכה","17/03/2024","08:15",0.077,0
"503-00000000","צריכה","17/03/2024","08:30",0.118,0
"503-00000000","צריכה","17/03/2024","08:45",0.099,0
"503-00000000","צריכה","17/03/2024","09:00",0.067,0
"503-00000000","צריכה","17/03/2024","09:15",0.074,0
"503-00000000","צריכה","17/03/2024","09:30",0.078,0
"503-00000000","צריכה","17/03/2024","09:45",0.059,0
"503-00000000","צריכה","17/03/2024","10:00",0.074,0
"503-00000000","צריכה","17/03/2024","10:15",0.057,0
"503-00000000","צריכה","17/03/2024","10:30",0.082,0
"503-00000000","צריכה","17/03/2024","10:45",0.066,0
"503-00000000","צריכה","17/03/2024","11:00",0.071,0
"503-00000000","צריכה","17/03/2024","11:15",0.052,0
"503-00000000","צריכה","17/03/2024","11:30",0.072,0
"503-00000000","צריכה","17/03/2024","11:45",0.074,0
"503-00000000","צריכה","17/03/2024","12:00",0.061,0
"503-00000000","צריכה","17/03/2024","12:15",0.053,0
"503-00000000","צריכה","17/03/2024","12:30",0.075,0
"503-00000000","צריכה","17/03/2024","12:45",0.068,0
"503-00000000","צריכה","17/03/2024","13:00",0.069,0
"503-00000000","צריכה","17/03/2024","13:15",0.064,0
"503-00000000","צריכה","17/03/2024","13:30",0.054,0
"503-00000000","צריכה","17/03/2024","13:45",0.053,0
"503-00000000","צריכה","17/03/2024","14:00",0.052,0
"503-00000000","צריכה","17/03/2024","14:15",0.072,0
"503-00000000","צריכה","17/03/2024","14:30",0.055,0
"503-00000000","צריכה","17/03/2024","14:45",0.051,0
"503-00000000","צריכה","17/03/2024","15:00",0.069,0
"503-00000000","צריכה","17/03/2024","15:15",0.072,0
"503-00000000","צריכה","17/03/2024","15:30",0.052,0
"503-00000000","צריכה","17/03/2024","15:45",0.074,0
"503-00000000","צריכה","17/03/2024","16:00",0.075,0
"503-00000000","צריכה","17/03/2024","16:15",0.084,0
"503-00000000","צריכה","17/03/2024","16:30",0.058,0
"503-00000000","צריכה","17/03/2024","16:45",0.055,0
"503-00000000","צריכה","17/03/2024","17:00",0.192,0
"503-00000000","צריכה","17/03/2024","17:15",0.186,0
"503-00000000","צריכה","17/03/2024","17:30",0.205,0
"503-00000000","צריכה","17/03/2024","17:45",0.181,0
"503-00000000","צריכה","17/03/2024","18:00",0.150,0
"503-00000000","צריכה","17/03/2024","18:15",0.202,0
"503-00000000","צריכה","17/03/2024","18:30",0.205,0
"503-00000000","צריכה","17/03/2024","18:45",0.157,0
"503-00000000","צריכה","17/03/2024","19:00",0.212,0
"503-00000000","צריכה","17/03/2024","19:15",0.189,0
"503-00000000","צריכה","17/03/2024","19:30",0.215,0
"503-00000000","צריכה","17/03/2024","19:45",0.178,0
"503-00000000","צריכה","17/03/2024","20:00",0.147,0
"503-00000000","צריכה","17/03/2024","20:15",0.199,0
"503-00000000","צריכה","17/03/2024","20:30",0.172,0
"503-00000000","צריכה","17/03/2024","20:45",0.155,0
"503-00000000","צריכה","17/03/2024","21:00",0.169,0
"503-00000000","צריכה","17/03/2024","21:15",0.164,0
"503-00000000","צריכה","17/03/2024","21:30",0.174,0
"503-00000000","צריכה","17/03/2024","21:45",0.142,0
"503-00000000","צריכה","17/03/2024","22:00",0.151,0
"503-00000000","צריכה","17/03/2024","22:15",0.205,0
"503-00000000","צריכה","17/03/2024","22:30",0.188,0
"503-00000000","צריכה","17/03/2024","22:45",0.188,0
"503-00000000","צריכה","17/03/2024","23:00",0.048,0
"503-00000000","צריכה","17/03/2024","23:15",0.042,0
"503-00000000","צריכה","17/03/2024","23:30",0.052,0
"503-00000000","צריכה","17/03/2024","23:45",0.041,0
"503-00000000","צריכה","18/03/2024","00:00",0.045,0
"503-00000000","צריכה","18/03/2024","00:15",0.058,0
"503-00000000","צריכה","18/03/2024","00:30",0.055,0
"503-00000000","צריכה","18/03/2024","00:45",0.053,0
"503-00000000","צריכה","18/03/2024","01:00",0.053,0
"503-00000000","צריכה","18/03/2024","01:15",0.054,0
"503-00000000","צריכה","18/03/2024","01:30",0.044,0
"503-00000000","צריכה","18/03/2024","01:45",0.057,0
"503-00000000","צריכה","18/03/2024","02:00",0.058,0
"503-00000000","צריכה","18/03/2024","02:15",0.038,0
"503-00000000","צריכה","18/03/2024","02:30",0.060,0
"503-00000000","צריכה","18/03/2024","02:45",0.041,0
"503-00000000","צריכה","18/03/2024","03:00",0.061,0
"503-00000000","צריכה","18/03/2024","03:15",0.051,0
"503-00000000","צריכה","18/03/2024","03:30",0.058,0
"503-00000000","צריכה","18/03/2024","03:45",0.059,0
"503-00000000","צריכה","18/03/2024","04:00",0.058,0
"503-00000000","צריכה","18/03/2024","04:15",0.053,0
"503-00000000","צריכה","18/03/2024","04:30",0.059,0
"503-00000000","צריכה","18/03/2024","04:45",0.047,0
"503-00000000","צריכה","18/03/2024","05:00",0.053,0
"503-00000000","צריכה","18/03/2024","05:15",0.046,0
"503-00000000","צריכה","18/03/2024","05:30",0.041,0
"503-00000000","צריכה","18/03/2024","05:45",0.055,0
"503-00000000","צריכה","18/03/2024","06:00",0.110,0
"503-00000000","צריכה","18/03/2024","06:15",0.080,0
"503-00000000","צריכה","18/03/2024","06:30",0.124,0
"503-00000000","צריכה","18/03/2024","06:45",0.104,0
"503-00000000","צריכה","18/03/2024","07:00",0.096,0
"503-00000000","צריכה","18/03/2024","07:15",0.097,0
"503-00000000","צריכה","18/03/2024","07:30",0.109,0
"503-00000000","צריכה","18/03/2024","07:45",0.098,0
"503-00000000","צריכה","18/03/2024","08:00",0.094,0
"503-00000000","צריכה","18/03/2024","08:15",0.119,0
"503-00000000","צריכה","18/03/2024","08:30",0.106,0
"503-00000000","צריכה","18/03/2024","08:45",0.110,0
"503-00000000","צריכה","18/03/2024","09:00",0.060,0
"503-00000000","צריכה","18/03/2024","09:15",0.066,0
"503-00000000","צריכה","18/03/2024","09:30",0.058,0
"503-00000000","צריכה","18/03/2024","09:45",0.082,0
"503-00000000","צריכה","18/03/2024","10:00",0.055,0
"503-00000000","צריכה","18/03/2024","10:15",0.066,0
"503-00000000","צריכה","18/03/2024","10:30",0.081,0
"503-00000000","צריכה","18/03/2024","10:45",0.063,0
"503-00000000","צריכה","18/03/2024","11:00",0.058,0
"503-00000000","צריכה","18/03/2024","11:15",0.076,0
"503-00000000","צריכה","18/03/2024","11:30",0.081,0
"503-00000000","צריכה","18/03/2024","11:45",0.065,0
"503-00000000","צריכה","18/03/2024","12:00",0.083,0
"503-00000000","צריכה","18/03/2024","12:15",0.054,0
"503-00000000","צריכה","18/03/2024","12:30",0.072,0
"503-00000000","צריכה","18/03/2024","12:45",0.084,0
"503-00000000","צריכה","18/03/2024","13:00",0.084,0
"503-00000000","צריכה","18/03/2024","13:15",0.052,0
"503-00000000","צריכה","18/03/2024","13:30",0.059,0
"503-00000000","צריכה","18/03/2024","13:45",0.082,0
"503-00000000","צריכה","18/03/2024","14:00",0.065,0
"503-00000000","צריכה","18/03/2024","14:15",0.053,0
"503-00000000","צריכה","18/03/2024","14:30",0.067,0
"503-00000000","צריכה","18/03/2024","14:45",0.052,0
"503-00000000","צריכה","18/03/2024","15:00",0.080,0
"503-00000000","צריכה","18/03/2024","15:15",0.056,0
"503-00000000","צריכה","18/03/2024","15:30",0.082,0
"503-00000000","צריכה","18/03/2024","15:45",0.075,0
"503-00000000","צריכה","18/03/2024","16:00",0.056,0
"503-00000000","צריכה","18/03/2024","16:15",0.070,0
"503-00000000","צריכה","18/03/2024","16:30",0.080,0
"503-00000000","צריכה","18/03/2024","16:45",0.081,0
"503-00000000","צריכה","18/03/2024","17:00",0.164,0
"503-00000000","צריכה","18/03/2024","17:15",0.212,0
"503-00000000","צריכה","18/03/2024","17:30",0.146,0
"503-00000000","צריכה","18/03/2024","17:45",0.171,0
"503-00000000","צריכה","18/03/2024","18:00",0.201,0
"503-00000000","צריכה","18/03/2024","18:15",0.206,0
"503-00000000","צריכה","18/03/2024","18:30",0.183,0
"503-00000000","צריכה","18/03/2024","18:45",0.137,0
"503-00000000","צריכה","18/03/2024","19:00",0.193,0
"503-00000000","צריכה","18/03/2024","19:15",0.195,0
"503-00000000","צריכה","18/03/2024","19:30",0.150,0
"503-00000000","צריכה","18/03/2024","19:45",0.201,0
"503-00000000","צריכה","18/03/2024","20:00",0.144,0
"503-00000000","צריכה","18/03/2024","20:15",0.155,0
"503-00000000","צריכה","18/03/2024","20:30",0.153,0
"503-00000000","צריכה","18/03/2024","20:45",0.164,0
"503-00000000","צריכה","18/03/2024","21:00",0.154,0
"503-00000000","צריכה","18/03/2024","21:15",0.218,0
"503-00000000","צריכה","18/03/2024","21:30",0.167,0
"503-00000000","צריכה","18/03/2024","21:45",0.190,0
"503-00000000","צריכה","18/03/2024","22:00",0.177,0
"503-00000000","צריכה","18/03/2024","22:15",0.218,0
"503-00000000","צריכה","18/03/2024","22:30",0.193,0
"503-00000000","צריכה","18/03/2024","22:45",0.168,0
"503-00000000","צריכה","18/03/2024","23:00",0.045,0
"503-00000000","צריכה","18/03/2024","23:15",0.038,0
"503-00000000","צריכה","18/03/2024","23:30",0.053,0
"503-00000000","צריכה","18/03/2024","23:45",0.053,0
"503-00000000","צריכה","19/03/2024","00:00",0.044,0
"503-00000000","צריכה","19/03/2024","00:15",0.056,0
"503-00000000","צריכה","19/03/2024","00:30",0.045,0
"503-00000000","צריכה","19/03/2024","00:45",0.062,0
"503-00000000","צריכה","19/03/2024","01:00",0.059,0
"503-00000000","צריכה","19/03/2024","01:15",0.060,0
"503-00000000","צריכה","19/03/2024","01:30",0.060,0
"503-00000000","צריכה","19/03/2024","01:45",0.062,0
"503-00000000","צריכה","19/03/2024","02:00",0.056,0
"503-00000000","צריכה","19/03/2024","02:15",0.050,0
"503-00000000","צריכה","19/03/2024","02:30",0.056,0
"503-00000000","צריכה","19/03/2024","02:45",0.057,0
"503-00000000","צריכה","19/03/2024","03:00",0.050,0
"503-00000000","צריכה","19/03/2024","03:15",0.055,0
"503-00000000","צריכה","19/03/2024","03:30",0.042,0
"503-00000000","צריכה","19/03/2024","03:45",0.039,0
"503-00000000","צריכה","19/03/2024","04:00",0.052,0
"503-00000000","צריכה","19/03/2024","04:15",0.055,0
"503-00000000","צריכה","19/03/2024","04:30",0.046,0
"503-00000000","צריכה","19/03/2024","04:45",0.051,0
"503-00000000","צריכה","19/03/2024","05:00",0.047,0
"503-00000000","צריכה","19/03/2024","05:15",0.050,0
"503-00000000","צריכה","19/03/2024","05:30",0.050,0
"503-00000000","צריכה","19/03/2024","05:45",0.055,0
"503-00000000","צריכה","19/03/2024","06:00",0.112,0
"503-00000000","צריכה","19/03/2024","06:15",0.075,0
"503-00000000","צריכה","19/03/2024","06:30",0.112,0
"503-00000000","צריכה","19/03/2024","06:45",0.078,0
"503-00000000","צריכה","19/03/2024","07:00",0.119,0
"503-00000000","צריכה","19/03/2024","07:15",0.077,0
"503-00000000","צריכה","19/03/2024","07:30",0.079,0
"503-00000000","צריכה","19/03/2024","07:45",0.099,0
"503-00000000","צריכה","19/03/2024","08:00",0.116,0
"503-00000000","צריכה","19/03/2024","08:15",0.090,0
"503-00000000","צריכה","19/03/2024","08:30",0.090,0
"503-00000000","צריכה","19/03/2024","08:45",0.078,0
"503-00000000","צריכה","19/03/2024","09:00",0.084,0
"503-00000000","צריכה","19/03/2024","09:15",0.082,0
"503-00000000","צריכה","19/03/2024","09:30",0.071,0
"503-00000000","צריכה","19/03/2024","09:45",0.059,0
"503-00000000","צריכה","19/03/2024","10:00",0.067,0
"503-00000000","צריכה","19/03/2024","10:15",0.074,0
"503-00000000","צריכה","19/03/2024","10:30",0.052,0
"503-00000000","צריכה","19/03/2024","10:45",0.069,0
"503-00000000","צריכה","19/03/2024","11:00",0.069,0
"503-00000000","צריכה","19/03/2024","11:15",0.051,0
"503-00000000","צריכה","19/03/2024","11:30",0.080,0
"503-00000000","צריכה","19/03/2024","11:45",0.059,0
"503-00000000","צריכה","19/03/2024","12:00",0.074,0
"503-00000000","צריכה","19/03/2024","12:15",0.056,0
"503-00000000","צריכה","19/03/2024","12:30",0.058,0
"503-00000000","צריכה","19/03/2024","12:45",0.083,0
"503-00000000","צריכה","19/03/2024","13:00",0.052,0
"503-00000000","צריכה","19/03/2024","13:15",0.070,0
"503-00000000","צריכה","19/03/2024","13:30",0.084,0
"503-00000000","צריכה","19/03/2024","13:45",0.078,0
"503-00000000","צריכה","19/03/2024","14:00",0.081,0
"503-00000000","צריכה","19/03/2024","14:15",0.058,0
"503-00000000","צריכה","19/03/2024","14:30",0.055,0
"503-00000000","צריכה","19/03/2024","14:45",0.074,0
"503-00000000","צריכה","19/03/2024","15:00",0.065,0
"503-00000000","צריכה","19/03/2024","15:15",0.070,0
"503-00000000","צריכה","19/03/2024","15:30",0.069,0
"503-00000000","צריכה","19/03/2024","15:45",0.054,0
"503-00000000","צריכה","19/03/2024","16:00",0.070,0
"503-00000000","צריכה","19/03/2024","16:15",0.064,0
"503-00000000","צריכה","19/03/2024","16:30",0.061,0
"503-00000000","צריכה","19/03/2024","16:45",0.054,0
"503-00000000","צריכה","19/03/2024","17:00",0.134,0
"503-00000000","צריכה","19/03/2024","17:15",0.144,0
"503-00000000","צריכה","19/03/2024","17:30",0.159,0
"503-00000000","צריכה","19/03/2024","17:45",0.149,0
"503-00000000","צריכה","19/03/2024","18:00",0.161,0
"503-00000000","צריכה","19/03/2024","18:15",0.157,0
"503-00000000","צריכה","19/03/2024","18:30",0.141,0
"503-00000000","צריכה","19/03/2024","18:45",0.179,0
"503-00000000","צריכה","19/03/2024","19:00",0.196,0
"503-00000000","צריכה","19/03/2024","19:15",0.136,0
"503-00000000","צריכה","19/03/2024","19:30",0.215,0
"503-00000000","צריכה","19/03/2024","19:45",0.159,0
"503-00000000","צריכה","19/03/2024","20:00",0.212,0
"503-00000000","צריכה","19/03/2024","20:15",0.160,0
"503-00000000","צריכה","19/03/2024","20:30",0.173,0
"503-00000000","צריכה","19/03/2024","20:45",0.165,0
"503-00000000","צריכה","19/03/2024","21:00",0.145,0
"503-00000000","צריכה","19/03/2024","21:15",0.187,0
"503-00000000","צריכה","19/03/2024","21:30",0.184,0
"503-00000000","צריכה","19/03/2024","21:45",0.138,0
"503-00000000","צריכה","19/03/2024","22:00",0.153,0
"503-00000000","צריכה","19/03/2024","22:15",0.132,0
"503-00000000","צריכה","19/03/2024","22:30",0.207,0
"503-00000000","צריכה","19/03/2024","22:45",0.137,0
"503-00000000","צריכה","19/03/2024","23:00",0.038,0
"503-00000000","צריכה","19/03/2024","23:15",0.051,0
"503-00000000","צריכה","19/03/2024","23:30",0.051,0
"503-00000000","צריכה","19/03/2024","23:45",0.052,0
"503-00000000","צריכה","20/03/2024","00:00",0.038,0
"503-00000000","צריכה","20/03/2024","00:15",0.045,0
"503-00000000","צריכה","20/03/2024","00:30",0.050,0
"503-00000000","צריכה","20/03/2024","00:45",0.041,0
"503-00000000","צריכה","20/03/2024","01:00",0.041,0
"503-00000000","צריכה","20/03/2024","01:15",0.055,0
"503-00000000","צריכה","20/03/2024","01:30",0.043,0
"503-00000000","צריכה","20/03/2024","01:45",0.050,0
"503-00000000","צריכה","20/03/2024","02:00",0.040,0
"503-00000000","צריכה","20/03/2024","02:15",0.062,0
"503-00000000","צריכה","20/03/2024","02:30",0.045,0
"503-00000000","צריכה","20/03/2024","02:45",0.043,0
"503-00000000","צריכה","20/03/2024","03:00",0.038,0
"503-00000000","צריכה","20/03/2024","03:15",0.056,0
"503-00000000","צריכה","20/03/2024","03:30",0.050,0
"503-00000000","צריכה","20/03/2024","03:45",0.038,0
"503-00000000","צריכה","20/03/2024","04:00",0.041,0
"503-00000000","צריכה","20/03/2024","04:15",0.049,0
"503-00000000","צריכה","20/03/2024","04:30",0.044,0
"503-00000000","צריכה","20/03/2024","04:45",0.043,0
"503-00000000","צריכה","20/03/2024","05:00",0.047,0
"503-00000000","צריכה","20/03/2024","05:15",0.055,0
"503-00000000","צריכה","20/03/2024","05:30",0.057,0
"503-00000000","צריכה","20/03/2024","05:45",0.049,0
"503-00000000","צריכה","20/03/2024","06:00",0.093,0
"503-00000000","צריכה","20/03/2024","06:15",0.094,0
"503-00000000","צריכה","20/03/2024","06:30",0.080,0
"503-00000000","צריכה","20/03/2024","06:45",0.080,0
"503-00000000","צריכה","20/03/2024","07:00",0.108,0
"503-00000000","צריכה","20/03/2024","07:15",0.085,0
"503-00000000","צריכה","20/03/2024","07:30",0.077,0
"503-00000000","צריכה","20/03/2024","07:45",0.112,0
"503-00000000","צריכה","20/03/2024","08:00",0.084,0
"503-00000000","צריכה","20/03/2024","08:15",0.104,0
"503-00000000","צריכה","20/03/2024","08:30",0.087,0
"503-00000000","צריכה","20/03/2024","08:45",0.089,0
"503-00000000","צריכה","20/03/2024","09:00",0.072,0
"503-00000000","צריכה","20/03/2024","09:15",0.071,0
"503-00000000","צריכה","20/03/2024","09:30",0.059,0
"503-00000000","צריכה","20/03/2024","09:45",0.070,0
"503-00000000","צריכה","20/03/2024","10:00",0.056,0
"503-00000000","צריכה","20/03/2024","10:15",0.052,0
"503-00000000","צריכה","20/03/2024","10:30",0.065,0
"503-00000000","צריכה","20/03/2024","10:45",0.073,0
"503-00000000","צריכה","20/03/2024","11:00",0.054,0
"503-00000000","צריכה","20/03/2024","11:15",0.058,0
"503-00000000","צריכה","20/03/2024","11:30",0.076,0
"503-00000000","צריכה","20/03/2024","11:45",0.067,0
"503-00000000","צריכה","20/03/2024","12:00",0.060,0
"503-00000000","צריכה","20/03/2024","12:15",0.083,0
"503-00000000","צריכה","20/03/2024","12:30",0.068,0
"503-00000000","צריכה","20/03/2024","12:45",0.053,0
"503-00000000","צריכה","20/03/2024","13:00",0.068,0
"503-00000000","צריכה","20/03/2024","13:15",0.074,0
"503-00000000","צריכה","20/03/2024","13:30",0.084,0
"503-00000000","צריכה","20/03/2024","13:45",0.066,0
"503-00000000","צריכה","20/03/2024","14:00",0.052,0
"503-00000000","צריכה","20/03/2024","14:15",0.075,0
"503-00000000","צריכה","20/03/2024","14:30",0.057,0
"503-00000000","צריכה","20/03/2024","14:45",0.059,0
"503-00000000","צריכה","20/03/2024","15:00",0.076,0
"503-00000000","צריכה","20/03/2024","15:15",0.064,0
"503-00000000","צריכה","20/03/2024","15:30",0.078,0
"503-00000000","צריכה","20/03/2024","15:45",0.053,0
"503-00000000","צריכה","20/03/2024","16:00",0.084,0
"503-00000000","צריכה","20/03/2024","16:15",0.058,0
"503-00000000","צריכה","20/03/2024","16:30",0.058,0
"503-00000000","צריכה","20/03/2024","16:45",0.059,0
"503-00000000","צריכה","20/03/2024","17:00",0.150,0
"503-00000000","צריכה","20/03/2024","17:15",0.159,0
"503-00000000","צריכה","20/03/2024","17:30",0.158,0
"503-00000000","צריכה","20/03/2024","17:45",0.142,0
"503-00000000","צריכה","20/03/2024","18:00",0.165,0
"503-00000000","צריכה","20/03/2024","18:15",0.143,0
"503-00000000","צריכה","20/03/2024","18:30",0.186,0
"503-00000000","צריכה","20/03/2024","18:45",0.213,0
"503-00000000","צריכה","20/03/2024","19:00",0.186,0
"503-00000000","צריכה","20/03/2024","19:15",0.196,0
"503-00000000","צריכה","20/03/2024","19:30",0.143,0
"503-00000000","צריכה","20/03/2024","19:45",0.212,0
"503-00000000","צריכה","20/03/2024","20:00",0.158,0
"503-00000000","צריכה","20/03/2024","20:15",0.200,0
"503-00000000","צריכה","20/03/2024","20:30",0.161,0
"503-00000000","צריכה","20/03/2024","20:45",0.152,0
"503-00000000","צריכה","20/03/2024","21:00",0.167,0
"503-00000000","צריכה","20/03/2024","21:15",0.152,0
"503-00000000","צריכה","20/03/2024","21:30",0.174,0
"503-00000000","צריכה","20/03/2024","21:45",0.210,0
"503-00000000","צריכה","20/03/2024","22:00",0.154,0
"503-00000000","צריכה","20/03/2024","22:15",0.170,0
"503-00000000","צריכה","20/03/2024","22:30",0.170,0
"503-00000000","צריכה","20/03/2024","22:45",0.216,0
"503-00000000","צריכה","20/03/2024","23:00",0.046,0
"503-00000000","צריכה","20/03/2024","23:15",0.049,0
"503-00000000","צריכה","20/03/2024","23:30",0.058,0
"503-00000000","צריכה","20/03/2024","23:45",0.059,0
"503-00000000","צריכה","21/03/2024","00:00",0.055,0
"503-00000000","צריכה","21/03/2024","00:15",0.041,0
"503-00000000","צריכה","21/03/2024","00:30",0.039,0
"503-00000000","צריכה","21/03/2024","00:45",0.051,0
"503-00000000","צריכה","21/03/2024","01:00",0.046,0
"503-00000000","צריכה","21/03/2024","01:15",0.041,0
"503-00000000","צריכה","21/03/2024","01:30",0.055,0
"503-00000000","צריכה","21/03/2024","01:45",0.053,0
"503-00000000","צריכה","21/03/2024","02:00",0.052,0
"503-00000000","צריכה","21/03/2024","02:15",0.042,0
"503-00000000","צריכה","21/03/2024","02:30",0.058,0
"503-00000000","צריכה","21/03/2024","02:45",0.047,0
"503-00000000","צריכה","21/03/2024","03:00",0.042,0
"503-00000000","צריכה","21/03/2024","03:15",0.052,0
"503-00000000","צריכה","21/03/2024","03:30",0.059,0
"503-00000000","צריכה","21/03/2024","03:45",0.042,0
"503-00000000","צריכה","21/03/2024","04:00",0.043,0
"503-00000000","צריכה","21/03/2024","04:15",0.043,0
"503-00000000","צריכה","21/03/2024","04:30",0.044,0
"503-00000000","צריכה","21/03/2024","04:45",0.052,0
"503-00000000","צריכה","21/03/2024","05:00",0.062,0
"503-00000000","צריכה","21/03/2024","05:15",0.052,0
"503-00000000","צריכה","21/03/2024","05:30",0.061,0
"503-00000000","צריכה","21/03/2024","05:45",0.056,0
"503-00000000","צריכה","21/03/2024","06:00",0.111,0
"503-00000000","צריכה","21/03/2024","06:15",0.106,0
"503-00000000","צריכה","21/03/2024","06:30",0.087,0
"503-00000000","צריכה","21/03/2024","06:45",0.102,0
"503-00000000","צריכה","21/03/2024","07:00",0.124,0
"503-00000000","צריכה","21/03/2024","07:15",0.080,0
"503-00000000","צריכה","21/03/2024","07:30",0.089,0
"503-00000000","צריכה","21/03/2024","07:45",0.086,0
"503-00000000","צריכה","21/03/2024","08:00",0.113,0
"503-00000000","צריכה","21/03/2024","08:15",0.119,0
"503-00000000","צריכה","21/03/2024","08:30",0.118,0
"503-00000000","צריכה","21/03/2024","08:45",0.094,0
"503-00000000","צריכה","21/03/2024","09:00",0.059,0
"503-00000000","צריכה","21/03/2024","09:15",0.065,0
"503-00000000","צריכה","21/03/2024","09:30",0.069,0
"503-00000000","צריכה","21/03/2024","09:45",0.060,0
"503-00000000","צריכה","21/03/2024","10:00",0.057,0
"503-00000000","צריכה","21/03/2024","10:15",0.075,0
"503-00000000","צריכה","21/03/2024","10:30",0.072,0
"503-00000000","צריכה","21/03/2024","10:45",0.051,0
"503-00000000","צריכה","21/03/2024","11:00",0.055,0
"503-00000000","צריכה","21/03/2024","11:15",0.055,0
"503-00000000","צריכה","21/03/2024","11:30",0.082,0
"503-00000000","צריכה","21/03/2024","11:45",0.059,0
"503-00000000","צריכה","21/03/2024","12:00",0.067,0
"503-00000000","צריכה","21/03/2024","12:15",0.069,0
"503-00000000","צריכה","21/03/2024","12:30",0.082,0
"503-00000000","צריכה","21/03/2024","12:45",0.077,0
"503-00000000","צריכה","21/03/2024","13:00",0.052,0
"503-00000000","צריכה","21/03/2024","13:15",0.066,0
"503-00000000","צריכה","21/03/2024","13:30",0.077,0
"503-00000000","צריכה","21/03/2024","13:45",0.070,0
"503-00000000","צריכה","21/03/2024","14:00",0.084,0
"503-00000000","צריכה","21/03/2024","14:15",0.079,0
"503-00000000","צריכה","21/03/2024","14:30",0.077,0
"503-00000000","צריכה","21/03/2024","14:45",0.078,0
"503-00000000","צריכה","21/03/2024","15:00",0.060,0
"503-00000000","צריכה","21/03/2024","15:15",0.076,0
"503-00000000","צריכה","21/03/2024","15:30",0.084,0
"503-00000000","צריכה","21/03/2024","15:45",0.075,0
"503-00000000","צריכה","21/03/2024","16:00",0.063,0
"503-00000000","צריכה","21/03/2024","16:15",0.059,0
"503-00000000","צריכה","21/03/2024","16:30",0.063,0
"503-00000000","צריכה","21/03/2024","16:45",0.058,0
"503-00000000","צריכה","21/03/2024","17:00",0.180,0
"503-00000000","צריכה","21/03/2024","17:15",0.193,0
"503-00000000","צריכה","21/03/2024","17:30",0.178,0
"503-00000000","צריכה","21/03/2024","17:45",0.146,0
"503-00000000","צריכה","21/03/2024","18:00",0.217,0
"503-00000000","צריכה","21/03/2024","18:15",0.138,0
"503-00000000","צריכה","21/03/2024","18:30",0.211,0
"503-00000000","צריכה","21/03/2024","18:45",0.172,0
"503-00000000","צריכה","21/03/2024","19:00",0.193,0
"503-00000000","צריכה","21/03/2024","19:15",0.165,0
"503-00000000","צריכה","21/03/2024","19:30",0.139,0
"503-00000000","צריכה","21/03/2024","19:45",0.207,0
"503-00000000","צריכה","21/03/2024","20:00",0.132,0
"503-00000000","צריכה","21/03/2024","20:15",0.194,0
"503-00000000","צריכה","21/03/2024","20:30",0.209,0
"503-00000000","צריכה","21/03/2024","20:45",0.139,0
"503-00000000","צריכה","21/03/2024","21:00",0.199,0
"503-00000000","צריכה","21/03/2024","21:15",0.153,0
"503-00000000","צריכה","21/03/2024","21:30",0.185,0
"503-00000000","צריכה","21/03/2024","21:45",0.149,0
"503-00000000","צריכה","21/03/2024","22:00",0.151,0
"503-00000000","צריכה","21/03/2024","22:15",0.186,0
"503-00000000","צריכה","21/03/2024","22:30",0.211,0
"503-00000000","צריכה","21/03/2024","22:45",0.178,0
"503-00000000","צריכה","21/03/2024","23:00",0.055,0
"503-00000000","צריכה","21/03/2024","23:15",0.055,0
"503-00000000","צריכה","21/03/2024","23:30",0.062,0
"503-00000000","צריכה","21/03/2024","23:45",0.042,0
"503-00000000","צריכה","22/03/2024","00:00",0.060,0
"503-00000000","צריכה","22/03/2024","00:15",0.060,0
"503-00000000","צריכה","22/03/2024","00:30",0.043,0
"503-00000000","צריכה","22/03/2024","00:45",0.044,0
"503-00000000","צריכה","22/03/2024","01:00",0.055,0
"503-00000000","צריכה","22/03/2024","01:15",0.060,0
"503-00000000","צריכה","22/03/2024","01:30",0.042,0
"503-00000000","צריכה","22/03/2024","01:45",0.061,0
"503-00000000","צריכה","22/03/2024","02:00",0.039,0
"503-00000000","צריכה","22/03/2024","02:15",0.051,0
"503-00000000","צריכה","22/03/2024","02:30",0.041,0
"503-00000000","צריכה","22/03/2024","02:45",0.041,0
"503-00000000","צריכה","22/03/2024","03:00",0.052,0
"503-00000000","צריכה","22/03/2024","03:15",0.051,0
"503-00000000","צריכה","22/03/2024","03:30",0.052,0
"503-00000000","צריכה","22/03/2024","03:45",0.045,0
"503-00000000","צריכה","22/03/2024","04:00",0.062,0
"503-00000000","צריכה","22/03/2024","04:15",0.043,0
"503-00000000","צריכה","22/03/2024","04:30",0.041,0
"503-00000000","צריכה","22/03/2024","04:45",0.048,0
"503-00000000","צריכה","22/03/2024","05:00",0.055,0
"503-00000000","צריכה","22/03/2024","05:15",0.038,0
"503-00000000","צריכה","22/03/2024","05:30",0.047,0
"503-00000000","צריכה","22/03/2024","05:45",0.059,0
"503-00000000","צריכה","22/03/2024","06:00",0.093,0
"503-00000000","צריכה","22/03/2024","06:15",0.100,0
"503-00000000","צריכה","22/03/2024","06:30",0.103,0
"503-00000000","צריכה","22/03/2024","06:45",0.095,0
"503-00000000","צריכה","22/03/2024","07:00",0.083,0
"503-00000000","צריכה","22/03/2024","07:15",0.087,0
"503-00000000","צריכה","22/03/2024","07:30",0.112,0
"503-00000000","צריכה","22/03/2024","07:45",0.085,0
"503-00000000","צריכה","22/03/2024","08:00",0.123,0
"503-00000000","צריכה","22/03/2024","08:15",0.076,0
"503-00000000","צריכה","22/03/2024","08:30",0.096,0
"503-00000000","צריכה","22/03/2024","08:45",0.098,0
"503-00000000","צריכה","22/03/2024","09:00",0.109,0
"503-00000000","צריכה","22/03/2024","09:15",0.140,0
"503-00000000","צריכה","22/03/2024","09:30",0.122,0
"503-00000000","צריכה","22/03/2024","09:45",0.102,0
"503-00000000","צריכה","22/03/2024","10:00",0.095,0
"503-00000000","צריכה","22/03/2024","10:15",0.091,0
"503-00000000","צריכה","22/03/2024","10:30",0.131,0
"503-00000000","צריכה","22/03/2024","10:45",0.130,0
"503-00000000","צריכה","22/03/2024","11:00",0.119,0
"503-00000000","צריכה","22/03/2024","11:15",0.129,0
"503-00000000","צריכה","22/03/2024","11:30",0.100,0
"503-00000000","צריכה","22/03/2024","11:45",0.101,0
"503-00000000","צריכה","22/03/2024","12:00",0.140,0
"503-00000000","צריכה","22/03/2024","12:15",0.100,0
"503-00000000","צריכה","22/03/2024","12:30",0.110,0
"503-00000000","צריכה","22/03/2024","12:45",0.125,0
"503-00000000","צריכה","22/03/2024","13:00",0.144,0
"503-00000000","צריכה","22/03/2024","13:15",0.121,0
"503-00000000","צריכה","22/03/2024","13:30",0.091,0
"503-00000000","צריכה","22/03/2024","13:45",0.140,0
"503-00000000","צריכה","22/03/2024","14:00",0.113,0
"503-00000000","צריכה","22/03/2024","14:15",0.090,0
"503-00000000","צריכה","22/03/2024","14:30",0.112,0
"503-00000000","צריכה","22/03/2024","14:45",0.096,0
"503-00000000","צריכה","22/03/2024","15:00",0.104,0
"503-00000000","צריכה","22/03/2024","15:15",0.139,0
"503-00000000","צריכה","22/03/2024","15:30",0.107,0
"503-00000000","צריכה","22/03/2024","15:45",0.137,0
"503-00000000","צריכה","22/03/2024","16:00",0.137,0
"503-00000000","צריכה","22/03/2024","16:15",0.132,0
"503-00000000","צריכה","22/03/2024","16:30",0.113,0
"503-00000000","צריכה","22/03/2024","16:45",0.104,0
"503-00000000","צריכה","22/03/2024","17:00",0.153,0
"503-00000000","צריכה","22/03/2024","17:15",0.183,0
"503-00000000","צריכה","22/03/2024","17:30",0.179,0
"503-00000000","צריכה","22/03/2024","17:45",0.195,0
"503-00000000","צריכה","22/03/2024","18:00",0.151,0
"503-00000000","צריכה","22/03/2024","18:15",0.191,0
"503-00000000","צריכה","22/03/2024","18:30",0.176,0
"503-00000000","צריכה","22/03/2024","18:45",0.182,0
"503-00000000","צריכה","22/03/2024","19:00",0.134,0
"503-00000000","צריכה","22/03/2024","19:15",0.146,0
"503-00000000","צריכה","22/03/2024","19:30",0.204,0
"503-00000000","צריכה","22/03/2024","19:45",0.176,0
"503-00000000","צריכה","22/03/2024","20:00",0.165,0
"503-00000000","צריכה","22/03/2024","20:15",0.177,0
"503-00000000","צריכה","22/03/2024","20:30",0.132,0
"503-00000000","צריכה","22/03/2024","20:45",0.151,0
"503-00000000","צריכה","22/03/2024","21:00",0.166,0
"503-00000000","צריכה","22/03/2024","21:15",0.137,0
"503-00000000","צריכה","22/03/2024","21:30",0.201,0
"503-00000000","צריכה","22/03/2024","21:45",0.170,0
"503-00000000","צריכה","22/03/2024","22:00",0.165,0
"503-00000000","צריכה","22/03/2024","22:15",0.190,0
"503-00000000","צריכה","22/03/2024","22:30",0.181,0
"503-00000000","צריכה","22/03/2024","22:45",0.192,0
"503-00000000","צריכה","22/03/2024","23:00",0.050,0
"503-00000000","צריכה","22/03/2024","23:15",0.049,0
"503-00000000","צריכה","22/03/2024","23:30",0.062,0
"503-00000000","צריכה","22/03/2024","23:45",0.042,0
"503-00000000","צריכה","23/03/2024","00:00",0.054,0
"503-00000000","צריכה","23/03/2024","00:15",0.050,0
"503-00000000","צריכה","23/03/2024","00:30",0.051,0
"503-00000000","צריכה","23/03/2024","00:45",0.047,0
"503-00000000","צריכה","23/03/2024","01:00",0.043,0
"503-00000000","צריכה","23/03/2024","01:15",0.061,0
"503-00000000","צריכה","23/03/2024","01:30",0.044,0
"503-00000000","צריכה","23/03/2024","01:45",0.050,0
"503-00000000","צריכה","23/03/2024","02:00",0.050,0
"503-00000000","צריכה","23/03/2024","02:15",0.055,0
"503-00000000","צריכה","23/03/2024","02:30",0.052,0
"503-00000000","צריכה","23/03/2024","02:45",0.055,0
"503-00000000","צריכה","23/03/2024","03:00",0.046,0
"503-00000000","צריכה","23/03/2024","03:15",0.052,0
"503-00000000","צריכה","23/03/2024","03:30",0.040,0
"503-00000000","צריכה","23/03/2024","03:45",0.053,0
"503-00000000","צריכה","23/03/2024","04:00",0.044,0
"503-00000000","צריכה","23/03/2024","04:15",0.041,0
"503-00000000","צריכה","23/03/2024","04:30",0.050,0
"503-00000000","צריכה","23/03/2024","04:45",0.056,0
"503-00000000","צריכה","23/03/2024","05:00",0.047,0
"503-00000000","צריכה","23/03/2024","05:15",0.058,0
"503-00000000","צריכה","23/03/2024","05:30",0.062,0
"503-00000000","צריכה","23/03/2024","05:45",0.049,0
"503-00000000","צריכה","23/03/2024","06:00",0.110,0
"503-00000000","צריכה","23/03/2024","06:15",0.098,0
"503-00000000","צריכה","23/03/2024","06:30",0.082,0
"503-00000000","צריכה","23/03/2024","06:45",0.103,0
"503-00000000","צריכה","23/03/2024","07:00",0.100,0
"503-00000000","צריכה","23/03/2024","07:15",0.103,0
"503-00000000","צריכה","23/03/2024","07:30",0.107,0
"503-00000000","צריכה","23/03/2024","07:45",0.110,0
"503-00000000","צריכה","23/03/2024","08:00",0.107,0
"503-00000000","צריכה","23/03/2024","08:15",0.076,0
"503-00000000","צריכה","23/03/2024","08:30",0.075,0
"503-00000000","צריכה","23/03/2024","08:45",0.086,0
"503-00000000","צריכה","23/03/2024","09:00",0.108,0
"503-00000000","צריכה","23/03/2024","09:15",0.104,0
"503-00000000","צריכה","23/03/2024","09:30",0.104,0
"503-00000000","צריכה","23/03/2024","09:45",0.116,0
"503-00000000","צריכה","23/03/2024","10:00",0.098,0
"503-00000000","צריכה","23/03/2024","10:15",0.112,0
"503-00000000","צריכה","23/03/2024","10:30",0.093,0
"503-00000000","צריכה","23/03/2024","10:45",0.093,0
"503-00000000","צריכה","23/03/2024","11:00",0.121,0
"503-00000000","צריכה","23/03/2024","11:15",0.133,0
"503-00000000","צריכה","23/03/2024","11:30",0.102,0
"503-00000000","צריכה","23/03/2024","11:45",0.139,0
"503-00000000","צריכה","23/03/2024","12:00",0.122,0
"503-00000000","צריכה","23/03/2024","12:15",0.129,0
"503-00000000","צריכה","23/03/2024","12:30",0.091,0
"503-00000000","צריכה","23/03/2024","12:45",0.093,0
"503-00000000","צריכה","23/03/2024","13:00",0.140,0
"503-00000000","צריכה","23/03/2024","13:15",0.127,0
"503-00000000","צריכה","23/03/2024","13:30",0.135,0
"503-00000000","צריכה","23/03/2024","13:45",0.105,0
"503-00000000","צריכה","23/03/2024","14:00",0.096,0
"503-00000000","צריכה","23/03/2024","14:15",0.146,0
"503-00000000","צריכה","23/03/2024","14:30",0.128,0
"503-00000000","צריכה","23/03/2024","14:45",0.115,0
"503-00000000","צריכה","23/03/2024","15:00",0.120,0
"503-00000000","צריכה","23/03/2024","15:15",0.120,0
"503-00000000","צריכה","23/03/2024","15:30",0.111,0
"503-00000000","צריכה","23/03/2024","15:45",0.134,0
"503-00000000","צריכה","23/03/2024","16:00",0.117,0
"503-00000000","צריכה","23/03/2024","16:15",0.089,0
"503-00000000","צריכה","23/03/2024","16:30",0.121,0
"503-00000000","צריכה","23/03/2024","16:45",0.128,0
"503-00000000","צריכה","23/03/2024","17:00",0.189,0
"503-00000000","צריכה","23/03/2024","17:15",0.195,0
"503-00000000","צריכה","23/03/2024","17:30",0.215,0
"503-00000000","צריכה","23/03/2024","17:45",0.134,0
"503-00000000","צריכה","23/03/2024","18:00",0.145,0
"503-00000000","צריכה","23/03/2024","18:15",0.162,0
"503-00000000","צריכה","23/03/2024","18:30",0.210,0
"503-00000000","צריכה","23/03/2024","18:45",0.193,0
"503-00000000","צריכה","23/03/2024","19:00",0.184,0
"503-00000000","צריכה","23/03/2024","19:15",0.211,0
"503-00000000","צריכה","23/03/2024","19:30",0.195,0
"503-00000000","צריכה","23/03/2024","19:45",0.165,0
"503-00000000","צריכה","23/03/2024","20:00",0.153,0
"503-00000000","צריכה","23/03/2024","20:15",0.210,0
"503-00000000","צריכה","23/03/2024","20:30",0.151,0
"503-00000000","צריכה","23/03/2024","20:45",0.173,0
"503-00000000","צריכה","23/03/2024","21:00",0.170,0
"503-00000000","צריכה","23/03/2024","21:15",0.175,0
"503-00000000","צריכה","23/03/2024","21:30",0.166,0
"503-00000000","צריכה","23/03/2024","21:45",0.137,0
"503-00000000","צריכה","23/03/2024","22:00",0.195,0
"503-00000000","צריכה","23/03/2024","22:15",0.147,0
"503-00000000","צריכה","23/03/2024","22:30",0.136,0
"503-00000000","צריכה","23/03/2024","22:45",0.145,0
"503-00000000","צריכה","23/03/2024","23:00",0.054,0
"503-00000000","צריכה","23/03/2024","23:15",0.058,0
"503-00000000","צריכה","23/03/2024","23:30",0.039,0
"503-00000000","צריכה","23/03/2024","23:45",0.053,0
"503-00000000","צריכה","24/03/2024","00:00",0.056,0
"503-00000000","צריכה","24/03/2024","00:15",0.039,0
"503-00000000","צריכה","24/03/2024","00:30",0.048,0
"503-00000000","צריכה","24/03/2024","00:45",0.055,0
"503-00000000","צריכה","24/03/2024","01:00",0.062,0
"503-00000000","צריכה","24/03/2024","01:15",0.039,0
"503-00000000","צריכה","24/03/2024","01:30",0.047,0
"503-00000000","צריכה","24/03/2024","01:45",0.049,0
"503-00000000","צריכה","24/03/2024","02:00",0.043,0
"503-00000000","צריכה","24/03/2024","02:15",0.038,0
"503-00000000","צריכה","24/03/2024","02:30",0.046,0
"503-00000000","צריכה","24/03/2024","02:45",0.043,0
"503-00000000","צריכה","24/03/2024","03:00",0.038,0
"503-00000000","צריכה","24/03/2024","03:15",0.039,0
"503-00000000","צריכה","24/03/2024","03:30",0.052,0
"503-00000000","צריכה","24/03/2024","03:45",0.041,0
"503-00000000","צריכה","24/03/2024","04:00",0.038,0
"503-00000000","צריכה","24/03/2024","04:15",0.049,0
"503-00000000","צריכה","24/03/2024","04:30",0.044,0
"503-00000000","צריכה","24/03/2024","04:45",0.054,0
"503-00000000","צריכה","24/03/2024","05:00",0.046,0
"503-00000000","צריכה","24/03/2024","05:15",0.056,0
"503-00000000","צריכה","24/03/2024","05:30",0.050,0
"503-00000000","צריכה","24/03/2024","05:45",0.038,0
"503-00000000","צריכה","24/03/2024","06:00",0.097,0
"503-00000000","צריכה","24/03/2024","06:15",0.113,0
"503-00000000","צריכה","24/03/2024","06:30",0.109,0
"503-00000000","צריכה","24/03/2024","06:45",0.093,0
"503-00000000","צריכה","24/03/2024","07:00",0.110,0
"503-00000000","צריכה","24/03/2024","07:15",0.105,0
"503-00000000","צריכה","24/03/2024","07:30",0.096,0
"503-00000000","צריכה","24/03/2024","07:45",0.078,0
"503-00000000","צריכה","24/03/2024","08:00",0.086,0
"503-00000000","צריכה","24/03/2024","08:15",0.085,0
"503-00000000","צריכה","24/03/2024","08:30",0.124,0
"503-00000000","צריכה","24/03/2024","08:45",0.110,0
"503-00000000","צריכה","24/03/2024","09:00",0.082,0
"503-00000000","צריכה","24/03/2024","09:15",0.051,0
"503-00000000","צריכה","24/03/2024","09:30",0.081,0
"503-00000000","צריכה","24/03/2024","09:45",0.079,0
"503-00000000","צריכה","24/03/2024","10:00",0.053,0
"503-00000000","צריכה","24/03/2024","10:15",0.071,0
"503-00000000","צריכה","24/03/2024","10:30",0.056,0
"503-00000000","צריכה","24/03/2024","10:45",0.063,0
"503-00000000","צריכה","24/03/2024","11:00",0.079,0
"503-00000000","צריכה","24/03/2024","11:15",0.063,0
"503-00000000","צריכה","24/03/2024","11:30",0.077,0
"503-00000000","צריכה","24/03/2024","11:45",0.072,0
"503-00000000","צריכה","24/03/2024","12:00",0.075,0
"503-00000000","צריכה","24/03/2024","12:15",0.080,0
"503-00000000","צריכה","24/03/2024","12:30",0.069,0
"503-00000000","צריכה","24/03/2024","12:45",0.068,0
"503-00000000","צריכה","24/03/2024","13:00",0.062,0
"503-00000000","צריכה","24/03/2024","13:15",0.073,0
"503-00000000","צריכה","24/03/2024","13:30",0.066,0
"503-00000000","צריכה","24/03/2024","13:45",0.053,0
"503-00000000","צריכה","24/03/2024","14:00",0.053,0
"503-00000000","צריכה","24/03/2024","14:15",0.064,0
"503-00000000","צריכה","24/03/2024","14:30",0.071,0
"503-00000000","צריכה","24/03/2024","14:45",0.077,0
"503-00000000","צריכה","24/03/2024","15:00",0.059,0
"503-00000000","צריכה","24/03/2024","15:15",0.061,0
"503-00000000","צריכה","24/03/2024","15:30",0.070,0
"503-00000000","צריכה","24/03/2024","15:45",0.070,0
"503-00000000","צריכה","24/03/2024","16:00",0.060,0
"503-00000000","צריכה","24/03/2024","16:15",0.083,0
"503-00000000","צריכה","24/03/2024","16:30",0.071,0
"503-00000000","צריכה","24/03/2024","16:45",0.058,0
"503-00000000","צריכה","24/03/2024","17:00",0.136,0
"503-00000000","צריכה","24/03/2024","17:15",0.182,0
"503-00000000","צריכה","24/03/2024","17:30",0.135,0
"503-00000000","צריכה","24/03/2024","17:45",0.218,0
"503-00000000","צריכה","24/03/2024","18:00",0.143,0
"503-00000000","צריכה","24/03/2024","18:15",0.135,0
"503-00000000","צריכה","24/03/2024","18:30",0.214,0
"503-00000000","צריכה","24/03/2024","18:45",0.167,0
"503-00000000","צריכה","24/03/2024","19:00",0.158,0
"503-00000000","צריכה","24/03/2024","19:15",0.218,0
"503-00000000","צריכה","24/03/2024","19:30",0.154,0
"503-00000000","צריכה","24/03/2024","19:45",0.183,0
"503-00000000","צריכה","24/03/2024","20:00",0.175,0
"503-00000000","צריכה","24/03/2024","20:15",0.208,0
"503-00000000","צריכה","24/03/2024","20:30",0.138,0
"503-00000000","צריכה","24/03/2024","20:45",0.150,0
"503-00000000","צריכה","24/03/2024","21:00",0.208,0
"503-00000000","צריכה","24/03/2024","21:15",0.188,0
"503-00000000","צריכה","24/03/2024","21:30",0.174,0
"503-00000000","צריכה","24/03/2024","21:45",0.179,0
"503-00000000","צריכה","24/03/2024","22:00",0.145,0
"503-00000000","צריכה","24/03/2024","22:15",0.172,0
"503-00000000","צריכה","24/03/2024","22:30",0.192,0
"503-00000000","צריכה","24/03/2024","22:45",0.153,0
"503-00000000","צריכה","24/03/2024","23:00",0.038,0
"503-00000000","צריכה","24/03/2024","23:15",0.047,0
"503-00000000","צריכה","24/03/2024","23:30",0.041,0
"503-00000000","צריכה","24/03/2024","23:45",0.046,0
"503-00000000","צריכה","25/03/2024","00:00",0.058,0
"503-00000000","צריכה","25/03/2024","00:15",0.056,0
"503-00000000","צריכה","25/03/2024","00:30",0.044,0
"503-00000000","צריכה","25/03/2024","00:45",0.041,0
"503-00000000","צריכה","25/03/2024","01:00",0.060,0
"503-00000000","צריכה","25/03/2024","01:15",0.039,0
"503-00000000","צריכה","25/03/2024","01:30",0.045,0
"503-00000000","צריכה","25/03/2024","01:45",0.045,0
"503-00000000","צריכה","25/03/2024","02:00",0.050,0
"503-00000000","צריכה","25/03/2024","02:15",0.050,0
"503-00000000","צריכה","25/03/2024","02:30",0.041,0
"503-00000000","צריכה","25/03/2024","02:45",0.060,0
"503-00000000","צריכה","25/03/2024","03:00",0.039,0
"503-00000000","צריכה","25/03/2024","03:15",0.056,0
"503-00000000","צריכה","25/03/2024","03:30",0.062,0
"503-00000000","צריכה","25/03/2024","03:45",0.058,0
"503-00000000","צריכה","25/03/2024","04:00",0.053,0
"503-00000000","צריכה","25/03/2024","04:15",0.060,0
"503-00000000","צריכה","25/03/2024","04:30",0.038,0
"503-00000000","צריכה","25/03/2024","04:45",0.050,0
"503-00000000","צריכה","25/03/2024","05:00",0.061,0
"503-00000000","צריכה","25/03/2024","05:15",0.060,0
"503-00000000","צריכה","25/03/2024","05:30",0.057,0
"503-00000000","צריכה","25/03/2024","05:45",0.039,0
"503-00000000","צריכה","25/03/2024","06:00",0.094,0
"503-00000000","צריכה","25/03/2024","06:15",0.113,0
"503-00000000","צריכה","25/03/2024","06:30",0.088,0
"503-00000000","צריכה","25/03/2024","06:45",0.103,0
"503-00000000","צריכה","25/03/2024","07:00",0.119,0
"503-00000000","צריכה","25/03/2024","07:15",0.124,0
"503-00000000","צריכה","25/03/2024","07:30",0.104,0
"503-00000000","צריכה","25/03/2024","07:45",0.093,0
"503-00000000","צריכה","25/03/2024","08:00",0.075,0
"503-00000000","צריכה","25/03/2024","08:15",0.112,0
"503-00000000","צריכה","25/03/2024","08:30",0.086,0
"503-00000000","צריכה","25/03/2024","08:45",0.099,0
"503-00000000","צריכה","25/03/2024","09:00",0.058,0
"503-00000000","צריכה","25/03/2024","09:15",0.066,0
"503-00000000","צריכה","25/03/2024","09:30",0.066,0
"503-00000000","צריכה","25/03/2024","09:45",0.066,0
"503-00000000","צריכה","25/03/2024","10:00",0.057,0
"503-00000000","צריכה","25/03/2024","10:15",0.053,0
"503-00000000","צריכה","25/03/2024","10:30",0.074,0
"503-00000000","צריכה","25/03/2024","10:45",0.064,0
"503-00000000","צריכה","25/03/2024","11:00",0.068,0
"503-00000000","צריכה","25/03/2024","11:15",0.056,0
"503-00000000","צריכה","25/03/2024","11:30",0.070,0
"503-00000000","צריכה","25/03/2024","11:45",0.065,0
"503-00000000","צריכה","25/03/2024","12:00",0.057,0
"503-00000000","צריכה","25/03/2024","12:15",0.078,0
"503-00000000","צריכה","25/03/2024","12:30",0.052,0
"503-00000000","צריכה","25/03/2024","12:45",0.074,0
"503-00000000","צריכה","25/03/2024","13:00",0.052,0
"503-00000000","צריכה","25/03/2024","13:15",0.079,0
"503-00000000","צריכה","25/03/2024","13:30",0.080,0
"503-00000000","צריכה","25/03/2024","13:45",0.073,0
"503-00000000","צריכה","25/03/2024","14:00",0.071,0
"503-00000000","צריכה","25/03/2024","14:15",0.064,0
"503-00000000","צריכה","25/03/2024","14:30",0.057,0
"503-00000000","צריכה","25/03/2024","14:45",0.067,0
"503-00000000","צריכה","25/03/2024","15:00",0.065,0
"503-00000000","צריכה","25/03/2024","15:15",0.080,0
"503-00000000","צריכה","25/03/2024","15:30",0.053,0
"503-00000000","צריכה","25/03/2024","15:45",0.073,0
"503-00000000","צריכה","25/03/2024","16:00",0.064,0
"503-00000000","צריכה","25/03/2024","16:15",0.074,0
"503-00000000","צריכה","25/03/2024","16:30",0.073,0
"503-00000000","צריכה","25/03/2024","16:45",0.074,0
"503-00000000","צריכה","25/03/2024","17:00",0.155,0
"503-00000000","צריכה","25/03/2024","17:15",0.190,0
"503-00000000","צריכה","25/03/2024","17:30",0.196,0
"503-00000000","צריכה","25/03/2024","17:45",0.159,0
"503-00000000","צריכה","25/03/2024","18:00",0.138,0
"503-00000000","צריכה","25/03/2024","18:15",0.209,0
"503-00000000","צריכה","25/03/2024","18:30",0.173,0
"503-00000000","צריכה","25/03/2024","18:45",0.205,0
"503-00000000","צריכה","25/03/2024","19:00",0.150,0
"503-00000000","צריכה","25/03/2024","19:15",0.186,0
"503-00000000","צריכה","25/03/2024","19:30",0.202,0
"503-00000000","צריכה","25/03/2024","19:45",0.214,0
"503-00000000","צריכה","25/03/2024","20:00",0.145,0
"503-00000000","צריכה","25/03/2024","20:15",0.132,0
"503-00000000","צריכה","25/03/2024","20:30",0.210,0
"503-00000000","צריכה","25/03/2024","20:45",0.199,0
"503-00000000","צריכה","25/03/2024","21:00",0.141,0
"503-00000000","צריכה","25/03/2024","21:15",0.153,0
"503-00000000","צריכה","25/03/2024","21:30",0.210,0
"503-00000000","צריכה","25/03/2024","21:45",0.147,0
"503-00000000","צריכה","25/03/2024","22:00",0.170,0
"503-00000000","צריכה","25/03/2024","22:15",0.166,0
"503-00000000","צריכה","25/03/2024","22:30",0.218,0
"503-00000000","צריכה","25/03/2024","22:45",0.169,0
"503-00000000","צריכה","25/03/2024","23:00",0.056,0
"503-00000000","צריכה","25/03/2024","23:15",0.039,0
"503-00000000","צריכה","25/03/2024","23:30",0.042,0
"503-00000000","צריכה","25/03/2024","23:45",0.047,0
"503-00000000","צריכה","26/03/2024","00:00",0.046,0
"503-00000000","צריכה","26/03/2024","00:15",0.060,0
"503-00000000","צריכה","26/03/2024","00:30",0.052,0
"503-00000000","צריכה","26/03/2024","00:45",0.058,0
"503-00000000","צריכה","26/03/2024","01:00",0.057,0
"503-00000000","צריכה","26/03/2024","01:15",0.061,0
"503-00000000","צריכה","26/03/2024","01:30",0.039,0
"503-00000000","צריכה","26/03/2024","01:45",0.042,0
"503-00000000","צריכה","26/03/2024","02:00",0.040,0
"503-00000000","צריכה","26/03/2024","02:15",0.039,0
"503-00000000","צריכה","26/03/2024","02:30",0.056,0
"503-00000000","צריכה","26/03/2024","02:45",0.050,0
"503-00000000","צריכה","26/03/2024","03:00",0.045,0
"503-00000000","צריכה","26/03/2024","03:15",0.061,0
"503-00000000","צריכה","26/03/2024","03:30",0.058,0
"503-00000000","צריכה","26/03/2024","03:45",0.052,0
"503-00000000","צריכה","26/03/2024","04:00",0.045,0
"503-00000000","צריכה","26/03/2024","04:15",0.040,0
"503-00000000","צריכה","26/03/2024","04:30",0.050,0
"503-00000000","צריכה","26/03/2024","04:45",0.057,0
"503-00000000","צריכה","26/03/2024","05:00",0.040,0
"503-00000000","צריכה","26/03/2024","05:15",0.045,0
"503-00000000","צריכה","26/03/2024","05:30",0.045,0
"503-00000000","צריכה","26/03/2024","05:45",0.039,0
"503-00000000","צריכה","26/03/2024","06:00",0.119,0
"503-00000000","צריכה","26/03/2024","06:15",0.093,0
"503-00000000","צריכה","26/03/2024","06:30",0.113,0
"503-00000000","צריכה","26/03/2024","06:45",0.078,0
"503-00000000","צריכה","26/03/2024","07:00",0.082,0
"503-00000000","צריכה","26/03/2024","07:15",0.107,0
"503-00000000","צריכה","26/03/2024","07:30",0.095,0
"503-00000000","צריכה","26/03/2024","07:45",0.124,0
"503-00000000","צריכה","26/03/2024","08:00",0.105,0
"503-00000000","צריכה","26/03/2024","08:15",0.100,0
"503-00000000","צריכה","26/03/2024","08:30",0.112,0
"503-00000000","צריכה","26/03/2024","08:45",0.109,0
"503-00000000","צריכה","26/03/2024","09:00",0.054,0
"503-00000000","צריכה","26/03/2024","09:15",0.064,0
"503-00000000","צריכה","26/03/2024","09:30",0.082,0
"503-00000000","צריכה","26/03/2024","09:45",0.074,0
"503-00000000","צריכה","26/03/2024","10:00",0.066,0
"503-00000000","צריכה","26/03/2024","10:15",0.057,0
"503-00000000","צריכה","26/03/2024","10:30",0.069,0
"503-00000000","צריכה","26/03/2024","10:45",0.065,0
"503-00000000","צריכה","26/03/2024","11:00",0.066,0
"503-00000000","צריכה","26/03/2024","11:15",0.080,0
"503-00000000","צריכה","26/03/2024","11:30",0.080,0
"503-00000000","צריכה","26/03/2024","11:45",0.055,0
"503-00000000","צריכה","26/03/2024","12:00",0.067,0
"503-00000000","צריכה","26/03/2024","12:15",0.053,0
"503-00000000","צריכה","26/03/2024","12:30",0.065,0
"503-00000000","צריכה","26/03/2024","12:45",0.081,0
"503-00000000","צריכה","26/03/2024","13:00",0.062,0
"503-00000000","צריכה","26/03/2024","13:15",0.078,0
"503-00000000","צריכה","26/03/2024","13:30",0.067,0
"503-00000000","צריכה","26/03/2024","13:45",0.083,0
"503-00000000","צריכה","26/03/2024","14:00",0.056,0
"503-00000000","צריכה","26/03/2024","14:15",0.061,0
"503-00000000","צריכה","26/03/2024","14:30",0.063,0
"503-00000000","צריכה","26/03/2024","14:45",0.054,0
"503-00000000","צריכה","26/03/2024","15:00",0.079,0
"503-00000000","צריכה","26/03/2024","15:15",0.070,0
"503-00000000","צריכה","26/03/2024","15:30",0.051,0
"503-00000000","צריכה","26/03/2024","15:45",0.084,0
"503-00000000","צריכה","26/03/2024","16:00",0.067,0
"503-00000000","צריכה","26/03/2024","16:15",0.075,0
"503-00000000","צריכה","26/03/2024","16:30",0.068,0
"503-00000000","צריכה","26/03/2024","16:45",0.068,0
"503-00000000","צריכה","26/03/2024","17:00",0.163,0
"503-00000000","צריכה","26/03/2024","17:15",0.172,0
"503-00000000","צריכה","26/03/2024","17:30",0.170,0
"503-00000000","צריכה","26/03/2024","17:45",0.199,0
"503-00000000","צריכה","26/03/2024","18:00",0.161,0
"503-00000000","צריכה","26/03/2024","18:15",0.164,0
"503-00000000","צריכה","26/03/2024","18:30",0.191,0
"503-00000000","צריכה","26/03/2024","18:45",0.163,0
"503-00000000","צריכה","26/03/2024","19:00",0.143,0
"503-00000000","צריכה","26/03/2024","19:15",0.132,0
"503-00000000","צריכה","26/03/2024","19:30",0.195,0
"503-00000000","צריכה","26/03/2024","19:45",0.171,0
"503-00000000","צריכה","26/03/2024","20:00",0.172,0
"503-00000000","צריכה","26/03/2024","20:15",0.185,0
"503-00000000","צריכה","26/03/2024","20:30",0.183,0
"503-00000000","צריכה","26/03/2024","20:45",0.199,0
"503-00000000","צריכה","26/03/2024","21:00",0.211,0
"503-00000000","צריכה","26/03/2024","21:15",0.150,0
"503-00000000","צריכה","26/03/2024","21:30",0.176,0
"503-00000000","צריכה","26/03/2024","21:45",0.212,0
"503-00000000","צריכה","26/03/2024","22:00",0.159,0
"503-00000000","צריכה","26/03/2024","22:15",0.181,0
"503-00000000","צריכה","26/03/2024","22:30",0.145,0
"503-00000000","צריכה","26/03/2024","22:45",0.182,0
"503-00000000","צריכה","26/03/2024","23:00",0.051,0
"503-00000000","צריכה","26/03/2024","23:15",0.047,0
"503-00000000","צריכה","26/03/2024","23:30",0.060,0
"503-00000000","צריכה","26/03/2024","23:45",0.053,0
"503-00000000","צריכה","27/03/2024","00:00",0.047,0
"503-00000000","צריכה","27/03/2024","00:15",0.052,0
"503-00000000","צריכה","27/03/2024","00:30",0.059,0
"503-00000000","צריכה","27/03/2024","00:45",0.047,0
"503-00000000","צריכה","27/03/2024","01:00",0.044,0
"503-00000000","צריכה","27/03/2024","01:15",0.046,0
"503-00000000","צריכה","27/03/2024","01:30",0.038,0
"503-00000000","צריכה","27/03/2024","01:45",0.061,0
"503-00000000","צריכה","27/03/2024","02:00",0.053,0
"503-00000000","צריכה","27/03/2024","02:15",0.061,0
"503-00000000","צריכה","27/03/2024","02:30",0.061,0
"503-00000000","צריכה","27/03/2024","02:45",0.038,0
"503-00000000","צריכה","27/03/2024","03:00",0.050,0
"503-00000000","צריכה","27/03/2024","03:15",0.038,0
"503-00000000","צריכה","27/03/2024","03:30",0.053,0
"503-00000000","צריכה","27/03/2024","03:45",0.051,0
"503-00000000","צריכה","27/03/2024","04:00",0.043,0
"503-00000000","צריכה","27/03/2024","04:15",0.038,0
"503-00000000","צריכה","27/03/2024","04:30",0.057,0
"503-00000000","צריכה","27/03/2024","04:45",0.038,0
"503-00000000","צריכה","27/03/2024","05:00",0.059,0
"503-00000000","צריכה","27/03/2024","05:15",0.057,0
"503-00000000","צריכה","27/03/2024","05:30",0.055,0
"503-00000000","צריכה","27/03/2024","05:45",0.045,0
"503-00000000","צריכה","27/03/2024","06:00",0.117,0
"503-00000000","צריכה","27/03/2024","06:15",0.096,0
"503-00000000","צריכה","27/03/2024","06:30",0.077,0
"503-00000000","צריכה","27/03/2024","06:45",0.096,0
"503-00000000","צריכה","27/03/2024","07:00",0.121,0
"503-00000000","צריכה","27/03/2024","07:15",0.095,0
"503-00000000","צריכה","27/03/2024","07:30",0.119,0
"503-00000000","צריכה","27/03/2024","07:45",0.100,0
"503-00000000","צריכה","27/03/2024","08:00",0.090,0
"503-00000000","צריכה","27/03/2024","08:15",0.090,0
"503-00000000","צריכה","27/03/2024","08:30",0.115,0
"503-00000000","צריכה","27/03/2024","08:45",0.079,0
"503-00000000","צריכה","27/03/2024","09:00",0.054,0
"503-00000000","צריכה","27/03/2024","09:15",0.073,0
"503-00000000","צריכה","27/03/2024","09:30",0.083,0
"503-00000000","צריכה","27/03/2024","09:45",0.057,0
"503-00000000","צריכה","27/03/2024","10:00",0.059,0
"503-00000000","צריכה","27/03/2024","10:15",0.053,0
"503-00000000","צריכה","27/03/2024","10:30",0.069,0
"503-00000000","צריכה","27/03/2024","10:45",0.065,0
"503-00000000","צריכה","27/03/2024","11:00",0.059,0
"503-00000000","צריכה","27/03/2024","11:15",0.071,0
"503-00000000","צריכה","27/03/2024","11:30",0.055,0
"503-00000000","צריכה","27/03/2024","11:45",0.079,0
"503-00000000","צריכה","27/03/2024","12:00",0.055,0
"503-00000000","צריכה","27/03/2024","12:15",0.082,0
"503-00000000","צריכה","27/03/2024","12:30",0.055,0
"503-00000000","צריכה","27/03/2024","12:45",0.074,0
"503-00000000","צריכה","27/03/2024","13:00",0.070,0
"503-00000000","צריכה","27/03/2024","13:15",0.063,0
"503-00000000","צריכה","27/03/2024","13:30",0.070,0
"503-00000000","צריכה","27/03/2024","13:45",0.083,0
"503-00000000","צריכה","27/03/2024","14:00",0.052,0
"503-00000000","צריכה","27/03/2024","14:15",0.080,0
"503-00000000","צריכה","27/03/2024","14:30",0.079,0
"503-00000000","צריכה","27/03/2024","14:45",0.073,0
"503-00000000","צריכה","27/03/2024","15:00",0.083,0
"503-00000000","צריכה","27/03/2024","15:15",0.079,0
"503-00000000","צריכה","27/03/2024","15:30",0.081,0
"503-00000000","צריכה","27/03/2024","15:45",0.069,0
"503-00000000","צריכה","27/03/2024","16:00",0.067,0
"503-00000000","צריכה","27/03/2024","16:15",0.057,0
"503-00000000","צריכה","27/03/2024","16:30",0.066,0
"503-00000000","צריכה","27/03/2024","16:45",0.068,0
"503-00000000","צריכה","27/03/2024","17:00",0.192,0
"503-00000000","צריכה","27/03/2024","17:15",0.151,0
"503-00000000","צריכה","27/03/2024","17:30",0.161,0
"503-00000000","צריכה","27/03/2024","17:45",0.160,0
"503-00000000","צריכה","27/03/2024","18:00",0.200,0
"503-00000000","צריכה","27/03/2024","18:15",0.185,0
"503-00000000","צריכה","27/03/2024","18:30",0.174,0
"503-00000000","צריכה","27/03/2024","18:45",0.205,0
"503-00000000","צריכה","27/03/2024","19:00",0.168,0
"503-00000000","צריכה","27/03/2024","19:15",0.131,0
"503-00000000","צריכה","27/03/2024","19:30",0.194,0
"503-00000000","צריכה","27/03/2024","19:45",0.148,0
"503-00000000","צריכה","27/03/2024","20:00",0.175,0
"503-00000000","צריכה","27/03/2024","20:15",0.209,0
"503-00000000","צריכה","27/03/2024","20:30",0.213,0
"503-00000000","צריכה","27/03/2024","20:45",0.205,0
"503-00000000","צריכה","27/03/2024","21:00",0.200,0
"503-00000000","צריכה","27/03/2024","21:15",0.212,0
"503-00000000","צריכה","27/03/2024","21:30",0.202,0
"503-00000000","צריכה","27/03/2024","21:45",0.196,0
"503-00000000","צריכה","27/03/2024","22:00",0.212,0
"503-00000000","צריכה","27/03/2024","22:15",0.153,0
"503-00000000","צריכה","27/03/2024","22:30",0.185,0
"503-00000000","צריכה","27/03/2024","22:45",0.140,0
"503-00000000","צריכה","27/03/2024","23:00",0.054,0
"503-00000000","צריכה","27/03/2024","23:15",0.061,0
"503-00000000","צריכה","27/03/2024","23:30",0.041,0
"503-00000000","צריכה","27/03/2024","23:45",0.057,0
"503-00000000","צריכה","28/03/2024","00:00",0.047,0
"503-00000000","צריכה","28/03/2024","00:15",0.041,0
"503-00000000","צריכה","28/03/2024","00:30",0.052,0
"503-00000000","צריכה","28/03/2024","00:45",0.041,0
"503-00000000","צריכה","28/03/2024","01:00",0.049,0
"503-00000000","צריכה","28/03/2024","01:15",0.049,0
"503-00000000","צריכה","28/03/2024","01:30",0.052,0
"503-00000000","צריכה","28/03/2024","01:45",0.039,0
"503-00000000","צריכה","28/03/2024","02:00",0.050,0
"503-00000000","צריכה","28/03/2024","02:15",0.040,0
"503-00000000","צריכה","28/03/2024","02:30",0.046,0
"503-00000000","צריכה","28/03/2024","02:45",0.062,0
"503-00000000","צריכה","28/03/2024","03:00",0.044,0
"503-00000000","צריכה","28/03/2024","03:15",0.054,0
"503-00000000","צריכה","28/03/2024","03:30",0.060,0
"503-00000000","צריכה","28/03/2024","03:45",0.051,0
"503-00000000","צריכה","28/03/2024","04:00",0.040,0
"503-00000000","צריכה","28/03/2024","04:15",0.044,0
"503-00000000","צריכה","28/03/2024","04:30",0.045,0
"503-00000000","צריכה","28/03/2024","04:45",0.046,0
"503-00000000","צריכה","28/03/2024","05:00",0.056,0
"503-00000000","צריכה","28/03/2024","05:15",0.052,0
"503-00000000","צריכה","28/03/2024","05:30",0.039,0
"503-00000000","צריכה","28/03/2024","05:45",0.041,0
"503-00000000","צריכה","28/03/2024","06:00",0.124,0
"503-00000000","צריכה","28/03/2024","06:15",0.094,0
"503-00000000","צריכה","28/03/2024","06:30",0.092,0
"503-00000000","צריכה","28/03/2024","06:45",0.123,0
"503-00000000","צריכה","28/03/2024","07:00",0.099,0
"503-00000000","צריכה","28/03/2024","07:15",0.116,0
"503-00000000","צריכה","28/03/2024","07:30",0.084,0
"503-00000000","צריכה","28/03/2024","07:45",0.106,0
"503-00000000","צריכה","28/03/2024","08:00",0.083,0
"503-00000000","צריכה","28/03/2024","08:15",0.085,0
"503-00000000","צריכה","28/03/2024","08:30",0.088,0
"503-00000000","צריכה","28/03/2024","08:45",0.110,0
"503-00000000","צריכה","28/03/2024","09:00",0.070,0
"503-00000000","צריכה","28/03/2024","09:15",0.064,0
"503-00000000","צריכה","28/03/2024","09:30",0.073,0
"503-00000000","צריכה","28/03/2024","09:45",0.060,0
"503-00000000","צריכה","28/03/2024","10:00",0.052,0
"503-00000000","צריכה","28/03/2024","10:15",0.076,0
"503-00000000","צריכה","28/03/2024","10:30",0.052,0
"503-00000000","צריכה","28/03/2024","10:45",0.075,0
"503-00000000","צריכה","28/03/2024","11:00",0.053,0
"503-00000000","צריכה","28/03/2024","11:15",0.057,0
"503-00000000","צריכה","28/03/2024","11:30",0.076,0
"503-00000000","צריכה","28/03/2024","11:45",0.079,0
"503-00000000","צריכה","28/03/2024","12:00",0.063,0
"503-00000000","צריכה","28/03/2024","12:15",0.076,0
"503-00000000","צריכה","28/03/2024","12:30",0.078,0
"503-00000000","צריכה","28/03/2024","12:45",0.066,0
"503-00000000","צריכה","28/03/2024","13:00",0.058,0
"503-00000000","צריכה","28/03/2024","13:15",0.056,0
"503-00000000","צריכה","28/03/2024","13:30",0.075,0
"503-00000000","צריכה","28/03/2024","13:45",0.062,0
"503-00000000","צריכה","28/03/2024","14:00",0.066,0
"503-00000000","צריכה","28/03/2024","14:15",0.059,0
"503-00000000","צריכה","28/03/2024","14:30",0.080,0
"503-00000000","צריכה","28/03/2024","14:45",0.081,0
"503-00000000","צריכה","28/03/2024","15:00",0.080,0
"503-00000000","צריכה","28/03/2024","15:15",0.068,0
"503-00000000","צריכה","28/03/2024","15:30",0.084,0
"503-00000000","צריכה","28/03/2024","15:45",0.078,0
"503-00000000","צריכה","28/03/2024","16:00",0.063,0
"503-00000000","צריכה","28/03/2024","16:15",0.078,0
"503-00000000","צריכה","28/03/2024","16:30",0.058,0
"503-00000000","צריכה","28/03/2024","16:45",0.079,0
"503-00000000","צריכה","28/03/2024","17:00",0.167,0
"503-00000000","צריכה","28/03/2024","17:15",0.188,0
"503-00000000","צריכה","28/03/2024","17:30",0.132,0
"503-00000000","צריכה","28/03/2024","17:45",0.153,0
"503-00000000","צריכה","28/03/2024","18:00",0.154,0
"503-00000000","צריכה","28/03/2024","18:15",0.140,0
"503-00000000","צריכה","28/03/2024","18:30",0.164,0
"503-00000000","צריכה","28/03/2024","18:45",0.200,0
"503-00000000","צריכה","28/03/2024","19:00",0.148,0
"503-00000000","צריכה","28/03/2024","19:15",0.212,0
"503-00000000","צריכה","28/03/2024","19:30",0.179,0
"503-00000000","צריכה","28/03/2024","19:45",0.191,0
"503-00000000","צריכה","28/03/2024","20:00",0.132,0
"503-00000000","צריכה","28/03/2024","20:15",0.135,0
"503-00000000","צריכה","28/03/2024","20:30",0.207,0
"503-00000000","צריכה","28/03/2024","20:45",0.190,0
"503-00000000","צריכה","28/03/2024","21:00",0.205,0
"503-00000000","צריכה","28/03/2024","21:15",0.185,0
"503-00000000","צריכה","28/03/2024","21:30",0.179,0
"503-00000000","צריכה","28/03/2024","21:45",0.159,0
"503-00000000","צריכה","28/03/2024","22:00",0.144,0
"503-00000000","צריכה","28/03/2024","22:15",0.181,0
"503-00000000","צריכה","28/03/2024","22:30",0.213,0
"503-00000000","צריכה","28/03/2024","22:45",0.196,0
"503-00000000","צריכה","28/03/2024","23:00",0.057,0
"503-00000000","צריכה","28/03/2024","23:15",0.062,0
"503-00000000","צריכה","28/03/2024","23:30",0.044,0
"503-00000000","צריכה","28/03/2024","23:45",0.056,0
"503-00000000","צריכה","29/03/2024","00:00",0.057,0
"503-00000000","צריכה","29/03/2024","00:15",0.054,0
"503-00000000","צריכה","29/03/2024","00:30",0.051,0
"503-00000000","צריכה","29/03/2024","00:45",0.038,0
"503-00000000","צריכה","29/03/2024","01:00",0.039,0
"503-00000000","צריכה","29/03/2024","01:15",0.062,0
"503-00000000","צריכה","29/03/2024","01:30",0.049,0
"503-00000000","צריכה","29/03/2024","01:45",0.062,0
"503-00000000","צריכה","29/03/2024","03:00",0.048,0
"503-00000000","צריכה","29/03/2024","03:15",0.046,0
"503-00000000","צריכה","29/03/2024","03:30",0.040,0
"503-00000000","צריכה","29/03/2024","03:45",0.056,0
"503-00000000","צריכה","29/03/2024","04:00",0.047,0
"503-00000000","צריכה","29/03/2024","04:15",0.059,0
"503-00000000","צריכה","29/03/2024","04:30",0.043,0
"503-00000000","צריכה","29/03/2024","04:45",0.046,0
"503-00000000","צריכה","29/03/2024","05:00",0.060,0
"503-00000000","צריכה","29/03/2024","05:15",0.041,0
"503-00000000","צריכה","29/03/2024","05:30",0.044,0
"503-00000000","צריכה","29/03/2024","05:45",0.055,0
"503-00000000","צריכה","29/03/2024","06:00",0.110,0
"503-00000000","צריכה","29/03/2024","06:15",0.096,0
"503-00000000","צריכה","29/03/2024","06:30",0.076,0
"503-00000000","צריכה","29/03/2024","06:45",0.086,0
"503-00000000","צריכה","29/03/2024","07:00",0.110,0
"503-00000000","צריכה","29/03/2024","07:15",0.111,0
"503-00000000","צריכה","29/03/2024","07:30",0.079,0
"503-00000000","צריכה","29/03/2024","07:45",0.101,0
"503-00000000","צריכה","29/03/2024","08:00",0.123,0
"503-00000000","צריכה","29/03/2024","08:15",0.098,0
"503-00000000","צריכה","29/03/2024","08:30",0.108,0
"503-00000000","צריכה","29/03/2024","08:45",0.082,0
"503-00000000","צריכה","29/03/2024","09:00",0.122,0
"503-00000000","צריכה","29/03/2024","09:15",0.125,0
"503-00000000","צריכה","29/03/2024","09:30",0.131,0
"503-00000000","צריכה","29/03/2024","09:45",0.108,0
"503-00000000","צריכה","29/03/2024","10:00",0.118,0
"503-00000000","צריכה","29/03/2024","10:15",0.104,0
"503-00000000","צריכה","29/03/2024","10:30",0.145,0
"503-00000000","צריכה","29/03/2024","10:45",0.096,0
"503-00000000","צריכה","29/03/2024","11:00",0.129,0
"503-00000000","צריכה","29/03/2024","11:15",0.091,0
"503-00000000","צריכה","29/03/2024","11:30",0.108,0
"503-00000000","צריכה","29/03/2024","11:45",0.144,0
"503-00000000","צריכה","29/03/2024","12:00",0.120,0
"503-00000000","צריכה","29/03/2024","12:15",0.138,0
"503-00000000","צריכה","29/03/2024","12:30",0.109,0
"503-00000000","צריכה","29/03/2024","12:45",0.108,0
"503-00000000","צריכה","29/03/2024","13:00",0.131,0
"503-00000000","צריכה","29/03/2024","13:15",0.107,0
"503-00000000","צריכה","29/03/2024","13:30",0.102,0
"503-00000000","צריכה","29/03/2024","13:45",0.111,0
"503-00000000","צריכה","29/03/2024","14:00",0.093,0
"503-00000000","צריכה","29/03/2024","14:15",0.117,0
"503-00000000","צריכה","29/03/2024","14:30",0.102,0
"503-00000000","צריכה","29/03/2024","14:45",0.113,0
"503-00000000","צריכה","29/03/2024","15:00",0.094,0
"503-00000000","צריכה","29/03/2024","15:15",0.129,0
"503-00000000","צריכה","29/03/2024","15:30",0.106,0
"503-00000000","צריכה","29/03/2024","15:45",0.145,0
"503-00000000","צריכה","29/03/2024","16:00",0.121,0
"503-00000000","צריכה","29/03/2024","16:15",0.118,0
"503-00000000","צריכה","29/03/2024","16:30",0.097,0
"503-00000000","צריכה","29/03/2024","16:45",0.143,0
"503-00000000","צריכה","29/03/2024","17:00",0.209,0
"503-00000000","צריכה","29/03/2024","17:15",0.177,0
"503-00000000","צריכה","29/03/2024","17:30",0.168,0
"503-00000000","צריכה","29/03/2024","17:45",0.174,0
"503-00000000","צריכה","29/03/2024","18:00",0.167,0
"503-00000000","צריכה","29/03/2024","18:15",0.218,0
"503-00000000","צריכה","29/03/2024","18:30",0.207,0
"503-00000000","צריכה","29/03/2024","18:45",0.181,0
"503-00000000","צריכה","29/03/2024","19:00",0.178,0
"503-00000000","צריכה","29/03/2024","19:15",0.214,0
"503-00000000","צריכה","29/03/2024","19:30",0.165,0
"503-00000000","צריכה","29/03/2024","19:45",0.145,0
"503-00000000","צריכה","29/03/2024","20:00",0.164,0
"503-00000000","צריכה","29/03/2024","20:15",0.176,0
"503-00000000","צריכה","29/03/2024","20:30",0.165,0
"503-00000000","צריכה","29/03/2024","20:45",0.150,0
"503-00000000","צריכה","29/03/2024","21:00",0.197,0
"503-00000000","צריכה","29/03/2024","21:15",0.171,0
"503-00000000","צריכה","29/03/2024","21:30",0.169,0
"503-00000000","צריכה","29/03/2024","21:45",0.155,0
"503-00000000","צריכה","29/03/2024","22:00",0.213,0
"503-00000000","צריכה","29/03/2024","22:15",0.141,0
"503-00000000","צריכה","29/03/2024","22:30",0.139,0
"503-00000000","צריכה","29/03/2024","22:45",0.134,0
"503-00000000","צריכה","29/03/2024","23:00",0.052,0
"503-00000000","צריכה","29/03/2024","23:15",0.044,0
"503-00000000","צריכה","29/03/2024","23:30",0.055,0
"503-00000000","צריכה","29/03/2024","23:45",0.059,0
"503-00000000","צריכה","30/03/2024","00:00",0.052,0
"503-00000000","צריכה","30/03/2024","00:15",0.052,0
"503-00000000","צריכה","30/03/2024","00:30",0.057,0
"503-00000000","צריכה","30/03/2024","00:45",0.054,0
"503-00000000","צריכה","30/03/2024","01:00",0.040,0
"503-00000000","צריכה","30/03/2024","01:15",0.047,0
"503-00000000","צריכה","30/03/2024","01:30",0.062,0
"503-00000000","צריכה","30/03/2024","01:45",0.044,0
"503-00000000","צריכה","30/03/2024","02:00",0.053,0
"503-00000000","צריכה","30/03/2024","02:15",0.051,0
"503-00000000","צריכה","30/03/2024","02:30",0.060,0
"503-00000000","צריכה","30/03/2024","02:45",0.044,0
"503-00000000","צריכה","30/03/2024","03:00",0.054,0
"503-00000000","צריכה","30/03/2024","03:15",0.050,0
"503-00000000","צריכה","30/03/2024","03:30",0.042,0
"503-00000000","צריכה","30/03/2024","03:45",0.049,0
"503-00000000","צריכה","30/03/2024","04:00",0.047,0
"503-00000000","צריכה","30/03/2024","04:15",0.038,0
"503-00000000","צריכה","30/03/2024","04:30",0.045,0
"503-00000000","צריכה","30/03/2024","04:45",0.057,0
"503-00000000","צריכה","30/03/2024","05:00",0.044,0
"503-00000000","צריכה","30/03/2024","05:15",0.043,0
"503-00000000","צריכה","30/03/2024","05:30",0.045,0
"503-00000000","צריכה","30/03/2024","05:45",0.041,0
"503-00000000","צריכה","30/03/2024","06:00",0.109,0
"503-00000000","צריכה","30/03/2024","06:15",0.103,0
"503-00000000","צריכה","30/03/2024","06:30",0.094,0
"503-00000000","צריכה","30/03/2024","06:45",0.099,0
"503-00000000","צריכה","30/03/2024","07:00",0.123,0
"503-00000000","צריכה","30/03/2024","07:15",0.090,0
"503-00000000","צריכה","30/03/2024","07:30",0.087,0
"503-00000000","צריכה","30/03/2024","07:45",0.112,0
"503-00000000","צריכה","30/03/2024","08:00",0.091,0
"503-00000000","צריכה","30/03/2024","08:15",0.102,0
"503-00000000","צריכה","30/03/2024","08:30",0.121,0
"503-00000000","צריכה","30/03/2024","08:45",0.085,0
"503-00000000","צריכה","30/03/2024","09:00",0.102,0
"503-00000000","צריכה","30/03/2024","09:15",0.109,0
"503-00000000","צריכה","30/03/2024","09:30",0.132,0
"503-00000000","צריכה","30/03/2024","09:45",0.145,0
"503-00000000","צריכה","30/03/2024","10:00",0.114,0
"503-00000000","צריכה","30/03/2024","10:15",0.142,0
"503-00000000","צריכה","30/03/2024","10:30",0.140,0
"503-00000000","צריכה","30/03/2024","10:45",0.090,0
"503-00000000","צריכה","30/03/2024","11:00",0.118,0
"503-00000000","צריכה","30/03/2024","11:15",0.146,0
"503-00000000","צריכה","30/03/2024","11:30",0.145,0
"503-00000000","צריכה","30/03/2024","11:45",0.131,0
"503-00000000","צריכה","30/03/2024","12:00",0.133,0
"503-00000000","צריכה","30/03/2024","12:15",0.142,0
"503-00000000","צריכה","30/03/2024","12:30",0.119,0
"503-00000000","צריכה","30/03/2024","12:45",0.114,0
"503-00000000","צריכה","30/03/2024","13:00",0.109,0
"503-00000000","צריכה","30/03/2024","13:15",0.113,0
"503-00000000","צריכה","30/03/2024","13:30",0.124,0
"503-00000000","צריכה","30/03/2024","13:45",0.101,0
"503-00000000","צריכה","30/03/2024","14:00",0.145,0
"503-00000000","צריכה","30/03/2024","14:15",0.145,0
"503-00000000","צריכה","30/03/2024","14:30",0.101,0
"503-00000000","צריכה","30/03/2024","14:45",0.139,0
"503-00000000","צריכה","30/03/2024","15:00",0.129,0
"503-00000000","צריכה","30/03/2024","15:15",0.096,0
"503-00000000","צריכה","30/03/2024","15:30",0.098,0
"503-00000000","צריכה","30/03/2024","15:45",0.114,0
"503-00000000","צריכה","30/03/2024","16:00",0.096,0
"503-00000000","צריכה","30/03/2024","16:15",0.099,0
"503-00000000","צריכה","30/03/2024","16:30",0.141,0
"503-00000000","צריכה","30/03/2024","16:45",0.136,0
"503-00000000","צריכה","30/03/2024","17:00",0.165,0
"503-00000000","צריכה","30/03/2024","17:15",0.211,0
"503-00000000","צריכה","30/03/2024","17:30",0.161,0
"503-00000000","צריכה","30/03/2024","17:45",0.164,0
"503-00000000","צריכה","30/03/2024","18:00",0.183,0
"503-00000000","צריכה","30/03/2024","18:15",0.206,0
"503-00000000","צריכה","30/03/2024","18:30",0.133,0
"503-00000000","צריכה","30/03/2024","18:45",0.137,0
"503-00000000","צריכה","30/03/2024","19:00",0.184,0
"503-00000000","צריכה","30/03/2024","19:15",0.173,0
"503-00000000","צריכה","30/03/2024","19:30",0.132,0
"503-00000000","צריכה","30/03/2024","19:45",0.132,0
"503-00000000","צריכה","30/03/2024","20:00",0.145,0
"503-00000000","צריכה","30/03/2024","20:15",0.217,0
"503-00000000","צריכה","30/03/2024","20:30",0.215,0
"503-00000000","צריכה","30/03/2024","20:45",0.179,0
"503-00000000","צריכה","30/03/2024","21:00",0.197,0
"503-00000000","צריכה","30/03/2024","21:15",0.201,0
"503-00000000","צריכה","30/03/2024","21:30",0.207,0
"503-00000000","צריכה","30/03/2024","21:45",0.184,0
"503-00000000","צריכה","30/03/2024","22:00",0.170,0
"503-00000000","צריכה","30/03/2024","22:15",0.205,0
"503-00000000","צריכה","30/03/2024","22:30",0.208,0
"503-00000000","צריכה","30/03/2024","22:45",0.139,0
"503-00000000","צריכה","30/03/2024","23:00",0.053,0
"503-00000000","צריכה","30/03/2024","23:15",0.059,0
"503-00000000","צריכה","30/03/2024","23:30",0.053,0
"503-00000000","צריכה","30/03/2024","23:45",0.060,0
"503-00000000","צריכה","31/03/2024","00:00",0.038,0
"503-00000000","צריכה","31/03/2024","00:15",0.062,0
"503-00000000","צריכה","31/03/2024","00:30",0.055,0
"503-00000000","צריכה","31/03/2024","00:45",0.061,0
"503-00000000","צריכה","31/03/2024","01:00",0.054,0
"503-00000000","צריכה","31/03/2024","01:15",0.056,0
"503-00000000","צריכה","31/03/2024","01:30",0.056,0
"503-00000000","צריכה","31/03/2024","01:45",0.058,0
"503-00000000","צריכה","31/03/2024","02:00",0.059,0
"503-00000000","צריכה","31/03/2024","02:15",0.049,0
"503-00000000","צריכה","31/03/2024","02:30",0.059,0
"503-00000000","צריכה","31/03/2024","02:45",0.050,0
"503-00000000","צריכה","31/03/2024","03:00",0.062,0
"503-00000000","צריכה","31/03/2024","03:15",0.053,0
"503-00000000","צריכה","31/03/2024","03:30",0.047,0
"503-00000000","צריכה","31/03/2024","03:45",0.058,0
"503-00000000","צריכה","31/03/2024","04:00",0.039,0
"503-00000000","צריכה","31/03/2024","04:15",0.047,0
"503-00000000","צריכה","31/03/2024","04:30",0.049,0
"503-00000000","צריכה","31/03/2024","04:45",0.050,0
"503-00000000","צריכה","31/03/2024","05:00",0.055,0
"503-00000000","צריכה","31/03/2024","05:15",0.047,0
"503-00000000","צריכה","31/03/2024","05:30",0.046,0
"503-00000000","צריכה","31/03/2024","05:45",0.049,0
"503-00000000","צריכה","31/03/2024","06:00",0.110,0
"503-00000000","צריכה","31/03/2024","06:15",0.124,0
"503-00000000","צריכה","31/03/2024","06:30",0.118,0
"503-00000000","צריכה","31/03/2024","06:45",0.086,0
"503-00000000","צריכה","31/03/2024","07:00",0.105,0
"503-00000000","צריכה","31/03/2024","07:15",0.101,0
"503-00000000","צריכה","31/03/2024","07:30",0.118,0
"503-00000000","צריכה","31/03/2024","07:45",0.118,0
"503-00000000","צריכה","31/03/2024","08:00",0.081,0
"503-00000000","צריכה","31/03/2024","08:15",0.085,0
"503-00000000","צריכה","31/03/2024","08:30",0.086,0
"503-00000000","צריכה","31/03/2024","08:45",0.095,0
"503-00000000","צריכה","31/03/2024","09:00",0.060,0
"503-00000000","צריכה","31/03/2024","09:15",0.081,0
"503-00000000","צריכה","31/03/2024","09:30",0.068,0
"503-00000000","צריכה","31/03/2024","09:45",0.053,0
"503-00000000","צריכה","31/03/2024","10:00",0.076,0
"503-00000000","צריכה","31/03/2024","10:15",0.069,0
"503-00000000","צריכה","31/03/2024","10:30",0.072,0
"503-00000000","צריכה","31/03/2024","10:45",0.081,0
"503-00000000","צריכה","31/03/2024","11:00",0.077,0
"503-00000000","צריכה","31/03/2024","11:15",0.082,0
"503-00000000","צריכה","31/03/2024","11:30",0.081,0
"503-00000000","צריכה","31/03/2024","11:45",0.076,0
"503-00000000","צריכה","31/03/2024","12:00",0.070,0
"503-00000000","צריכה","31/03/2024","12:15",0.069,0
"503-00000000","צריכה","31/03/2024","12:30",0.083,0
"503-00000000","צריכה","31/03/2024","12:45",0.057,0
"503-00000000","צריכה","31/03/2024","13:00",0.077,0
"503-00000000","צריכה","31/03/2024","13:15",0.059,0
"503-00000000","צריכה","31/03/2024","13:30",0.061,0
"503-00000000","צריכה","31/03/2024","13:45",0.076,0
"503-00000000","צריכה","31/03/2024","14:00",0.066,0
"503-00000000","צריכה","31/03/2024","14:15",0.051,0
"503-00000000","צריכה","31/03/2024","14:30",0.073,0
"503-00000000","צריכה","31/03/2024","14:45",0.076,0
"503-00000000","צריכה","31/03/2024","15:00",0.053,0
"503-00000000","צריכה","31/03/2024","15:15",0.079,0
"503-00000000","צריכה","31/03/2024","15:30",0.071,0
"503-00000000","צריכה","31/03/2024","15:45",0.057,0
"503-00000000","צריכה","31/03/2024","16:00",0.084,0
"503-00000000","צריכה","31/03/2024","16:15",0.051,0
"503-00000000","צריכה","31/03/2024","16:30",0.067,0
"503-00000000","צריכה","31/03/2024","16:45",0.076,0
"503-00000000","צריכה","31/03/2024","17:00",0.205,0
"503-00000000","צריכה","31/03/2024","17:15",0.144,0
"503-00000000","צריכה","31/03/2024","17:30",0.197,0
"503-00000000","צריכה","31/03/2024","17:45",0.185,0
"503-00000000","צריכה","31/03/2024","18:00",0.196,0
"503-00000000","צריכה","31/03/2024","18:15",0.203,0
"503-00000000","צריכה","31/03/2024","18:30",0.167,0
"503-00000000","צריכה","31/03/2024","18:45",0.137,0
"503-00000000","צריכה","31/03/2024","19:00",0.150,0
"503-00000000","צריכה","31/03/2024","19:15",0.208,0
"503-00000000","צריכה","31/03/2024","19:30",0.207,0
"503-00000000","צריכה","31/03/2024","19:45",0.210,0
"503-00000000","צריכה","31/03/2024","20:00",0.151,0
"503-00000000","צריכה","31/03/2024","20:15",0.160,0
"503-00000000","צריכה","31/03/2024","20:30",0.143,0
"503-00000000","צריכה","31/03/2024","20:45",0.134,0
"503-00000000","צריכה","31/03/2024","21:00",0.170,0
"503-00000000","צריכה","31/03/2024","21:15",0.168,0
"503-00000000","צריכה","31/03/2024","21:30",0.136,0
"503-00000000","צריכה","31/03/2024","21:45",0.152,0
"503-00000000","צריכה","31/03/2024","22:00",0.168,0
"503-00000000","צריכה","31/03/2024","22:15",0.205,0
"503-00000000","צריכה","31/03/2024","22:30",0.145,0
"503-00000000","צריכה","31/03/2024","22:45",0.198,0
"503-00000000","צריכה","31/03/2024","23:00",0.059,0
"503-00000000","צריכה","31/03/2024","23:15",0.042,0
"503-00000000","צריכה","31/03/2024","23:30",0.044,0
"503-00000000","צריכה","31/03/2024","23:45",0.056,0
"503-00000000","צריכה","01/04/2024","00:00",0.052,0
"503-00000000","צריכה","01/04/2024","00:15",0.056,0
"503-00000000","צריכה","01/04/2024","00:30",0.061,0
"503-00000000","צריכה","01/04/2024","00:45",0.045,0
"503-00000000","צריכה","01/04/2024","01:00",0.051,0
"503-00000000","צריכה","01/04/2024","01:15",0.062,0
"503-00000000","צריכה","01/04/2024","01:30",0.054,0
"503-00000000","צריכה","01/04/2024","01:45",0.047,0
"503-00000000","צריכה","01/04/2024","02:00",0.039,0
"503-00000000","צריכה","01/04/2024","02:15",0.043,0
"503-00000000","צריכה","01/04/2024","02:30",0.060,0
"503-00000000","צריכה","01/04/2024","02:45",0.055,0
"503-00000000","צריכה","01/04/2024","03:00",0.062,0
"503-00000000","צריכה","01/04/2024","03:15",0.057,0
"503-00000000","צריכה","01/04/2024","03:30",0.056,0
"503-00000000","צריכה","01/04/2024","03:45",0.050,0
"503-00000000","צריכה","01/04/2024","04:00",0.059,0
"503-00000000","צריכה","01/04/2024","04:15",0.041,0
"503-00000000","צריכה","01/04/2024","04:30",0.039,0
"503-00000000","צריכה","01/04/2024","04:45",0.044,0
"503-00000000","צריכה","01/04/2024","05:00",0.052,0
"503-00000000","צריכה","01/04/2024","05:15",0.051,0
"503-00000000","צריכה","01/04/2024","05:30",0.044,0
"503-00000000","צריכה","01/04/2024","05:45",0.060,0
"503-00000000","צריכה","01/04/2024","06:00",0.093,0
"503-00000000","צריכה","01/04/2024","06:15",0.114,0
"503-00000000","צריכה","01/04/2024","06:30",0.112,0
"503-00000000","צריכה","01/04/2024","06:45",0.082,0
"503-00000000","צריכה","01/04/2024","07:00",0.089,0
"503-00000000","צריכה","01/04/2024","07:15",0.112,0
"503-00000000","צריכה","01/04/2024","07:30",0.088,0
"503-00000000","צריכה","01/04/2024","07:45",0.076,0
"503-00000000","צריכה","01/04/2024","08:00",0.103,0
"503-00000000","צריכה","01/04/2024","08:15",0.105,0
"503-00000000","צריכה","01/04/2024","08:30",0.110,0
"503-00000000","צריכה","01/04/2024","08:45",0.099,0
"503-00000000","צריכה","01/04/2024","09:00",0.078,0
"503-00000000","צריכה","01/04/2024","09:15",0.060,0
"503-00000000","צריכה","01/04/2024","09:30",0.082,0
"503-00000000","צריכה","01/04/2024","09:45",0.061,0
"503-00000000","צריכה","01/04/2024","10:00",0.074,0
"503-00000000","צריכה","01/04/2024","10:15",0.062,0
"503-00000000","צריכה","01/04/2024","10:30",0.073,0
"503-00000000","צריכה","01/04/2024","10:45",0.059,0
"503-00000000","צריכה","01/04/2024","11:00",0.070,0
"503-00000000","צריכה","01/04/2024","11:15",0.080,0
"503-00000000","צריכה","01/04/2024","11:30",0.065,0
"503-00000000","צריכה","01/04/2024","11:45",0.057,0
"503-00000000","צריכה","01/04/2024","12:00",0.076,0
"503-00000000","צריכה","01/04/2024","12:15",0.072,0
"503-00000000","צריכה","01/04/2024","12:30",0.056,0
"503-00000000","צריכה","01/04/2024","12:45",0.081,0
"503-00000000","צריכה","01/04/2024","13:00",0.056,0
"503-00000000","צריכה","01/04/2024","13:15",0.061,0
"503-00000000","צריכה","01/04/2024","13:30",0.057,0
"503-00000000","צריכה","01/04/2024","13:45",0.059,0
"503-00000000","צריכה","01/04/2024","14:00",0.070,0
"503-00000000","צריכה","01/04/2024","14:15",0.056,0
"503-00000000","צריכה","01/04/2024","14:30",0.071,0
"503-00000000","צריכה","01/04/2024","14:45",0.056,0
"503-00000000","צריכה","01/04/2024","15:00",0.060,0
"503-00000000","צריכה","01/04/2024","15:15",0.084,0
"503-00000000","צריכה","01/04/2024","15:30",0.080,0
"503-00000000","צריכה","01/04/2024","15:45",0.061,0
"503-00000000","צריכה","01/04/2024","16:00",0.079,0
"503-00000000","צריכה","01/04/2024","16:15",0.065,0
"503-00000000","צריכה","01/04/2024","16:30",0.055,0
"503-00000000","צריכה","01/04/2024","16:45",0.064,0
"503-00000000","צריכה","01/04/2024","17:00",0.193,0
"503-00000000","צריכה","01/04/2024","17:15",0.141,0
"503-00000000","צריכה","01/04/2024","17:30",0.144,0
"503-00000000","צריכה","01/04/2024","17:45",0.146,0
"503-00000000","צריכה","01/04/2024","18:00",0.215,0
"503-00000000","צריכה","01/04/2024","18:15",0.143,0
"503-00000000","צריכה","01/04/2024","18:30",0.143,0
"503-00000000","צריכה","01/04/2024","18:45",0.147,0
"503-00000000","צריכה","01/04/2024","19:00",0.166,0
"503-00000000","צריכה","01/04/2024","19:15",0.152,0
"503-00000000","צריכה","01/04/2024","19:30",0.183,0
"503-00000000","צריכה","01/04/2024","19:45",0.215,0
"503-00000000","צריכה","01/04/2024","20:00",0.139,0
"503-00000000","צריכה","01/04/2024","20:15",0.149,0
"503-00000000","צריכה","01/04/2024","20:30",0.195,0
"503-00000000","צריכה","01/04/2024","20:45",0.203,0
"503-00000000","צריכה","01/04/2024","21:00",0.203,0
"503-00000000","צריכה","01/04/2024","21:15",0.153,0
"503-00000000","צריכה","01/04/2024","21:30",0.152,0
"503-00000000","צריכה","01/04/2024","21:45",0.217,0
"503-00000000","צריכה","01/04/2024","22:00",0.193,0
"503-00000000","צריכה","01/04/2024","22:15",0.158,0
"503-00000000","צריכה","01/04/2024","22:30",0.195,0
"503-00000000","צריכה","01/04/2024","22:45",0.181,0
"503-00000000","צריכה","01/04/2024","23:00",0.048,0
"503-00000000","צריכה","01/04/2024","23:15",0.046,0
"503-00000000","צריכה","01/04/2024","23:30",0.055,0
"503-00000000","צריכה","01/04/2024","23:45",0.046,0
"503-00000000","צריכה","02/04/2024","00:00",0.050,0
"503-00000000","צריכה","02/04/2024","00:15",0.039,0
"503-00000000","צריכה","02/04/2024","00:30",0.058,0
"503-00000000","צריכה","02/04/2024","00:45",0.045,0
"503-00000000","צריכה","02/04/2024","01:00",0.044,0
"503-00000000","צריכה","02/04/2024","01:15",0.045,0
"503-00000000","צריכה","02/04/2024","01:30",0.059,0
"503-00000000","צריכה","02/04/2024","01:45",0.044,0
"503-00000000","צריכה","02/04/2024","02:00",0.050,0
"503-00000000","צריכה","02/04/2024","02:15",0.062,0
"503-00000000","צריכה","02/04/2024","02:30",0.051,0
"503-00000000","צריכה","02/04/2024","02:45",0.039,0
"503-00000000","צריכה","02/04/2024","03:00",0.050,0
"503-00000000","צריכה","02/04/2024","03:15",0.048,0
"503-00000000","צריכה","02/04/2024","03:30",0.057,0
"503-00000000","צריכה","02/04/2024","03:45",0.053,0
"503-00000000","צריכה","02/04/2024","04:00",0.042,0
"503-00000000","צריכה","02/04/2024","04:15",0.052,0
"503-00000000","צריכה","02/04/2024","04:30",0.056,0
"503-00000000","צריכה","02/04/2024","04:45",0.060,0
"503-00000000","צריכה","02/04/2024","05:00",0.039,0
"503-00000000","צריכה","02/04/2024","05:15",0.039,0
"503-00000000","צריכה","02/04/2024","05:30",0.057,0
"503-00000000","צריכה","02/04/2024","05:45",0.054,0
"503-00000000","צריכה","02/04/2024","06:00",0.080,0
"503-00000000","צריכה","02/04/2024","06:15",0.113,0
"503-00000000","צריכה","02/04/2024","06:30",0.116,0
"503-00000000","צריכה","02/04/2024","06:45",0.106,0
"503-00000000","צריכה","02/04/2024","07:00",0.108,0
"503-00000000","צריכה","02/04/2024","07:15",0.078,0
"503-00000000","צריכה","02/04/2024","07:30",0.116,0
"503-00000000","צריכה","02/04/2024","07:45",0.095,0
"503-00000000","צריכה","02/04/2024","08:00",0.086,0
"503-00000000","צריכה","02/04/2024","08:15",0.124,0
"503-00000000","צריכה","02/04/2024","08:30",0.091,0
"503-00000000","צריכה","02/04/2024","08:45",0.106,0
"503-00000000","צריכה","02/04/2024","09:00",0.059,0
"503-00000000","צריכה","02/04/2024","09:15",0.078,0
"503-00000000","צריכה","02/04/2024","09:30",0.066,0
"503-00000000","צריכה","02/04/2024","09:45",0.077,0
"503-00000000","צריכה","02/04/2024","10:00",0.066,0
"503-00000000","צריכה","02/04/2024","10:15",0.083,0
"503-00000000","צריכה","02/04/2024","10:30",0.065,0
"503-00000000","צריכה","02/04/2024","10:45",0.063,0
"503-00000000","צריכה","02/04/2024","11:00",0.064,0
"503-00000000","צריכה","02/04/2024","11:15",0.061,0
"503-00000000","צריכה","02/04/2024","11:30",0.078,0
"503-00000000","צריכה","02/04/2024","11:45",0.073,0
"503-00000000","צריכה","02/04/2024","12:00",0.065,0
"503-00000000","צריכה","02/04/2024","12:15",0.078,0
"503-00000000","צריכה","02/04/2024","12:30",0.070,0
"503-00000000","צריכה","02/04/2024","12:45",0.069,0
"503-00000000","צריכה","02/04/2024","13:00",0.057,0
"503-00000000","צריכה","02/04/2024","13:15",0.076,0
"503-00000000","צריכה","02/04/2024","13:30",0.077,0
"503-00000000","צריכה","02/04/2024","13:45",0.057,0
"503-00000000","צריכה","02/04/2024","14:00",0.068,0
"503-00000000","צריכה","02/04/2024","14:15",0.068,0
"503-00000000","צריכה","02/04/2024","14:30",0.055,0
"503-00000000","צריכה","02/04/2024","14:45",0.076,0
"503-00000000","צריכה","02/04/2024","15:00",0.056,0
"503-00000000","צריכה","02/04/2024","15:15",0.067,0
"503-00000000","צריכה","02/04/2024","15:30",0.060,0
"503-00000000","צריכה","02/04/2024","15:45",0.052,0
"503-00000000","צריכה","02/04/2024","16:00",0.082,0
"503-00000000","צריכה","02/04/2024","16:15",0.068,0
"503-00000000","צריכה","02/04/2024","16:30",0.067,0
"503-00000000","צריכה","02/04/2024","16:45",0.068,0
"503-00000000","צריכה","02/04/2024","17:00",0.200,0
"503-00000000","צריכה","02/04/2024","17:15",0.139,0
"503-00000000","צריכה","02/04/2024","17:30",0.168,0
"503-00000000","צריכה","02/04/2024","17:45",0.187,0
"503-00000000","צריכה","02/04/2024","18:00",0.140,0
"503-00000000","צריכה","02/04/2024","18:15",0.192,0
"503-00000000","צריכה","02/04/2024","18:30",0.199,0
"503-00000000","צריכה","02/04/2024","18:45",0.178,0
"503-00000000","צריכה","02/04/2024","19:00",0.134,0
"503-00000000","צריכה","02/04/2024","19:15",0.143,0
"503-00000000","צריכה","02/04/2024","19:30",0.188,0
"503-00000000","צריכה","02/04/2024","19:45",0.156,0
"503-00000000","צריכה","02/04/2024","20:00",0.209,0
"503-00000000","צריכה","02/04/2024","20:15",0.143,0
"503-00000000","צריכה","02/04/2024","20:30",0.136,0
"503-00000000","צריכה","02/04/2024","20:45",0.195,0
"503-00000000","צריכה","02/04/2024","21:00",0.174,0
"503-00000000","צריכה","02/04/2024","21:15",0.180,0
"503-00000000","צריכה","02/04/2024","21:30",0.184,0
"503-00000000","צריכה","02/04/2024","21:45",0.156,0
"503-00000000","צריכה","02/04/2024","22:00",0.134,0
"503-00000000","צריכה","02/04/2024","22:15",0.210,0
"503-00000000","צריכה","02/04/2024","22:30",0.137,0
"503-00000000","צריכה","02/04/2024","22:45",0.151,0
"503-00000000","צריכה","02/04/2024","23:00",0.046,0
"503-00000000","צריכה","02/04/2024","23:15",0.045,0
"503-00000000","צריכה","02/04/2024","23:30",0.043,0
"503-00000000","צריכה","02/04/2024","23:45",0.055,0
"503-00000000","צריכה","03/04/2024","00:00",0.056,0
"503-00000000","צריכה","03/04/2024","00:15",0.054,0
"503-00000000","צריכה","03/04/2024","00:30",0.057,0
"503-00000000","צריכה","03/04/2024","00:45",0.051,0
"503-00000000","צריכה","03/04/2024","01:00",0.050,0
"503-00000000","צריכה","03/04/2024","01:15",0.047,0
"503-00000000","צריכה","03/04/2024","01:30",0.054,0
"503-00000000","צריכה","03/04/2024","01:45",0.054,0
"503-00000000","צריכה","03/04/2024","02:00",0.047,0
"503-00000000","צריכה","03/04/2024","02:15",0.044,0
"503-00000000","צריכה","03/04/2024","02:30",0.053,0
"503-00000000","צריכה","03/04/2024","02:45",0.044,0
"503-00000000","צריכה","03/04/2024","03:00",0.039,0
"503-00000000","צריכה","03/04/2024","03:15",0.061,0
"503-00000000","צריכה","03/04/2024","03:30",0.057,0
"503-00000000","צריכה","03/04/2024","03:45",0.044,0
"503-00000000","צריכה","03/04/2024","04:00",0.055,0
"503-00000000","צריכה","03/04/2024","04:15",0.045,0
"503-00000000","צריכה","03/04/2024","04:30",0.052,0
"503-00000000","צריכה","03/04/2024","04:45",0.040,0
"503-00000000","צריכה","03/04/2024","05:00",0.048,0
"503-00000000","צריכה","03/04/2024","05:15",0.043,0
"503-00000000","צריכה","03/04/2024","05:30",0.052,0
"503-00000000","צריכה","03/04/2024","05:45",0.062,0
"503-00000000","צריכה","03/04/2024","06:00",0.085,0
"503-00000000","צריכה","03/04/2024","06:15",0.119,0
"503-00000000","צריכה","03/04/2024","06:30",0.077,0
"503-00000000","צריכה","03/04/2024","06:45",0.121,0
"503-00000000","צריכה","03/04/2024","07:00",0.118,0
"503-00000000","צריכה","03/04/2024","07:15",0.076,0
"503-00000000","צריכה","03/04/2024","07:30",0.106,0
"503-00000000","צריכה","03/04/2024","07:45",0.124,0
"503-00000000","צריכה","03/04/2024","08:00",0.088,0
"503-00000000","צריכה","03/04/2024","08:15",0.116,0
"503-00000000","צריכה","03/04/2024","08:30",0.084,0
"503-00000000","צריכה","03/04/2024","08:45",0.122,0
"503-00000000","צריכה","03/04/2024","09:00",0.055,0
"503-00000000","צריכה","03/04/2024","09:15",0.078,0
"503-00000000","צריכה","03/04/2024","09:30",0.059,0
"503-00000000","צריכה","03/04/2024","09:45",0.066,0
"503-00000000","צריכה","03/04/2024","10:00",0.053,0
"503-00000000","צריכה","03/04/2024","10:15",0.053,0
"503-00000000","צריכה","03/04/2024","10:30",0.062,0
"503-00000000","צריכה","03/04/2024","10:45",0.056,0
"503-00000000","צריכה","03/04/2024","11:00",0.069,0
"503-00000000","צריכה","03/04/2024","11:15",0.077,0
"503-00000000","צריכה","03/04/2024","11:30",0.065,0
"503-00000000","צריכה","03/04/2024","11:45",0.062,0
"503-00000000","צריכה","03/04/2024","12:00",0.081,0
"503-00000000","צריכה","03/04/2024","12:15",0.054,0
"503-00000000","צריכה","03/04/2024","12:30",0.058,0
"503-00000000","צריכה","03/04/2024","12:45",0.073,0
"503-00000000","צריכה","03/04/2024","13:00",0.063,0
"503-00000000","צריכה","03/04/2024","13:15",0.071,0
"503-00000000","צריכה","03/04/2024","13:30",0.071,0
"503-00000000","צריכה","03/04/2024","13:45",0.079,0
"503-00000000","צריכה","03/04/2024","14:00",0.066,0
"503-00000000","צריכה","03/04/2024","14:15",0.063,0
"503-00000000","צריכה","03/04/2024","14:30",0.052,0
"503-00000000","צריכה","03/04/2024","14:45",0.073,0
"503-00000000","צריכה","03/04/2024","15:00",0.065,0
"503-00000000","צריכה","03/04/2024","15:15",0.084,0
"503-00000000","צריכה","03/04/2024","15:30",0.082,0
"503-00000000","צריכה","03/04/2024","15:45",0.082,0
"503-00000000","צריכה","03/04/2024","16:00",0.060,0
"503-00000000","צריכה","03/04/2024","16:15",0.073,0
"503-00000000","צריכה","03/04/2024","16:30",0.084,0
"503-00000000","צריכה","03/04/2024","16:45",0.051,0
"503-00000000","צריכה","03/04/2024","17:00",0.180,0
"503-00000000","צריכה","03/04/2024","17:15",0.159,0
"503-00000000","צריכה","03/04/2024","17:30",0.171,0
"503-00000000","צריכה","03/04/2024","17:45",0.195,0
"503-00000000","צריכה","03/04/2024","18:00",0.164,0
"503-00000000","צריכה","03/04/2024","18:15",0.159,0
"503-00000000","צריכה","03/04/2024","18:30",0.147,0
"503-00000000","צריכה","03/04/2024","18:45",0.211,0
"503-00000000","צריכה","03/04/2024","19:00",0.214,0
"503-00000000","צריכה","03/04/2024","19:15",0.197,0
"503-00000000","צריכה","03/04/2024","19:30",0.215,0
"503-00000000","צריכה","03/04/2024","19:45",0.185,0
"503-00000000","צריכה","03/04/2024","20:00",0.173,0
"503-00000000","צריכה","03/04/2024","20:15",0.153,0
"503-00000000","צריכה","03/04/2024","20:30",0.146,0
"503-00000000","צריכה","03/04/2024","20:45",0.202,0
"503-00000000","צריכה","03/04/2024","21:00",0.209,0
"503-00000000","צריכה","03/04/2024","21:15",0.192,0
"503-00000000","צריכה","03/04/2024","21:30",0.157,0
"503-00000000","צריכה","03/04/2024","21:45",0.211,0
"503-00000000","צריכה","03/04/2024","22:00",0.133,0
"503-00000000","צריכה","03/04/2024","22:15",0.144,0
"503-00000000","צריכה","03/04/2024","22:30",0.210,0
"503-00000000","צריכה","03/04/2024","22:45",0.150,0
"503-00000000","צריכה","03/04/2024","23:00",0.039,0
"503-00000000","צריכה","03/04/2024","23:15",0.053,0
"503-00000000","צריכה","03/04/2024","23:30",0.040,0
"503-00000000","צריכה","03/04/2024","23:45",0.039,0
"503-00000000","צריכה","04/04/2024","00:00",0.056,0
"503-00000000","צריכה","04/04/2024","00:15",0.042,0
"503-00000000","צריכה","04/04/2024","00:30",0.042,0
"503-00000000","צריכה","04/04/2024","00:45",0.058,0
"503-00000000","צריכה","04/04/2024","01:00",0.051,0
"503-00000000","צריכה","04/04/2024","01:15",0.059,0
"503-00000000","צריכה","04/04/2024","01:30",0.053,0
"503-00000000","צריכה","04/04/2024","01:45",0.042,0
"503-00000000","צריכה","04/04/2024","02:00",0.039,0
"503-00000000","צריכה","04/04/2024","02:15",0.059,0
"503-00000000","צריכה","04/04/2024","02:30",0.039,0
"503-00000000","צריכה","04/04/2024","02:45",0.041,0
"503-00000000","צריכה","04/04/2024","03:00",0.038,0
"503-00000000","צריכה","04/04/2024","03:15",0.060,0
"503-00000000","צריכה","04/04/2024","03:30",0.056,0
"503-00000000","צריכה","04/04/2024","03:45",0.055,0
"503-00000000","צריכה","04/04/2024","04:00",0.061,0
"503-00000000","צריכה","04/04/2024","04:15",0.045,0
"503-00000000","צריכה","04/04/2024","04:30",0.051,0
"503-00000000","צריכה","04/04/2024","04:45",0.052,0
"503-00000000","צריכה","04/04/2024","05:00",0.041,0
"503-00000000","צריכה","04/04/2024","05:15",0.039,0
"503-00000000","צריכה","04/04/2024","05:30",0.046,0
"503-00000000","צריכה","04/04/2024","05:45",0.038,0
"503-00000000","צריכה","04/04/2024","06:00",0.094,0
"503-00000000","צריכה","04/04/2024","06:15",0.118,0
"503-00000000","צריכה","04/04/2024","06:30",0.076,0
"503-00000000","צריכה","04/04/2024","06:45",0.082,0
"503-00000000","צריכה","04/04/2024","07:00",0.095,0
"503-00000000","צריכה","04/04/2024","07:15",0.116,0
"503-00000000","צריכה","04/04/2024","07:30",0.116,0
"503-00000000","צריכה","04/04/2024","07:45",0.101,0
"503-00000000","צריכה","04/04/2024","08:00",0.100,0
"503-00000000","צריכה","04/04/2024","08:15",0.116,0
"503-00000000","צריכה","04/04/2024","08:30",0.092,0
"503-00000000","צריכה","04/04/2024","08:45",0.115,0
"503-00000000","צריכה","04/04/2024","09:00",0.066,0
"503-00000000","צריכה","04/04/2024","09:15",0.056,0
"503-00000000","צריכה","04/04/2024","09:30",0.078,0
"503-00000000","צריכה","04/04/2024","09:45",0.077,0
"503-00000000","צריכה","04/04/2024","10:00",0.081,0
"503-00000000","צריכה","04/04/2024","10:15",0.079,0
"503-00000000","צריכה","04/04/2024","10:30",0.081,0
"503-00000000","צריכה","04/04/2024","10:45",0.071,0
"503-00000000","צריכה","04/04/2024","11:00",0.071,0
"503-00000000","צריכה","04/04/2024","11:15",0.073,0
"503-00000000","צריכה","04/04/2024","11:30",0.070,0
"503-00000000","צריכה","04/04/2024","11:45",0.084,0
"503-00000000","צריכה","04/04/2024","12:00",0.080,0
"503-00000000","צריכה","04/04/2024","12:15",0.083,0
"503-00000000","צריכה","04/04/2024","12:30",0.083,0
"503-00000000","צריכה","04/04/2024","12:45",0.062,0
"503-00000000","צריכה","04/04/2024","13:00",0.055,0
"503-00000000","צריכה","04/04/2024","13:15",0.079,0
"503-00000000","צריכה","04/04/2024","13:30",0.075,0
"503-00000000","צריכה","04/04/2024","13:45",0.057,0
"503-00000000","צריכה","04/04/2024","14:00",0.076,0
"503-00000000","צריכה","04/04/2024","14:15",0.076,0
"503-00000000","צריכה","04/04/2024","14:30",0.082,0
"503-00000000","צריכה","04/04/2024","14:45",0.075,0
"503-00000000","צריכה","04/04/2024","15:00",0.083,0
"503-00000000","צריכה","04/04/2024","15:15",0.073,0
"503-00000000","צריכה","04/04/2024","15:30",0.052,0
"503-00000000","צריכה","04/04/2024","15:45",0.073,0
"503-00000000","צריכה","04/04/2024","16:00",0.053,0
"503-00000000","צריכה","04/04/2024","16:15",0.082,0
"503-00000000","צריכה","04/04/2024","16:30",0.084,0
"503-00000000","צריכה","04/04/2024","16:45",0.060,0
"503-00000000","צריכה","04/04/2024","17:00",0.189,0
"503-00000000","צריכה","04/04/2024","17:15",0.139,0
"503-00000000","צריכה","04/04/2024","17:30",0.169,0
"503-00000000","צריכה","04/04/2024","17:45",0.203,0
"503-00000000","צריכה","04/04/2024","18:00",0.191,0
"503-00000000","צריכה","04/04/2024","18:15",0.157,0
"503-00000000","צריכה","04/04/2024","18:30",0.192,0
"503-00000000","צריכה","04/04/2024","18:45",0.179,0
"503-00000000","צריכה","04/04/2024","19:00",0.151,0
"503-00000000","צריכה","04/04/2024","19:15",0.144,0
"503-00000000","צריכה","04/04/2024","19:30",0.202,0
"503-00000000","צריכה","04/04/2024","19:45",0.154,0
"503-00000000","צריכה","04/04/2024","20:00",0.215,0
"503-00000000","צריכה","04/04/2024","20:15",0.167,0
"503-00000000","צריכה","04/04/2024","20:30",0.217,0
"503-00000000","צריכה","04/04/2024","20:45",0.192,0
"503-00000000","צריכה","04/04/2024","21:00",0.185,0
"503-00000000","צריכה","04/04/2024","21:15",0.212,0
"503-00000000","צריכה","04/04/2024","21:30",0.187,0
"503-00000000","צריכה","04/04/2024","21:45",0.145,0
"503-00000000","צריכה","04/04/2024","22:00",0.195,0
"503-00000000","צריכה","04/04/2024","22:15",0.168,0
"503-00000000","צריכה","04/04/2024","22:30",0.151,0
"503-00000000","צריכה","04/04/2024","22:45",0.210,0
"503-00000000","צריכה","04/04/2024","23:00",0.044,0
"503-00000000","צריכה","04/04/2024","23:15",0.055,0
"503-00000000","צריכה","04/04/2024","23:30",0.053,0
"503-00000000","צריכה","04/04/2024","23:45",0.058,0
"503-00000000","צריכה","05/04/2024","00:00",0.056,0
"503-00000000","צריכה","05/04/2024","00:15",0.038,0
"503-00000000","צריכה","05/04/2024","00:30",0.061,0
"503-00000000","צריכה","05/04/2024","00:45",0.060,0
"503-00000000","צריכה","05/04/2024","01:00",0.053,0
"503-00000000","צריכה","05/04/2024","01:15",0.052,0
"503-00000000","צריכה","05/04/2024","01:30",0.038,0
"503-00000000","צריכה","05/04/2024","01:45",0.058,0
"503-00000000","צריכה","05/04/2024","02:00",0.058,0
"503-00000000","צריכה","05/04/2024","02:15",0.050,0
"503-00000000","צריכה","05/04/2024","02:30",0.055,0
"503-00000000","צריכה","05/04/2024","02:45",0.054,0
"503-00000000","צריכה","05/04/2024","03:00",0.060,0
"503-00000000","צריכה","05/04/2024","03:15",0.060,0
"503-00000000","צריכה","05/04/2024","03:30",0.053,0
"503-00000000","צריכה","05/04/2024","03:45",0.046,0
"503-00000000","צריכה","05/04/2024","04:00",0.058,0
"503-00000000","צריכה","05/04/2024","04:15",0.039,0
"503-00000000","צריכה","05/04/2024","04:30",0.047,0
"503-00000000","צריכה","05/04/2024","04:45",0.045,0
"503-00000000","צריכה","05/04/2024","05:00",0.059,0
"503-00000000","צריכה","05/04/2024","05:15",0.047,0
"503-00000000","צריכה","05/04/2024","05:30",0.053,0
"503-00000000","צריכה","05/04/2024","05:45",0.045,0
"503-00000000","צריכה","05/04/2024","06:00",0.090,0
"503-00000000","צריכה","05/04/2024","06:15",0.105,0
"503-00000000","צריכה","05/04/2024","06:30",0.084,0
"503-00000000","צריכה","05/04/2024","06:45",0.106,0
"503-00000000","צריכה","05/04/2024","07:00",0.085,0
"503-00000000","צריכה","05/04/2024","07:15",0.096,0
"503-00000000","צריכה","05/04/2024","07:30",0.080,0
"503-00000000","צריכה","05/04/2024","07:45",0.100,0
"503-00000000","צריכה","05/04/2024","08:00",0.110,0
"503-00000000","צריכה","05/04/2024","08:15",0.096,0
"503-00000000","צריכה","05/04/2024","08:30",0.123,0
"503-00000000","צריכה","05/04/2024","08:45",0.114,0
"503-00000000","צריכה","05/04/2024","09:00",0.092,0
"503-00000000","צריכה","05/04/2024","09:15",0.099,0
"503-00000000","צריכה","05/04/2024","09:30",0.143,0
"503-00000000","צריכה","05/04/2024","09:45",0.105,0
"503-00000000","צריכה","05/04/2024","10:00",0.145,0
"503-00000000","צריכה","05/04/2024","10:15",0.107,0
"503-00000000","צריכה","05/04/2024","10:30",0.112,0
"503-00000000","צריכה","05/04/2024","10:45",0.109,0
"503-00000000","צריכה","05/04/2024","11:00",0.142,0
"503-00000000","צריכה","05/04/2024","11:15",0.139,0
"503-00000000","צריכה","05/04/2024","11:30",0.129,0
"503-00000000","צריכה","05/04/2024","11:45",0.099,0
"503-00000000","צריכה","05/04/2024","12:00",0.111,0
"503-00000000","צריכה","05/04/2024","12:15",0.144,0
"503-00000000","צריכה","05/04/2024","12:30",0.112,0
"503-00000000","צריכה","05/04/2024","12:45",0.142,0
"503-00000000","צריכה","05/04/2024","13:00",0.103,0
"503-00000000","צריכה","05/04/2024","13:15",0.097,0
"503-00000000","צריכה","05/04/2024","13:30",0.107,0
"503-00000000","צריכה","05/04/2024","13:45",0.140,0
"503-00000000","צריכה","05/04/2024","14:00",0.138,0
"503-00000000","צריכה","05/04/2024","14:15",0.104,0
"503-00000000","צריכה","05/04/2024","14:30",0.130,0
"503-00000000","צריכה","05/04/2024","14:45",0.095,0
"503-00000000","צריכה","05/04/2024","15:00",0.138,0
"503-00000000","צריכה","05/04/2024","15:15",0.096,0
"503-00000000","צריכה","05/04/2024","15:30",0.125,0
"503-00000000","צריכה","05/04/2024","15:45",0.116,0
"503-00000000","צריכה","05/04/2024","16:00",0.097,0
"503-00000000","צריכה","05/04/2024","16:15",0.124,0
"503-00000000","צריכה","05/04/2024","16:30",0.110,0
"503-00000000","צריכה","05/04/2024","16:45",0.126,0
"503-00000000","צריכה","05/04/2024","17:00",0.211,0
"503-00000000","צריכה","05/04/2024","17:15",0.166,0
"503-00000000","צריכה","05/04/2024","17:30",0.159,0
"503-00000000","צריכה","05/04/2024","17:45",0.184,0
"503-00000000","צריכה","05/04/2024","18:00",0.192,0
"503-00000000","צריכה","05/04/2024","18:15",0.202,0
"503-00000000","צריכה","05/04/2024","18:30",0.140,0
"503-00000000","צריכה","05/04/2024","18:45",0.152,0
"503-00000000","צריכה","05/04/2024","19:00",0.147,0
"503-00000000","צריכה","05/04/2024","19:15",0.193,0
"503-00000000","צריכה","05/04/2024","19:30",0.170,0
"503-00000000","צריכה","05/04/2024","19:45",0.152,0
"503-00000000","צריכה","05/04/2024","20:00",0.176,0
"503-00000000","צריכה","05/04/2024","20:15",0.176,0
"503-00000000","צריכה","05/04/2024","20:30",0.149,0
"503-00000000","צריכה","05/04/2024","20:45",0.156,0
"503-00000000","צריכה","05/04/2024","21:00",0.207,0
"503-00000000","צריכה","05/04/2024","21:15",0.194,0
"503-00000000","צריכה","05/04/2024","21:30",0.199,0
"503-00000000","צריכה","05/04/2024","21:45",0.186,0
"503-00000000","צריכה","05/04/2024","22:00",0.216,0
"503-00000000","צריכה","05/04/2024","22:15",0.149,0
"503-00000000","צריכה","05/04/2024","22:30",0.195,0
"503-00000000","צריכה","05/04/2024","22:45",0.210,0
"503-00000000","צריכה","05/04/2024","23:00",0.042,0
"503-00000000","צריכה","05/04/2024","23:15",0.055,0
"503-00000000","צריכה","05/04/2024","23:30",0.051,0
"503-00000000","צריכה","05/04/2024","23:45",0.048,0
"503-00000000","צריכה","06/04/2024","00:00",0.055,0
"503-00000000","צריכה","06/04/2024","00:15",0.057,0
"503-00000000","צריכה","06/04/2024","00:30",0.053,0
"503-00000000","צריכה","06/04/2024","00:45",0.038,0
"503-00000000","צריכה","06/04/2024","01:00",0.049,0
"503-00000000","צריכה","06/04/2024","01:15",0.039,0
"503-00000000","צריכה","06/04/2024","01:30",0.062,0
"503-00000000","צריכה","06/04/2024","01:45",0.050,0
"503-00000000","צריכה","06/04/2024","02:00",0.043,0
"503-00000000","צריכה","06/04/2024","02:15",0.040,0
"503-00000000","צריכה","06/04/2024","02:30",0.061,0
"503-00000000","צריכה","06/04/2024","02:45",0.048,0
"503-00000000","צריכה","06/04/2024","03:00",0.060,0
"503-00000000","צריכה","06/04/2024","03:15",0.050,0
"503-00000000","צריכה","06/04/2024","03:30",0.042,0
"503-00000000","צריכה","06/04/2024","03:45",0.054,0
"503-00000000","צריכה","06/04/2024","04:00",0.053,0
"503-00000000","צריכה","06/04/2024","04:15",0.057,0
"503-00000000","צריכה","06/04/2024","04:30",0.052,0
"503-00000000","צריכה","06/04/2024","04:45",0.043,0
"503-00000000","צריכה","06/04/2024","05:00",0.050,0
"503-00000000","צריכה","06/04/2024","05:15",0.060,0
"503-00000000","צריכה","06/04/2024","05:30",0.040,0
"503-00000000","צריכה","06/04/2024","05:45",0.046,0
"503-00000000","צריכה","06/04/2024","06:00",0.097,0
"503-00000000","צריכה","06/04/2024","06:15",0.076,0
"503-00000000","צריכה","06/04/2024","06:30",0.099,0
"503-00000000","צריכה","06/04/2024","06:45",0.120,0
"503-00000000","צריכה","06/04/2024","07:00",0.116,0
"503-00000000","צריכה","06/04/2024","07:15",0.085,0
"503-00000000","צריכה","06/04/2024","07:30",0.089,0
"503-00000000","צריכה","06/04/2024","07:45",0.118,0
"503-00000000","צריכה","06/04/2024","08:00",0.101,0
"503-00000000","צריכה","06/04/2024","08:15",0.120,0
"503-00000000","צריכה","06/04/2024","08:30",0.092,0
"503-00000000","צריכה","06/04/2024","08:45",0.097,0
"503-00000000","צריכה","06/04/2024","09:00",0.118,0
"503-00000000","צריכה","06/04/2024","09:15",0.104,0
"503-00000000","צריכה","06/04/2024","09:30",0.101,0
"503-00000000","צריכה","06/04/2024","09:45",0.107,0
"503-00000000","צריכה","06/04/2024","10:00",0.131,0
"503-00000000","צריכה","06/04/2024","10:15",0.100,0
"503-00000000","צריכה","06/04/2024","10:30",0.089,0
"503-00000000","צריכה","06/04/2024","10:45",0.090,0
"503-00000000","צריכה","06/04/2024","11:00",0.132,0
"503-00000000","צריכה","06/04/2024","11:15",0.109,0
"503-00000000","צריכה","06/04/2024","11:30",0.133,0
"503-00000000","צריכה","06/04/2024","11:45",0.137,0
"503-00000000","צריכה","06/04/2024","12:00",0.121,0
"503-00000000","צריכה","06/04/2024","12:15",0.145,0
"503-00000000","צריכה","06/04/2024","12:30",0.122,0
"503-00000000","צריכה","06/04/2024","12:45",0.095,0
"503-00000000","צריכה","06/04/2024","13:00",0.119,0
"503-00000000","צריכה","06/04/2024","13:15",0.116,0
"503-00000000","צריכה","06/04/2024","13:30",0.141,0
"503-00000000","צריכה","06/04/2024","13:45",0.122,0
"503-00000000","צריכה","06/04/2024","14:00",0.101,0
"503-00000000","צריכה","06/04/2024","14:15",0.093,0
"503-00000000","צריכה","06/04/2024","14:30",0.114,0
"503-00000000","צריכה","06/04/2024","14:45",0.136,0
"503-00000000","צריכה","06/04/2024","15:00",0.123,0
"503-00000000","צריכה","06/04/2024","15:15",0.124,0
"503-00000000","צריכה","06/04/2024","15:30",0.109,0
"503-00000000","צריכה","06/04/2024","15:45",0.135,0
"503-00000000","צריכה","06/04/2024","16:00",0.121,0
"503-00000000","צריכה","06/04/2024","16:15",0.129,0
"503-00000000","צריכה","06/04/2024","16:30",0.104,0
"503-00000000","צריכה","06/04/2024","16:45",0.106,0
"503-00000000","צריכה","06/04/2024","17:00",0.208,0
"503-00000000","צריכה","06/04/2024","17:15",0.184,0
"503-00000000","צריכה","06/04/2024","17:30",0.209,0
"503-00000000","צריכה","06/04/2024","17:45",0.181,0
"503-00000000","צריכה","06/04/2024","18:00",0.202,0
"503-00000000","צריכה","06/04/2024","18:15",0.172,0
"503-00000000","צריכה","06/04/2024","18:30",0.188,0
"503-00000000","צריכה","06/04/2024","18:45",0.168,0
"503-00000000","צריכה","06/04/2024","19:00",0.202,0
"503-00000000","צריכה","06/04/2024","19:15",0.186,0
"503-00000000","צריכה","06/04/2024","19:30",0.180,0
"503-00000000","צריכה","06/04/2024","19:45",0.154,0
"503-00000000","צריכה","06/04/2024","20:00",0.162,0
"503-00000000","צריכה","06/04/2024","20:15",0.217,0
"503-00000000","צריכה","06/04/2024","20:30",0.173,0
"503-00000000","צריכה","06/04/2024","20:45",0.145,0
"503-00000000","צריכה","06/04/2024","21:00",0.181,0
"503-00000000","צריכה","06/04/2024","21:15",0.136,0
"503-00000000","צריכה","06/04/2024","21:30",0.199,0
"503-00000000","צריכה","06/04/2024","21:45",0.211,0
"503-00000000","צריכה","06/04/2024","22:00",0.174,0
"503-00000000","צריכה","06/04/2024","22:15",0.191,0
"503-00000000","צריכה","06/04/2024","22:30",0.169,0
"503-00000000","צריכה","06/04/2024","22:45",0.152,0
"503-00000000","צריכה","06/04/2024","23:00",0.045,0
"503-00000000","צריכה","06/04/2024","23:15",0.043,0
"503-00000000","צריכה","06/04/2024","23:30",0.039,0
"503-00000000","צריכה","06/04/2024","23:45",0.061,0
"503-00000000","צריכה","07/04/2024","00:00",0.039,0
"503-00000000","צריכה","07/04/2024","00:15",0.058,0
"503-00000000","צריכה","07/04/2024","00:30",0.038,0
"503-00000000","צריכה","07/04/2024","00:45",0.048,0
"503-00000000","צריכה","07/04/2024","01:00",0.046,0
"503-00000000","צריכה","07/04/2024","01:15",0.052,0
"503-00000000","צריכה","07/04/2024","01:30",0.058,0
"503-00000000","צריכה","07/04/2024","01:45",0.059,0
"503-00000000","צריכה","07/04/2024","02:00",0.059,0
"503-00000000","צריכה","07/04/2024","02:15",0.040,0
"503-00000000","צריכה","07/04/2024","02:30",0.049,0
"503-00000000","צריכה","07/04/2024","02:45",0.060,0
"503-00000000","צריכה","07/04/2024","03:00",0.055,0
"503-00000000","צריכה","07/04/2024","03:15",0.054,0
"503-00000000","צריכה","07/04/2024","03:30",0.045,0
"503-00000000","צריכה","07/04/2024","03:45",0.041,0
"503-00000000","צריכה","07/04/2024","04:00",0.053,0
"503-00000000","צריכה","07/04/2024","04:15",0.043,0
"503-00000000","צריכה","07/04/2024","04:30",0.044,0
"503-00000000","צריכה","07/04/2024","04:45",0.044,0
"503-00000000","צריכה","07/04/2024","05:00",0.052,0
"503-00000000","צריכה","07/04/2024","05:15",0.061,0
"503-00000000","צריכה","07/04/2024","05:30",0.055,0
"503-00000000","צריכה","07/04/2024","05:45",0.049,0
"503-00000000","צריכה","07/04/2024","06:00",0.084,0
"503-00000000","צריכה","07/04/2024","06:15",0.117,0
"503-00000000","צריכה","07/04/2024","06:30",0.106,0
"503-00000000","צריכה","07/04/2024","06:45",0.112,0
"503-00000000","צריכה","07/04/2024","07:00",0.083,0
"503-00000000","צריכה","07/04/2024","07:15",0.093,0
"503-00000000","צריכה","07/04/2024","07:30",0.100,0
"503-00000000","צריכה","07/04/2024","07:45",0.084,0
"503-00000000","צריכה","07/04/2024","08:00",0.092,0
"503-00000000","צריכה","07/04/2024","08:15",0.105,0
"503-00000000","צריכה","07/04/2024","08:30",0.107,0
"503-00000000","צריכה","07/04/2024","08:45",0.085,0
"503-00000000","צריכה","07/04/2024","09:00",0.082,0
"503-00000000","צריכה","07/04/2024","09:15",0.076,0
"503-00000000","צריכה","07/04/2024","09:30",0.072,0
"503-00000000","צריכה","07/04/2024","09:45",0.056,0
"503-00000000","צריכה","07/04/2024","10:00",0.066,0
"503-00000000","צריכה","07/04/2024","10:15",0.078,0
"503-00000000","צריכה","07/04/2024","10:30",0.057,0
"503-00000000","צריכה","07/04/2024","10:45",0.067,0
"503-00000000","צריכה","07/04/2024","11:00",0.055,0
"503-00000000","צריכה","07/04/2024","11:15",0.077,0
"503-00000000","צריכה","07/04/2024","11:30",0.071,0
"503-00000000","צריכה","07/04/2024","11:45",0.067,0
"503-00000000","צריכה","07/04/2024","12:00",0.054,0
"503-00000000","צריכה","07/04/2024","12:15",0.076,0
"503-00000000","צריכה","07/04/2024","12:30",0.073,0
"503-00000000","צריכה","07/04/2024","12:45",0.063,0
"503-00000000","צריכה","07/04/2024","13:00",0.055,0
"503-00000000","צריכה","07/04/2024","13:15",0.074,0
"503-00000000","צריכה","07/04/2024","13:30",0.069,0
"503-00000000","צריכה","07/04/2024","13:45",0.060,0
"503-00000000","צריכה","07/04/2024","14:00",0.070,0
"503-00000000","צריכה","07/04/2024","14:15",0.062,0
"503-00000000","צריכה","07/04/2024","14:30",0.084,0
"503-00000000","צריכה","07/04/2024","14:45",0.060,0
"503-00000000","צריכה","07/04/2024","15:00",0.084,0
"503-00000000","צריכה","07/04/2024","15:15",0.057,0
"503-00000000","צריכה","07/04/2024","15:30",0.077,0
"503-00000000","צריכה","07/04/2024","15:45",0.055,0
"503-00000000","צריכה","07/04/2024","16:00",0.072,0
"503-00000000","צריכה","07/04/2024","16:15",0.055,0
"503-00000000","צריכה","07/04/2024","16:30",0.068,0
"503-00000000","צריכה","07/04/2024","16:45",0.067,0
"503-00000000","צריכה","07/04/2024","17:00",0.166,0
"503-00000000","צריכה","07/04/2024","17:15",0.198,0
"503-00000000","צריכה","07/04/2024","17:30",0.144,0
"503-00000000","צריכה","07/04/2024","17:45",0.142,0
"503-00000000","צריכה","07/04/2024","18:00",0.198,0
"503-00000000","צריכה","07/04/2024","18:15",0.211,0
"503-00000000","צריכה","07/04/2024","18:30",0.160,0
"503-00000000","צריכה","07/04/2024","18:45",0.216,0
"503-00000000","צריכה","07/04/2024","19:00",0.211,0
"503-00000000","צריכה","07/04/2024","19:15",0.168,0
"503-00000000","צריכה","07/04/2024","19:30",0.143,0
"503-00000000","צריכה","07/04/2024","19:45",0.190,0
"503-00000000","צריכה","07/04/2024","20:00",0.173,0
"503-00000000","צריכה","07/04/2024","20:15",0.198,0
"503-00000000","צריכה","07/04/2024","20:30",0.203,0
"503-00000000","צריכה","07/04/2024","20:45",0.161,0
"503-00000000","צריכה","07/04/2024","21:00",0.140,0
"503-00000000","צריכה","07/04/2024","21:15",0.173,0
"503-00000000","צריכה","07/04/2024","21:30",0.201,0
"503-00000000","צריכה","07/04/2024","21:45",0.190,0
"503-00000000","צריכה","07/04/2024","22:00",0.142,0
"503-00000000","צריכה","07/04/2024","22:15",0.205,0
"503-00000000","צריכה","07/04/2024","22:30",0.180,0
"503-00000000","צריכה","07/04/2024","22:45",0.163,0
"503-00000000","צריכה","07/04/2024","23:00",0.045,0
"503-00000000","צריכה","07/04/2024","23:15",0.061,0
"503-00000000","צריכה","07/04/2024","23:30",0.042,0
"503-00000000","צריכה","07/04/2024","23:45",0.062,0
"503-00000000","צריכה","08/04/2024","00:00",0.057,0
"503-00000000","צריכה","08/04/2024","00:15",0.038,0
"503-00000000","צריכה","08/04/2024","00:30",0.056,0
"503-00000000","צריכה","08/04/2024","00:45",0.049,0
"503-00000000","צריכה","08/04/2024","01:00",0.038,0
"503-00000000","צריכה","08/04/2024","01:15",0.053,0
"503-00000000","צריכה","08/04/2024","01:30",0.054,0
"503-00000000","צריכה","08/04/2024","01:45",0.052,0
"503-00000000","צריכה","08/04/2024","02:00",0.056,0
"503-00000000","צריכה","08/04/2024","02:15",0.047,0
"503-00000000","צריכה","08/04/2024","02:30",0.047,0
"503-00000000","צריכה","08/04/2024","02:45",0.049,0
"503-00000000","צריכה","08/04/2024","03:00",0.052,0
"503-00000000","צריכה","08/04/2024","03:15",0.050,0
"503-00000000","צריכה","08/04/2024","03:30",0.055,0
"503-00000000","צריכה","08/04/2024","03:45",0.061,0
"503-00000000","צריכה","08/04/2024","04:00",0.052,0
"503-00000000","צריכה","08/04/2024","04:15",0.038,0
"503-00000000","צריכה","08/04/2024","04:30",0.055,0
"503-00000000","צריכה","08/04/2024","04:45",0.042,0
"503-00000000","צריכה","08/04/2024","05:00",0.048,0
"503-00000000","צריכה","08/04/2024","05:15",0.046,0
"503-00000000","צריכה","08/04/2024","05:30",0.058,0
"503-00000000","צריכה","08/04/2024","05:45",0.054,0
"503-00000000","צריכה","08/04/2024","06:00",0.094,0
"503-00000000","צריכה","08/04/2024","06:15",0.110,0
"503-00000000","צריכה","08/04/2024","06:30",0.113,0
"503-00000000","צריכה","08/04/2024","06:45",0.086,0
"503-00000000","צריכה","08/04/2024","07:00",0.078,0
"503-00000000","צריכה","08/04/2024","07:15",0.116,0
"503-00000000","צריכה","08/04/2024","07:30",0.125,0
"503-00000000","צריכה","08/04/2024","07:45",0.080,0
"503-00000000","צריכה","08/04/2024","08:00",0.080,0
"503-00000000","צריכה","08/04/2024","08:15",0.082,0
"503-00000000","צריכה","08/04/2024","08:30",0.089,0
"503-00000000","צריכה","08/04/2024","08:45",0.101,0
"503-00000000","צריכה","08/04/2024","09:00",0.083,0
"503-00000000","צריכה","08/04/2024","09:15",0.071,0
"503-00000000","צריכה","08/04/2024","09:30",0.067,0
"503-00000000","צריכה","08/04/2024","09:45",0.071,0
"503-00000000","צריכה","08/04/2024","10:00",0.063,0
"503-00000000","צריכה","08/04/2024","10:15",0.069,0
"503-00000000","צריכה","08/04/2024","10:30",0.053,0
"503-00000000","צריכה","08/04/2024","10:45",0.075,0
"503-00000000","צריכה","08/04/2024","11:00",0.082,0
"503-00000000","צריכה","08/04/2024","11:15",0.055,0
"503-00000000","צריכה","08/04/2024","11:30",0.067,0
"503-00000000","צריכה","08/04/2024","11:45",0.067,0
"503-00000000","צריכה","08/04/2024","12:00",0.064,0
"503-00000000","צריכה","08/04/2024","12:15",0.058,0
"503-00000000","צריכה","08/04/2024","12:30",0.055,0
"503-00000000","צריכה","08/04/2024","12:45",0.061,0
"503-00000000","צריכה","08/04/2024","13:00",0.063,0
"503-00000000","צריכה","08/04/2024","13:15",0.067,0
"503-00000000","צריכה","08/04/2024","13:30",0.072,0
"503-00000000","צריכה","08/04/2024","13:45",0.071,0
"503-00000000","צריכה","08/04/2024","14:00",0.059,0
"503-00000000","צריכה","08/04/2024","14:15",0.081,0
"503-00000000","צריכה","08/04/2024","14:30",0.080,0
"503-00000000","צריכה","08/04/2024","14:45",0.070,0
"503-00000000","צריכה","08/04/2024","15:00",0.076,0
"503-00000000","צריכה","08/04/2024","15:15",0.075,0
"503-00000000","צריכה","08/04/2024","15:30",0.078,0
"503-00000000","צריכה","08/04/2024","15:45",0.053,0
"503-00000000","צריכה","08/04/2024","16:00",0.059,0
"503-00000000","צריכה","08/04/2024","16:15",0.083,0
"503-00000000","צריכה","08/04/2024","16:30",0.070,0
"503-00000000","צריכה","08/04/2024","16:45",0.057,0
"503-00000000","צריכה","08/04/2024","17:00",0.158,0
"503-00000000","צריכה","08/04/2024","17:15",0.174,0
"503-00000000","צריכה","08/04/2024","17:30",0.215,0
"503-00000000","צריכה","08/04/2024","17:45",0.194,0
"503-00000000","צריכה","08/04/2024","18:00",0.205,0
"503-00000000","צריכה","08/04/2024","18:15",0.193,0
"503-00000000","צריכה","08/04/2024","18:30",0.216,0
"503-00000000","צריכה","08/04/2024","18:45",0.171,0
"503-00000000","צריכה","08/04/2024","19:00",0.147,0
"503-00000000","צריכה","08/04/2024","19:15",0.161,0
"503-00000000","צריכה","08/04/2024","19:30",0.197,0
"503-00000000","צריכה","08/04/2024","19:45",0.192,0
"503-00000000","צריכה","08/04/2024","20:00",0.137,0
"503-00000000","צריכה","08/04/2024","20:15",0.138,0
"503-00000000","צריכה","08/04/2024","20:30",0.158,0
"503-00000000","צריכה","08/04/2024","20:45",0.142,0
"503-00000000","צריכה","08/04/2024","21:00",0.159,0
"503-00000000","צריכה","08/04/2024","21:15",0.191,0
"503-00000000","צריכה","08/04/2024","21:30",0.216,0
"503-00000000","צריכה","08/04/2024","21:45",0.171,0
"503-00000000","צריכה","08/04/2024","22:00",0.178,0
"503-00000000","צריכה","08/04/2024","22:15",0.195,0
"503-00000000","צריכה","08/04/2024","22:30",0.167,0
"503-00000000","צריכה","08/04/2024","22:45",0.162,0
"503-00000000","צריכה","08/04/2024","23:00",0.054,0
"503-00000000","צריכה","08/04/2024","23:15",0.057,0
"503-00000000","צריכה","08/04/2024","23:30",0.047,0
"503-00000000","צריכה","08/04/2024","23:45",0.038,0
"503-00000000","צריכה","09/04/2024","00:00",0.049,0
"503-00000000","צריכה","09/04/2024","00:15",0.058,0
"503-00000000","צריכה","09/04/2024","00:30",0.053,0
"503-00000000","צריכה","09/04/2024","00:45",0.056,0
"503-00000000","צריכה","09/04/2024","01:00",0.042,0
"503-00000000","צריכה","09/04/2024","01:15",0.040,0
"503-00000000","צריכה","09/04/2024","01:30",0.051,0
"503-00000000","צריכה","09/04/2024","01:45",0.043,0
"503-00000000","צריכה","09/04/2024","02:00",0.051,0
"503-00000000","צריכה","09/04/2024","02:15",0.061,0
"503-00000000","צריכה","09/04/2024","02:30",0.042,0
"503-00000000","צריכה","09/04/2024","02:45",0.051,0
"503-00000000","צריכה","09/04/2024","03:00",0.051,0
"503-00000000","צריכה","09/04/2024","03:15",0.047,0
"503-00000000","צריכה","09/04/2024","03:30",0.049,0
"503-00000000","צריכה","09/04/2024","03:45",0.058,0
"503-00000000","צריכה","09/04/2024","04:00",0.061,0
"503-00000000","צריכה","09/04/2024","04:15",0.055,0
"503-00000000","צריכה","09/04/2024","04:30",0.060,0
"503-00000000","צריכה","09/04/2024","04:45",0.057,0
"503-00000000","צריכה","09/04/2024","05:00",0.039,0
"503-00000000","צריכה","09/04/2024","05:15",0.051,0
"503-00000000","צריכה","09/04/2024","05:30",0.060,0
"503-00000000","צריכה","09/04/2024","05:45",0.047,0
"503-00000000","צריכה","09/04/2024","06:00",0.115,0
"503-00000000","צריכה","09/04/2024","06:15",0.111,0
"503-00000000","צריכה","09/04/2024","06:30",0.087,0
"503-00000000","צריכה","09/04/2024","06:45",0.097,0
"503-00000000","צריכה","09/04/2024","07:00",0.100,0
"503-00000000","צריכה","09/04/2024","07:15",0.103,0
"503-00000000","צריכה","09/04/2024","07:30",0.104,0
"503-00000000","צריכה","09/04/2024","07:45",0.086,0
"503-00000000","צריכה","09/04/2024","08:00",0.082,0
"503-00000000","צריכה","09/04/2024","08:15",0.106,0
"503-00000000","צריכה","09/04/2024","08:30",0.091,0
"503-00000000","צריכה","09/04/2024","08:45",0.077,0
"503-00000000","צריכה","09/04/2024","09:00",0.057,0
"503-00000000","צריכה","09/04/2024","09:15",0.070,0
"503-00000000","צריכה","09/04/2024","09:30",0.081,0
"503-00000000","צריכה","09/04/2024","09:45",0.057,0
"503-00000000","צריכה","09/04/2024","10:00",0.052,0
"503-00000000","צריכה","09/04/2024","10:15",0.081,0
"503-00000000","צריכה","09/04/2024","10:30",0.073,0
"503-00000000","צריכה","09/04/2024","10:45",0.081,0
"503-00000000","צריכה","09/04/2024","11:00",0.070,0
"503-00000000","צריכה","09/04/2024","11:15",0.080,0
"503-00000000","צריכה","09/04/2024","11:30",0.058,0
"503-00000000","צריכה","09/04/2024","11:45",0.074,0
"503-00000000","צריכה","09/04/2024","12:00",0.072,0
"503-00000000","צריכה","09/04/2024","12:15",0.081,0
"503-00000000","צריכה","09/04/2024","12:30",0.075,0
"503-00000000","צריכה","09/04/2024","12:45",0.059,0
"503-00000000","צריכה","09/04/2024","13:00",0.076,0
"503-00000000","צריכה","09/04/2024","13:15",0.070,0
"503-00000000","צריכה","09/04/2024","13:30",0.082,0
"503-00000000","צריכה","09/04/2024","13:45",0.068,0
"503-00000000","צריכה","09/04/2024","14:00",0.084,0
"503-00000000","צריכה","09/04/2024","14:15",0.054,0
"503-00000000","צריכה","09/04/2024","14:30",0.068,0
"503-00000000","צריכה","09/04/2024","14:45",0.078,0
"503-00000000","צריכה","09/04/2024","15:00",0.079,0
"503-00000000","צריכה","09/04/2024","15:15",0.083,0
"503-00000000","צריכה","09/04/2024","15:30",0.053,0
"503-00000000","צריכה","09/04/2024","15:45",0.054,0
"503-00000000","צריכה","09/04/2024","16:00",0.075,0
"503-00000000","צריכה","09/04/2024","16:15",0.070,0
"503-00000000","צריכה","09/04/2024","16:30",0.071,0
"503-00000000","צריכה","09/04/2024","16:45",0.062,0
"503-00000000","צריכה","09/04/2024","17:00",0.198,0
"503-00000000","צריכה","09/04/2024","17:15",0.167,0
"503-00000000","צריכה","09/04/2024","17:30",0.187,0
"503-00000000","צריכה","09/04/2024","17:45",0.213,0
"503-00000000","צריכה","09/04/2024","18:00",0.149,0
"503-00000000","צריכה","09/04/2024","18:15",0.148,0
"503-00000000","צריכה","09/04/2024","18:30",0.169,0
"503-00000000","צריכה","09/04/2024","18:45",0.157,0
"503-00000000","צריכה","09/04/2024","19:00",0.187,0
"503-00000000","צריכה","09/04/2024","19:15",0.195,0
"503-00000000","צריכה","09/04/2024","19:30",0.187,0
"503-00000000","צריכה","09/04/2024","19:45",0.165,0
"503-00000000","צריכה","09/04/2024","20:00",0.195,0
"503-00000000","צריכה","09/04/2024","20:15",0.205,0
"503-00000000","צריכה","09/04/2024","20:30",0.157,0
"503-00000000","צריכה","09/04/2024","20:45",0.184,0
"503-00000000","צריכה","09/04/2024","21:00",0.134,0
"503-00000000","צריכה","09/04/2024","21:15",0.204,0
"503-00000000","צריכה","09/04/2024","21:30",0.191,0
"503-00000000","צריכה","09/04/2024","21:45",0.197,0
"503-00000000","צריכה","09/04/2024","22:00",0.181,0
"503-00000000","צריכה","09/04/2024","22:15",0.205,0
"503-00000000","צריכה","09/04/2024","22:30",0.163,0
"503-00000000","צריכה","09/04/2024","22:45",0.156,0
"503-00000000","צריכה","09/04/2024","23:00",0.044,0
"503-00000000","צריכה","09/04/2024","23:15",0.060,0
"503-00000000","צריכה","09/04/2024","23:30",0.059,0
"503-00000000","צריכה","09/04/2024","23:45",0.054,0
"503-00000000","צריכה","10/04/2024","00:00",0.039,0
"503-00000000","צריכה","10/04/2024","00:15",0.059,0
"503-00000000","צריכה","10/04/2024","00:30",0.043,0
"503-00000000","צריכה","10/04/2024","00:45",0.043,0
"503-00000000","צריכה","10/04/2024","01:00",0.056,0
"503-00000000","צריכה","10/04/2024","01:15",0.052,0
"503-00000000","צריכה","10/04/2024","01:30",0.054,0
"503-00000000","צריכה","10/04/2024","01:45",0.062,0
"503-00000000","צריכה","10/04/2024","02:00",0.038,0
"503-00000000","צריכה","10/04/2024","02:15",0.062,0
"503-00000000","צריכה","10/04/2024","02:30",0.042,0
"503-00000000","צריכה","10/04/2024","02:45",0.061,0
"503-00000000","צריכה","10/04/2024","03:00",0.052,0
"503-00000000","צריכה","10/04/2024","03:15",0.039,0
"503-00000000","צריכה","10/04/2024","03:30",0.042,0
"503-00000000","צריכה","10/04/2024","03:45",0.046,0
"503-00000000","צריכה","10/04/2024","04:00",0.054,0
"503-00000000","צריכה","10/04/2024","04:15",0.045,0
"503-00000000","צריכה","10/04/2024","04:30",0.053,0
"503-00000000","צריכה","10/04/2024","04:45",0.043,0
"503-00000000","צריכה","10/04/2024","05:00",0.041,0
"503-00000000","צריכה","10/04/2024","05:15",0.052,0
"503-00000000","צריכה","10/04/2024","05:30",0.053,0
"503-00000000","צריכה","10/04/2024","05:45",0.046,0
"503-00000000","צריכה","10/04/2024","06:00",0.121,0
"503-00000000","צריכה","10/04/2024","06:15",0.125,0
"503-00000000","צריכה","10/04/2024","06:30",0.092,0
"503-00000000","צריכה","10/04/2024","06:45",0.084,0
"503-00000000","צריכה","10/04/2024","07:00",0.096,0
"503-00000000","צריכה","10/04/2024","07:15",0.078,0
"503-00000000","צריכה","10/04/2024","07:30",0.097,0
"503-00000000","צריכה","10/04/2024","07:45",0.106,0
"503-00000000","צריכה","10/04/2024","08:00",0.098,0
"503-00000000","צריכה","10/04/2024","08:15",0.103,0
"503-00000000","צריכה","10/04/2024","08:30",0.081,0
"503-00000000","צריכה","10/04/2024","08:45",0.092,0
"503-00000000","צריכה","10/04/2024","09:00",0.077,0
"503-00000000","צריכה","10/04/2024","09:15",0.075,0
"503-00000000","צריכה","10/04/2024","09:30",0.081,0
"503-00000000","צריכה","10/04/2024","09:45",0.074,0
"503-00000000","צריכה","10/04/2024","10:00",0.053,0
"503-00000000","צריכה","10/04/2024","10:15",0.064,0
"503-00000000","צריכה","10/04/2024","10:30",0.057,0
"503-00000000","צריכה","10/04/2024","10:45",0.065,0
"503-00000000","צריכה","10/04/2024","11:00",0.057,0
"503-00000000","צריכה","10/04/2024","11:15",0.068,0
"503-00000000","צריכה","10/04/2024","11:30",0.072,0
"503-00000000","צריכה","10/04/2024","11:45",0.079,0
"503-00000000","צריכה","10/04/2024","12:00",0.060,0
"503-00000000","צריכה","10/04/2024","12:15",0.068,0
"503-00000000","צריכה","10/04/2024","12:30",0.058,0
"503-00000000","צריכה","10/04/2024","12:45",0.075,0
"503-00000000","צריכה","10/04/2024","13:00",0.052,0
"503-00000000","צריכה","10/04/2024","13:15",0.082,0
"503-00000000","צריכה","10/04/2024","13:30",0.079,0
"503-00000000","צריכה","10/04/2024","13:45",0.062,0
"503-00000000","צריכה","10/04/2024","14:00",0.082,0
"503-00000000","צריכה","10/04/2024","14:15",0.060,0
"503-00000000","צריכה","10/04/2024","14:30",0.069,0
"503-00000000","צריכה","10/04/2024","14:45",0.067,0
"503-00000000","צריכה","10/04/2024","15:00",0.077,0
"503-00000000","צריכה","10/04/2024","15:15",0.084,0
"503-00000000","צריכה","10/04/2024","15:30",0.061,0
"503-00000000","צריכה","10/04/2024","15:45",0.064,0
"503-00000000","צריכה","10/04/2024","16:00",0.059,0
"503-00000000","צריכה","10/04/2024","16:15",0.079,0
"503-00000000","צריכה","10/04/2024","16:30",0.054,0
"503-00000000","צריכה","10/04/2024","16:45",0.059,0
"503-00000000","צריכה","10/04/2024","17:00",0.216,0
"503-00000000","צריכה","10/04/2024","17:15",0.204,0
"503-00000000","צריכה","10/04/2024","17:30",0.177,0
"503-00000000","צריכה","10/04/2024","17:45",0.163,0
"503-00000000","צריכה","10/04/2024","18:00",0.154,0
"503-00000000","צריכה","10/04/2024","18:15",0.137,0
"503-00000000","צריכה","10/04/2024","18:30",0.171,0
"503-00000000","צריכה","10/04/2024","18:45",0.188,0
"503-00000000","צריכה","10/04/2024","19:00",0.210,0
"503-00000000","צריכה","10/04/2024","19:15",0.166,0
"503-00000000","צריכה","10/04/2024","19:30",0.143,0
"503-00000000","צריכה","10/04/2024","19:45",0.167,0
"503-00000000","צריכה","10/04/2024","20:00",0.202,0
"503-00000000","צריכה","10/04/2024","20:15",0.210,0
"503-00000000","צריכה","10/04/2024","20:30",0.177,0
"503-00000000","צריכה","10/04/2024","20:45",0.197,0
"503-00000000","צריכה","10/04/2024","21:00",0.184,0
"503-00000000","צריכה","10/04/2024","21:15",0.201,0
"503-00000000","צריכה","10/04/2024","21:30",0.193,0
"503-00000000","צריכה","10/04/2024","21:45",0.155,0
"503-00000000","צריכה","10/04/2024","22:00",0.164,0
"503-00000000","צריכה","10/04/2024","22:15",0.159,0
"503-00000000","צריכה","10/04/2024","22:30",0.173,0
"503-00000000","צריכה","10/04/2024","22:45",0.208,0
"503-00000000","צריכה","10/04/2024","23:00",0.048,0
"503-00000000","צריכה","10/04/2024","23:15",0.053,0
"503-00000000","צריכה","10/04/2024","23:30",0.038,0
"503-00000000","צריכה","10/04/2024","23:45",0.051,0
"503-00000000","צריכה","11/04/2024","00:00",0.052,0
"503-00000000","צריכה","11/04/2024","00:15",0.046,0
"503-00000000","צריכה","11/04/2024","00:30",0.038,0
"503-00000000","צריכה","11/04/2024","00:45",0.038,0
"503-00000000","צריכה","11/04/2024","01:00",0.052,0
"503-00000000","צריכה","11/04/2024","01:15",0.058,0
"503-00000000","צריכה","11/04/2024","01:30",0.060,0
"503-00000000","צריכה","11/04/2024","01:45",0.061,0
"503-00000000","צריכה","11/04/2024","02:00",0.047,0
"503-00000000","צריכה","11/04/2024","02:15",0.041,0
"503-00000000","צריכה","11/04/2024","02:30",0.062,0
"503-00000000","צריכה","11/04/2024","02:45",0.057,0
"503-00000000","צריכה","11/04/2024","03:00",0.054,0
"503-00000000","צריכה","11/04/2024","03:15",0.057,0
"503-00000000","צריכה","11/04/2024","03:30",0.053,0
"503-00000000","צריכה","11/04/2024","03:45",0.044,0
"503-00000000","צריכה","11/04/2024","04:00",0.040,0
"503-00000000","צריכה","11/04/2024","04:15",0.061,0
"503-00000000","צריכה","11/04/2024","04:30",0.049,0
"503-00000000","צריכה","11/04/2024","04:45",0.044,0
"503-00000000","צריכה","11/04/2024","05:00",0.061,0
"503-00000000","צריכה","11/04/2024","05:15",0.054,0
"503-00000000","צריכה","11/04/2024","05:30",0.038,0
"503-00000000","צריכה","11/04/2024","05:45",0.053,0
"503-00000000","צריכה","11/04/2024","06:00",0.107,0
"503-00000000","צריכה","11/04/2024","06:15",0.108,0
"503-00000000","צריכה","11/04/2024","06:30",0.102,0
"503-00000000","צריכה","11/04/2024","06:45",0.095,0
"503-00000000","צריכה","11/04/2024","07:00",0.084,0
"503-00000000","צריכה","11/04/2024","07:15",0.082,0
"503-00000000","צריכה","11/04/2024","07:30",0.105,0
"503-00000000","צריכה","11/04/2024","07:45",0.075,0
"503-00000000","צריכה","11/04/2024","08:00",0.092,0
"503-00000000","צריכה","11/04/2024","08:15",0.093,0
"503-00000000","צריכה","11/04/2024","08:30",0.080,0
"503-00000000","צריכה","11/04/2024","08:45",0.107,0
"503-00000000","צריכה","11/04/2024","09:00",0.074,0
"503-00000000","צריכה","11/04/2024","09:15",0.078,0
"503-00000000","צריכה","11/04/2024","09:30",0.067,0
"503-00000000","צריכה","11/04/2024","09:45",0.082,0
"503-00000000","צריכה","11/04/2024","10:00",0.082,0
"503-00000000","צריכה","11/04/2024","10:15",0.078,0
"503-00000000","צריכה","11/04/2024","10:30",0.069,0
"503-00000000","צריכה","11/04/2024","10:45",0.064,0
"503-00000000","צריכה","11/04/2024","11:00",0.079,0
"503-00000000","צריכה","11/04/2024","11:15",0.054,0
"503-00000000","צריכה","11/04/2024","11:30",0.051,0
"503-00000000","צריכה","11/04/2024","11:45",0.065,0
"503-00000000","צריכה","11/04/2024","12:00",0.079,0
"503-00000000","צריכה","11/04/2024","12:15",0.069,0
"503-00000000","צריכה","11/04/2024","12:30",0.079,0
"503-00000000","צריכה","11/04/2024","12:45",0.071,0
"503-00000000","צריכה","11/04/2024","13:00",0.071,0
"503-00000000","צריכה","11/04/2024","13:15",0.066,0
"503-00000000","צריכה","11/04/2024","13:30",0.053,0
"503-00000000","צריכה","11/04/2024","13:45",0.068,0
"503-00000000","צריכה","11/04/2024","14:00",0.065,0
"503-00000000","צריכה","11/04/2024","14:15",0.054,0
"503-00000000","צריכה","11/04/2024","14:30",0.051,0
"503-00000000","צריכה","11/04/2024","14:45",0.081,0
"503-00000000","צריכה","11/04/2024","15:00",0.052,0
"503-00000000","צריכה","11/04/2024","15:15",0.077,0
"503-00000000","צריכה","11/04/2024","15:30",0.065,0
"503-00000000","צריכה","11/04/2024","15:45",0.064,0
"503-00000000","צריכה","11/04/2024","16:00",0.069,0
"503-00000000","צריכה","11/04/2024","16:15",0.081,0
"503-00000000","צריכה","11/04/2024","16:30",0.081,0
"503-00000000","צריכה","11/04/2024","16:45",0.061,0
"503-00000000","צריכה","11/04/2024","17:00",0.198,0
"503-00000000","צריכה","11/04/2024","17:15",0.149,0
"503-00000000","צריכה","11/04/2024","17:30",0.143,0
"503-00000000","צריכה","11/04/2024","17:45",0.161,0
"503-00000000","צריכה","11/04/2024","18:00",0.194,0
"503-00000000","צריכה","11/04/2024","18:15",0.164,0
"503-00000000","צריכה","11/04/2024","18:30",0.178,0
"503-00000000","צריכה","11/04/2024","18:45",0.212,0
"503-00000000","צריכה","11/04/2024","19:00",0.190,0
"503-00000000","צריכה","11/04/2024","19:15",0.206,0
"503-00000000","צריכה","11/04/2024","19:30",0.152,0
"503-00000000","צריכה","11/04/2024","19:45",0.155,0
"503-00000000","צריכה","11/04/2024","20:00",0.179,0
"503-00000000","צריכה","11/04/2024","20:15",0.173,0
"503-00000000","צריכה","11/04/2024","20:30",0.164,0
"503-00000000","צריכה","11/04/2024","20:45",0.166,0
"503-00000000","צריכה","11/04/2024","21:00",0.151,0
"503-00000000","צריכה","11/04/2024","21:15",0.158,0
"503-00000000","צריכה","11/04/2024","21:30",0.166,0
"503-00000000","צריכה","11/04/2024","21:45",0.153,0
"503-00000000","צריכה","11/04/2024","22:00",0.184,0
"503-00000000","צריכה","11/04/2024","22:15",0.207,0
"503-00000000","צריכה","11/04/2024","22:30",0.203,0
"503-00000000","צריכה","11/04/2024","22:45",0.181,0
"503-00000000","צריכה","11/04/2024","23:00",0.055,0
"503-00000000","צריכה","11/04/2024","23:15",0.052,0
"503-00000000","צריכה","11/04/2024","23:30",0.049,0
"503-00000000","צריכה","11/04/2024","23:45",0.038,0
"503-00000000","צריכה","12/04/2024","00:00",0.041,0
"503-00000000","צריכה","12/04/2024","00:15",0.045,0
"503-00000000","צריכה","12/04/2024","00:30",0.055,0
"503-00000000","צריכה","12/04/2024","00:45",0.046,0
"503-00000000","צריכה","12/04/2024","01:00",0.054,0
"503-00000000","צריכה","12/04/2024","01:15",0.039,0
"503-00000000","צריכה","12/04/2024","01:30",0.057,0
"503-00000000","צריכה","12/04/2024","01:45",0.047,0
"503-00000000","צריכה","12/04/2024","02:00",0.043,0
"503-00000000","צריכה","12/04/2024","02:15",0.048,0
"503-00000000","צריכה","12/04/2024","02:30",0.055,0
"503-00000000","צריכה","12/04/2024","02:45",0.045,0
"503-00000000","צריכה","12/04/2024","03:00",0.051,0
"503-00000000","צריכה","12/04/2024","03:15",0.060,0
"503-00000000","צריכה","12/04/2024","03:30",0.048,0
"503-00000000","צריכה","12/04/2024","03:45",0.044,0
"503-00000000","צריכה","12/04/2024","04:00",0.055,0
"503-00000000","צריכה","12/04/2024","04:15",0.062,0
"503-00000000","צריכה","12/04/2024","04:30",0.059,0
"503-00000000","צריכה","12/04/2024","04:45",0.044,0
"503-00000000","צריכה","12/04/2024","05:00",0.058,0
"503-00000000","צריכה","12/04/2024","05:15",0.057,0
"503-00000000","צריכה","12/04/2024","05:30",0.049,0
"503-00000000","צריכה","12/04/2024","05:45",0.038,0
"503-00000000","צריכה","12/04/2024","06:00",0.076,0
"503-00000000","צריכה","12/04/2024","06:15",0.119,0
"503-00000000","צריכה","12/04/2024","06:30",0.118,0
"503-00000000","צריכה","12/04/2024","06:45",0.077,0
"503-00000000","צריכה","12/04/2024","07:00",0.093,0
"503-00000000","צריכה","12/04/2024","07:15",0.086,0
"503-00000000","צריכה","12/04/2024","07:30",0.103,0
"503-00000000","צריכה","12/04/2024","07:45",0.087,0
"503-00000000","צריכה","12/04/2024","08:00",0.117,0
"503-00000000","צריכה","12/04/2024","08:15",0.113,0
"503-00000000","צריכה","12/04/2024","08:30",0.102,0
"503-00000000","צריכה","12/04/2024","08:45",0.121,0
"503-00000000","צריכה","12/04/2024","09:00",0.093,0
"503-00000000","צריכה","12/04/2024","09:15",0.108,0
"503-00000000","צריכה","12/04/2024","09:30",0.134,0
"503-00000000","צריכה","12/04/2024","09:45",0.111,0
"503-00000000","צריכה","12/04/2024","10:00",0.128,0
"503-00000000","צריכה","12/04/2024","10:15",0.126,0
"503-00000000","צריכה","12/04/2024","10:30",0.114,0
"503-00000000","צריכה","12/04/2024","10:45",0.142,0
"503-00000000","צריכה","12/04/2024","11:00",0.098,0
"503-00000000","צריכה","12/04/2024","11:15",0.119,0
"503-00000000","צריכה","12/04/2024","11:30",0.100,0
"503-00000000","צריכה","12/04/2024","11:45",0.103,0
"503-00000000","צריכה","12/04/2024","12:00",0.123,0
"503-00000000","צריכה","12/04/2024","12:15",0.104,0
"503-00000000","צריכה","12/04/2024","12:30",0.094,0
"503-00000000","צריכה","12/04/2024","12:45",0.130,0
"503-00000000","צריכה","12/04/2024","13:00",0.090,0
"503-00000000","צריכה","12/04/2024","13:15",0.140,0
"503-00000000","צריכה","12/04/2024","13:30",0.120,0
"503-00000000","צריכה","12/04/2024","13:45",0.105,0
"503-00000000","צריכה","12/04/2024","14:00",0.135,0
"503-00000000","צריכה","12/04/2024","14:15",0.124,0
"503-00000000","צריכה","12/04/2024","14:30",0.090,0
"503-00000000","צריכה","12/04/2024","14:45",0.096,0
"503-00000000","צריכה","12/04/2024","15:00",0.121,0
"503-00000000","צריכה","12/04/2024","15:15",0.138,0
"503-00000000","צריכה","12/04/2024","15:30",0.129,0
"503-00000000","צריכה","12/04/2024","15:45",0.120,0
"503-00000000","צריכה","12/04/2024","16:00",0.141,0
"503-00000000","צריכה","12/04/2024","16:15",0.131,0
"503-00000000","צריכה","12/04/2024","16:30",0.102,0
"503-00000000","צריכה","12/04/2024","16:45",0.098,0
"503-00000000","צריכה","12/04/2024","17:00",0.189,0
"503-00000000","צריכה","12/04/2024","17:15",0.207,0
"503-00000000","צריכה","12/04/2024","17:30",0.133,0
"503-00000000","צריכה","12/04/2024","17:45",0.197,0
"503-00000000","צריכה","12/04/2024","18:00",0.203,0
"503-00000000","צריכה","12/04/2024","18:15",0.196,0
"503-00000000","צריכה","12/04/2024","18:30",0.139,0
"503-00000000","צריכה","12/04/2024","18:45",0.181,0
"503-00000000","צריכה","12/04/2024","19:00",0.145,0
"503-00000000","צריכה","12/04/2024","19:15",0.182,0
"503-00000000","צריכה","12/04/2024","19:30",0.214,0
"503-00000000","צריכה","12/04/2024","19:45",0.179,0
"503-00000000","צריכה","12/04/2024","20:00",0.138,0
"503-00000000","צריכה","12/04/2024","20:15",0.217,0
"503-00000000","צריכה","12/04/2024","20:30",0.184,0
"503-00000000","צריכה","12/04/2024","20:45",0.164,0
"503-00000000","צריכה","12/04/2024","21:00",0.179,0
"503-00000000","צריכה","12/04/2024","21:15",0.219,0
"503-00000000","צריכה","12/04/2024","21:30",0.198,0
"503-00000000","צריכה","12/04/2024","21:45",0.162,0
"503-00000000","צריכה","12/04/2024","22:00",0.177,0
"503-00000000","צריכה","12/04/2024","22:15",0.148,0
"503-00000000","צריכה","12/04/2024","22:30",0.182,0
"503-00000000","צריכה","12/04/2024","22:45",0.145,0
"503-00000000","צריכה","12/04/2024","23:00",0.061,0
"503-00000000","צריכה","12/04/2024","23:15",0.059,0
"503-00000000","צריכה","12/04/2024","23:30",0.040,0
"503-00000000","צריכה","12/04/2024","23:45",0.052,0
"503-00000000","צריכה","13/04/2024","00:00",0.059,0
"503-00000000","צריכה","13/04/2024","00:15",0.062,0
"503-00000000","צריכה","13/04/2024","00:30",0.055,0
"503-00000000","צריכה","13/04/2024","00:45",0.053,0
"503-00000000","צריכה","13/04/2024","01:00",0.045,0
"503-00000000","צריכה","13/04/2024","01:15",0.058,0
"503-00000000","צריכה","13/04/2024","01:30",0.044,0
"503-00000000","צריכה","13/04/2024","01:45",0.059,0
"503-00000000","צריכה","13/04/2024","02:00",0.038,0
"503-00000000","צריכה","13/04/2024","02:15",0.055,0
"503-00000000","צריכה","13/04/2024","02:30",0.045,0
"503-00000000","צריכה","13/04/2024","02:45",0.055,0
"503-00000000","צריכה","13/04/2024","03:00",0.042,0
"503-00000000","צריכה","13/04/2024","03:15",0.047,0
"503-00000000","צריכה","13/04/2024","03:30",0.051,0
"503-00000000","צריכה","13/04/2024","03:45",0.049,0
"503-00000000","צריכה","13/04/2024","04:00",0.039,0
"503-00000000","צריכה","13/04/2024","04:15",0.062,0
"503-00000000","צריכה","13/04/2024","04:30",0.055,0
"503-00000000","צריכה","13/04/2024","04:45",0.042,0
"503-00000000","צריכה","13/04/2024","05:00",0.048,0
"503-00000000","צריכה","13/04/2024","05:15",0.038,0
"503-00000000","צריכה","13/04/2024","05:30",0.055,0
"503-00000000","צריכה","13/04/2024","05:45",0.041,0
"503-00000000","צריכה","13/04/2024","06:00",0.078,0
"503-00000000","צריכה","13/04/2024","06:15",0.093,0
"503-00000000","צריכה","13/04/2024","06:30",0.099,0
"503-00000000","צריכה","13/04/2024","06:45",0.076,0
"503-00000000","צריכה","13/04/2024","07:00",0.112,0
"503-00000000","צריכה","13/04/2024","07:15",0.096,0
"503-00000000","צריכה","13/04/2024","07:30",0.088,0
"503-00000000","צריכה","13/04/2024","07:45",0.095,0
"503-00000000","צריכה","13/04/2024","08:00",0.088,0
"503-00000000","צריכה","13/04/2024","08:15",0.097,0
"503-00000000","צריכה","13/04/2024","08:30",0.078,0
"503-00000000","צריכה","13/04/2024","08:45",0.111,0
"503-00000000","צריכה","13/04/2024","09:00",0.095,0
"503-00000000","צריכה","13/04/2024","09:15",0.144,0
"503-00000000","צריכה","13/04/2024","09:30",0.102,0
"503-00000000","צריכה","13/04/2024","09:45",0.113,0
"503-00000000","צריכה","13/04/2024","10:00",0.145,0
"503-00000000","צריכה","13/04/2024","10:15",0.118,0
"503-00000000","צריכה","13/04/2024","10:30",0.135,0
"503-00000000","צריכה","13/04/2024","10:45",0.119,0
"503-00000000","צריכה","13/04/2024","11:00",0.090,0
"503-00000000","צריכה","13/04/2024","11:15",0.121,0
"503-00000000","צריכה","13/04/2024","11:30",0.132,0
"503-00000000","צריכה","13/04/2024","11:45",0.108,0
"503-00000000","צריכה","13/04/2024","12:00",0.129,0
"503-00000000","צריכה","13/04/2024","12:15",0.124,0
"503-00000000","צריכה","13/04/2024","12:30",0.104,0
"503-00000000","צריכה","13/04/2024","12:45",0.095,0
"503-00000000","צריכה","13/04/2024","13:00",0.119,0
"503-00000000","צריכה","13/04/2024","13:15",0.122,0
"503-00000000","צריכה","13/04/2024","13:30",0.124,0
"503-00000000","צריכה","13/04/2024","13:45",0.141,0
"503-00000000","צריכה","13/04/2024","14:00",0.113,0
"503-00000000","צריכה","13/04/2024","14:15",0.130,0
"503-00000000","צריכה","13/04/2024","14:30",0.111,0
"503-00000000","צריכה","13/04/2024","14:45",0.131,0
"503-00000000","צריכה","13/04/2024","15:00",0.133,0
"503-00000000","צריכה","13/04/2024","15:15",0.122,0
"503-00000000","צריכה","13/04/2024","15:30",0.123,0
"503-00000000","צריכה","13/04/2024","15:45",0.100,0
"503-00000000","צריכה","13/04/2024","16:00",0.103,0
"503-00000000","צריכה","13/04/2024","16:15",0.115,0
"503-00000000","צריכה","13/04/2024","16:30",0.118,0
"503-00000000","צריכה","13/04/2024","16:45",0.097,0
"503-00000000","צריכה","13/04/2024","17:00",0.171,0
"503-00000000","צריכה","13/04/2024","17:15",0.190,0
"503-00000000","צריכה","13/04/2024","17:30",0.199,0
"503-00000000","צריכה","13/04/2024","17:45",0.159,0
"503-00000000","צריכה","13/04/2024","18:00",0.215,0
"503-00000000","צריכה","13/04/2024","18:15",0.198,0
"503-00000000","צריכה","13/04/2024","18:30",0.133,0
"503-00000000","צריכה","13/04/2024","18:45",0.213,0
"503-00000000","צריכה","13/04/2024","19:00",0.164,0
"503-00000000","צריכה","13/04/2024","19:15",0.210,0
"503-00000000","צריכה","13/04/2024","19:30",0.189,0
"503-00000000","צריכה","13/04/2024","19:45",0.210,0
"503-00000000","צריכה","13/04/2024","20:00",0.185,0
"503-00000000","צריכה","13/04/2024","20:15",0.195,0
"503-00000000","צריכה","13/04/2024","20:30",0.207,0
"503-00000000","צריכה","13/04/2024","20:45",0.170,0
"503-00000000","צריכה","13/04/2024","21:00",0.159,0
"503-00000000","צריכה","13/04/2024","21:15",0.215,0
"503-00000000","צריכה","13/04/2024","21:30",0.155,0
"503-00000000","צריכה","13/04/2024","21:45",0.151,0
"503-00000000","צריכה","13/04/2024","22:00",0.199,0
"503-00000000","צריכה","13/04/2024","22:15",0.182,0
"503-00000000","צריכה","13/04/2024","22:30",0.204,0
"503-00000000","צריכה","13/04/2024","22:45",0.166,0
"503-00000000","צריכה","13/04/2024","23:00",0.053,0
"503-00000000","צריכה","13/04/2024","23:15",0.051,0
"503-00000000","צריכה","13/04/2024","23:30",0.059,0
"503-00000000","צריכה","13/04/2024","23:45",0.053,0
"503-00000000","צריכה","14/04/2024","00:00",0.038,0
"503-00000000","צריכה","14/04/2024","00:15",0.038,0
"503-00000000","צריכה","14/04/2024","00:30",0.043,0
"503-00000000","צריכה","14/04/2024","00:45",0.040,0
"503-00000000","צריכה","14/04/2024","01:00",0.059,0
"503-00000000","צריכה","14/04/2024","01:15",0.043,0
"503-00000000","צריכה","14/04/2024","01:30",0.060,0
"503-00000000","צריכה","14/04/2024","01:45",0.051,0
"503-00000000","צריכה","14/04/2024","02:00",0.049,0
"503-00000000","צריכה","14/04/2024","02:15",0.041,0
"503-00000000","צריכה","14/04/2024","02:30",0.045,0
"503-00000000","צריכה","14/04/2024","02:45",0.053,0
"503-00000000","צריכה","14/04/2024","03:00",0.038,0
"503-00000000","צריכה","14/04/2024","03:15",0.045,0
"503-00000000","צריכה","14/04/2024","03:30",0.052,0
"503-00000000","צריכה","14/04/2024","03:45",0.048,0
"503-00000000","צריכה","14/04/2024","04:00",0.050,0
"503-00000000","צריכה","14/04/2024","04:15",0.055,0
"503-00000000","צריכה","14/04/2024","04:30",0.045,0
"503-00000000","צריכה","14/04/2024","04:45",0.039,0
"503-00000000","צריכה","14/04/2024","05:00",0.052,0
"503-00000000","צריכה","14/04/2024","05:15",0.054,0
"503-00000000","צריכה","14/04/2024","05:30",0.042,0
"503-00000000","צריכה","14/04/2024","05:45",0.039,0
"503-00000000","צריכה","14/04/2024","06:00",0.103,0
"503-00000000","צריכה","14/04/2024","06:15",0.117,0
"503-00000000","צריכה","14/04/2024","06:30",0.084,0
"503-00000000","צריכה","14/04/2024","06:45",0.124,0
"503-00000000","צריכה","14/04/2024","07:00",0.101,0
"503-00000000","צריכה","14/04/2024","07:15",0.117,0
"503-00000000","צריכה","14/04/2024","07:30",0.078,0
"503-00000000","צריכה","14/04/2024","07:45",0.114,0
"503-00000000","צריכה","14/04/2024","08:00",0.091,0
"503-00000000","צריכה","14/04/2024","08:15",0.103,0
"503-00000000","צריכה","14/04/2024","08:30",0.111,0
"503-00000000","צריכה","14/04/2024","08:45",0.091,0
"503-00000000","צריכה","14/04/2024","09:00",0.052,0
"503-00000000","צריכה","14/04/2024","09:15",0.060,0
"503-00000000","צריכה","14/04/2024","09:30",0.076,0
"503-00000000","צריכה","14/04/2024","09:45",0.078,0
"503-00000000","צריכה","14/04/2024","10:00",0.071,0
"503-00000000","צריכה","14/04/2024","10:15",0.065,0
"503-00000000","צריכה","14/04/2024","10:30",0.069,0
"503-00000000","צריכה","14/04/2024","10:45",0.053,0
"503-00000000","צריכה","14/04/2024","11:00",0.075,0
"503-00000000","צריכה","14/04/2024","11:15",0.059,0
"503-00000000","צריכה","14/04/2024","11:30",0.056,0
"503-00000000","צריכה","14/04/2024","11:45",0.075,0
"503-00000000","צריכה","14/04/2024","12:00",0.051,0
"503-00000000","צריכה","14/04/2024","12:15",0.074,0
"503-00000000","צריכה","14/04/2024","12:30",0.071,0
"503-00000000","צריכה","14/04/2024","12:45",0.072,0
"503-00000000","צריכה","14/04/2024","13:00",0.054,0
"503-00000000","צריכה","14/04/2024","13:15",0.052,0
"503-00000000","צריכה","14/04/2024","13:30",0.074,0
"503-00000000","צריכה","14/04/2024","13:45",0.056,0
"503-00000000","צריכה","14/04/2024","14:00",0.080,0
"503-00000000","צריכה","14/04/2024","14:15",0.056,0
"503-00000000","צריכה","14/04/2024","14:30",0.073,0
"503-00000000","צריכה","14/04/2024","14:45",0.052,0
"503-00000000","צריכה","14/04/2024","15:00",0.076,0
"503-00000000","צריכה","14/04/2024","15:15",0.058,0
"503-00000000","צריכה","14/04/2024","15:30",0.084,0
"503-00000000","צריכה","14/04/2024","15:45",0.083,0
"503-00000000","צריכה","14/04/2024","16:00",0.067,0
"503-00000000","צריכה","14/04/2024","16:15",0.062,0
"503-00000000","צריכה","14/04/2024","16:30",0.068,0
"503-00000000","צריכה","14/04/2024","16:45",0.083,0
"503-00000000","צריכה","14/04/2024","17:00",0.207,0
"503-00000000","צריכה","14/04/2024","17:15",0.161,0
"503-00000000","צריכה","14/04/2024","17:30",0.164,0
"503-00000000","צריכה","14/04/2024","17:45",0.169,0
"503-00000000","צריכה","14/04/2024","18:00",0.203,0
"503-00000000","צריכה","14/04/2024","18:15",0.137,0
"503-00000000","צריכה","14/04/2024","18:30",0.203,0
"503-00000000","צריכה","14/04/2024","18:45",0.165,0
"503-00000000","צריכה","14/04/2024","19:00",0.132,0
"503-00000000","צריכה","14/04/2024","19:15",0.170,0
"503-00000000","צריכה","14/04/2024","19:30",0.170,0
"503-00000000","צריכה","14/04/2024","19:45",0.212,0
"503-00000000","צריכה","14/04/2024","20:00",0.183,0
"503-00000000","צריכה","14/04/2024","20:15",0.185,0
"503-00000000","צריכה","14/04/2024","20:30",0.176,0
"503-00000000","צריכה","14/04/2024","20:45",0.160,0
"503-00000000","צריכה","14/04/2024","21:00",0.204,0
"503-00000000","צריכה","14/04/2024","21:15",0.164,0
"503-00000000","צריכה","14/04/2024","21:30",0.217,0
"503-00000000","צריכה","14/04/2024","21:45",0.153,0
"503-00000000","צריכה","14/04/2024","22:00",0.183,0
"503-00000000","צריכה","14/04/2024","22:15",0.154,0
"503-00000000","צריכה","14/04/2024","22:30",0.207,0
"503-00000000","צריכה","14/04/2024","22:45",0.192,0
"503-00000000","צריכה","14/04/2024","23:00",0.043,0
"503-00000000","צריכה","14/04/2024","23:15",0.046,0
"503-00000000","צריכה","14/04/2024","23:30",0.047,0
"503-00000000","צריכה","14/04/2024","23:45",0.048,0
"503-00000000","צריכה","15/04/2024","00:00",0.048,0
"503-00000000","צריכה","15/04/2024","00:15",0.041,0
"503-00000000","צריכה","15/04/2024","00:30",0.047,0
"503-00000000","צריכה","15/04/2024","00:45",0.046,0
"503-00000000","צריכה","15/04/2024","01:00",0.051,0
"503-00000000","צריכה","15/04/2024","01:15",0.044,0
"503-00000000","צריכה","15/04/2024","01:30",0.040,0
"503-00000000","צריכה","15/04/2024","01:45",0.048,0
"503-00000000","צריכה","15/04/2024","02:00",0.056,0
"503-00000000","צריכה","15/04/2024","02:15",0.043,0
"503-00000000","צריכה","15/04/2024","02:30",0.050,0
"503-00000000","צריכה","15/04/2024","02:45",0.044,0
"503-00000000","צריכה","15/04/2024","03:00",0.040,0
"503-00000000","צריכה","15/04/2024","03:15",0.042,0
"503-00000000","צריכה","15/04/2024","03:30",0.057,0
"503-00000000","צריכה","15/04/2024","03:45",0.041,0
"503-00000000","צריכה","15/04/2024","04:00",0.058,0
"503-00000000","צריכה","15/04/2024","04:15",0.051,0
"503-00000000","צריכה","15/04/2024","04:30",0.046,0
"503-00000000","צריכה","15/04/2024","04:45",0.056,0
"503-00000000","צריכה","15/04/2024","05:00",0.046,0
"503-00000000","צריכה","15/04/2024","05:15",0.056,0
"503-00000000","צריכה","15/04/2024","05:30",0.058,0
"503-00000000","צריכה","15/04/2024","05:45",0.062,0
"503-00000000","צריכה","15/04/2024","06:00",0.095,0
"503-00000000","צריכה","15/04/2024","06:15",0.082,0
"503-00000000","צריכה","15/04/2024","06:30",0.117,0
"503-00000000","צריכה","15/04/2024","06:45",0.121,0
"503-00000000","צריכה","15/04/2024","07:00",0.119,0
"503-00000000","צריכה","15/04/2024","07:15",0.089,0
"503-00000000","צריכה","15/04/2024","07:30",0.120,0
"503-00000000","צריכה","15/04/2024","07:45",0.097,0
"503-00000000","צריכה","15/04/2024","08:00",0.115,0
"503-00000000","צריכה","15/04/2024","08:15",0.079,0
"503-00000000","צריכה","15/04/2024","08:30",0.102,0
"503-00000000","צריכה","15/04/2024","08:45",0.111,0
"503-00000000","צריכה","15/04/2024","09:00",0.066,0
"503-00000000","צריכה","15/04/2024","09:15",0.060,0
"503-00000000","צריכה","15/04/2024","09:30",0.053,0
"503-00000000","צריכה","15/04/2024","09:45",0.082,0
"503-00000000","צריכה","15/04/2024","10:00",0.060,0
"503-00000000","צריכה","15/04/2024","10:15",0.077,0
"503-00000000","צריכה","15/04/2024","10:30",0.071,0
"503-00000000","צריכה","15/04/2024","10:45",0.057,0
"503-00000000","צריכה","15/04/2024","11:00",0.082,0
"503-00000000","צריכה","15/04/2024","11:15",0.055,0
"503-00000000","צריכה","15/04/2024","11:30",0.080,0
"503-00000000","צריכה","15/04/2024","11:45",0.062,0
"503-00000000","צריכה","15/04/2024","12:00",0.065,0
"503-00000000","צריכה","15/04/2024","12:15",0.067,0
"503-00000000","צריכה","15/04/2024","12:30",0.081,0
"503-00000000","צריכה","15/04/2024","12:45",0.084,0
"503-00000000","צריכה","15/04/2024","13:00",0.078,0
"503-00000000","צריכה","15/04/2024","13:15",0.081,0
"503-00000000","צריכה","15/04/2024","13:30",0.079,0
"503-00000000","צריכה","15/04/2024","13:45",0.062,0
"503-00000000","צריכה","15/04/2024","14:00",0.053,0
"503-00000000","צריכה","15/04/2024","14:15",0.074,0
"503-00000000","צריכה","15/04/2024","14:30",0.063,0
"503-00000000","צריכה","15/04/2024","14:45",0.051,0
"503-00000000","צריכה","15/04/2024","15:00",0.083,0
"503-00000000","צריכה","15/04/2024","15:15",0.072,0
"503-00000000","צריכה","15/04/2024","15:30",0.079,0
"503-00000000","צריכה","15/04/2024","15:45",0.057,0
"503-00000000","צריכה","15/04/2024","16:00",0.067,0
"503-00000000","צריכה","15/04/2024","16:15",0.075,0
"503-00000000","צריכה","15/04/2024","16:30",0.068,0
"503-00000000","צריכה","15/04/2024","16:45",0.055,0
"503-00000000","צריכה","15/04/2024","17:00",0.159,0
"503-00000000","צריכה","15/04/2024","17:15",0.153,0
"503-00000000","צריכה","15/04/2024","17:30",0.146,0
"503-00000000","צריכה","15/04/2024","17:45",0.133,0
"503-00000000","צריכה","15/04/2024","18:00",0.178,0
"503-00000000","צריכה","15/04/2024","18:15",0.200,0
"503-00000000","צריכה","15/04/2024","18:30",0.212,0
"503-00000000","צריכה","15/04/2024","18:45",0.135,0
"503-00000000","צריכה","15/04/2024","19:00",0.145,0
"503-00000000","צריכה","15/04/2024","19:15",0.208,0
"503-00000000","צריכה","15/04/2024","19:30",0.160,0
"503-00000000","צריכה","15/04/2024","19:45",0.191,0
"503-00000000","צריכה","15/04/2024","20:00",0.190,0
"503-00000000","צריכה","15/04/2024","20:15",0.134,0
"503-00000000","צריכה","15/04/2024","20:30",0.167,0
"503-00000000","צריכה","15/04/2024","20:45",0.165,0
"503-00000000","צריכה","15/04/2024","21:00",0.170,0
"503-00000000","צריכה","15/04/2024","21:15",0.139,0
"503-00000000","צריכה","15/04/2024","21:30",0.132,0
"503-00000000","צריכה","15/04/2024","21:45",0.211,0
"503-00000000","צריכה","15/04/2024","22:00",0.134,0
"503-00000000","צריכה","15/04/2024","22:15",0.171,0
"503-00000000","צריכה","15/04/2024","22:30",0.139,0
"503-00000000","צריכה","15/04/2024","22:45",0.132,0
"503-00000000","צריכה","15/04/2024","23:00",0.041,0
"503-00000000","צריכה","15/04/2024","23:15",0.050,0
"503-00000000","צריכה","15/04/2024","23:30",0.044,0
"503-00000000","צריכה","15/04/2024","23:45",0.044,0
"503-00000000","צריכה","16/04/2024","00:00",0.062,0
"503-00000000","צריכה","16/04/2024","00:15",0.038,0
"503-00000000","צריכה","16/04/2024","00:30",0.060,0
"503-00000000","צריכה","16/04/2024","00:45",0.056,0
"503-00000000","צריכה","16/04/2024","01:00",0.047,0
"503-00000000","צריכה","16/04/2024","01:15",0.047,0
"503-00000000","צריכה","16/04/2024","01:30",0.038,0
"503-00000000","צריכה","16/04/2024","01:45",0.062,0
"503-00000000","צריכה","16/04/2024","02:00",0.058,0
"503-00000000","צריכה","16/04/2024","02:15",0.043,0
"503-00000000","צריכה","16/04/2024","02:30",0.051,0
"503-00000000","צריכה","16/04/2024","02:45",0.061,0
"503-00000000","צריכה","16/04/2024","03:00",0.039,0
"503-00000000","צריכה","16/04/2024","03:15",0.058,0
"503-00000000","צריכה","16/04/2024","03:30",0.054,0
"503-00000000","צריכה","16/04/2024","03:45",0.055,0
"503-00000000","צריכה","16/04/2024","04:00",0.059,0
"503-00000000","צריכה","16/04/2024","04:15",0.061,0
"503-00000000","צריכה","16/04/2024","04:30",0.040,0
"503-00000000","צריכה","16/04/2024","04:45",0.062,0
"503-00000000","צריכה","16/04/2024","05:00",0.046,0
"503-00000000","צריכה","16/04/2024","05:15",0.058,0
"503-00000000","צריכה","16/04/2024","05:30",0.058,0
"503-00000000","צריכה","16/04/2024","05:45",0.053,0
"503-00000000","צריכה","16/04/2024","06:00",0.121,0
"503-00000000","צריכה","16/04/2024","06:15",0.101,0
"503-00000000","צריכה","16/04/2024","06:30",0.100,0
"503-00000000","צריכה","16/04/2024","06:45",0.084,0
"503-00000000","צריכה","16/04/2024","07:00",0.091,0
"503-00000000","צריכה","16/04/2024","07:15",0.108,0
"503-00000000","צריכה","16/04/2024","07:30",0.101,0
"503-00000000","צריכה","16/04/2024","07:45",0.086,0
"503-00000000","צריכה","16/04/2024","08:00",0.085,0
"503-00000000","צריכה","16/04/2024","08:15",0.089,0
"503-00000000","צריכה","16/04/2024","08:30",0.079,0
"503-00000000","צריכה","16/04/2024","08:45",0.102,0
"503-00000000","צריכה","16/04/2024","09:00",0.057,0
"503-00000000","צריכה","16/04/2024","09:15",0.059,0
"503-00000000","צריכה","16/04/2024","09:30",0.059,0
"503-00000000","צריכה","16/04/2024","09:45",0.073,0
"503-00000000","צריכה","16/04/2024","10:00",0.079,0
"503-00000000","צריכה","16/04/2024","10:15",0.068,0
"503-00000000","צריכה","16/04/2024","10:30",0.078,0
"503-00000000","צריכה","16/04/2024","10:45",0.080,0
"503-00000000","צריכה","16/04/2024","11:00",0.068,0
"503-00000000","צריכה","16/04/2024","11:15",0.075,0
"503-00000000","צריכה","16/04/2024","11:30",0.081,0
"503-00000000","צריכה","16/04/2024","11:45",0.055,0
"503-00000000","צריכה","16/04/2024","12:00",0.058,0
"503-00000000","צריכה","16/04/2024","12:15",0.067,0
"503-00000000","צריכה","16/04/2024","12:30",0.081,0
"503-00000000","צריכה","16/04/2024","12:45",0.064,0
"503-00000000","צריכה","16/04/2024","13:00",0.082,0
"503-00000000","צריכה","16/04/2024","13:15",0.053,0
"503-00000000","צריכה","16/04/2024","13:30",0.061,0
"503-00000000","צריכה","16/04/2024","13:45",0.058,0
"503-00000000","צריכה","16/04/2024","14:00",0.060,0
"503-00000000","צריכה","16/04/2024","14:15",0.073,0
"503-00000000","צריכה","16/04/2024","14:30",0.066,0
"503-00000000","צריכה","16/04/2024","14:45",0.061,0
"503-00000000","צריכה","16/04/2024","15:00",0.064,0
"503-00000000","צריכה","16/04/2024","15:15",0.065,0
"503-00000000","צריכה","16/04/2024","15:30",0.062,0
"503-00000000","צריכה","16/04/2024","15:45",0.061,0
"503-00000000","צריכה","16/04/2024","16:00",0.072,0
"503-00000000","צריכה","16/04/2024","16:15",0.059,0
"503-00000000","צריכה","16/04/2024","16:30",0.056,0
"503-00000000","צריכה","16/04/2024","16:45",0.060,0
"503-00000000","צריכה","16/04/2024","17:00",0.158,0
"503-00000000","צריכה","16/04/2024","17:15",0.173,0
"503-00000000","צריכה","16/04/2024","17:30",0.163,0
"503-00000000","צריכה","16/04/2024","17:45",0.212,0
"503-00000000","צריכה","16/04/2024","18:00",0.134,0
"503-00000000","צריכה","16/04/2024","18:15",0.173,0
"503-00000000","צריכה","16/04/2024","18:30",0.168,0
"503-00000000","צריכה","16/04/2024","18:45",0.183,0
"503-00000000","צריכה","16/04/2024","19:00",0.176,0
"503-00000000","צריכה","16/04/2024","19:15",0.151,0
"503-00000000","צריכה","16/04/2024","19:30",0.186,0
"503-00000000","צריכה","16/04/2024","19:45",0.150,0
"503-00000000","צריכה","16/04/2024","20:00",0.203,0
"503-00000000","צריכה","16/04/2024","20:15",0.135,0
"503-00000000","צריכה","16/04/2024","20:30",0.217,0
"503-00000000","צריכה","16/04/2024","20:45",0.189,0
"503-00000000","צריכה","16/04/2024","21:00",0.167,0
"503-00000000","צריכה","16/04/2024","21:15",0.159,0
"503-00000000","צריכה","16/04/2024","21:30",0.141,0
"503-00000000","צריכה","16/04/2024","21:45",0.198,0
"503-00000000","צריכה","16/04/2024","22:00",0.218,0
"503-00000000","צריכה","16/04/2024","22:15",0.191,0
"503-00000000","צריכה","16/04/2024","22:30",0.142,0
"503-00000000","צריכה","16/04/2024","22:45",0.152,0
"503-00000000","צריכה","16/04/2024","23:00",0.059,0
"503-00000000","צריכה","16/04/2024","23:15",0.049,0
"503-00000000","צריכה","16/04/2024","23:30",0.042,0
"503-00000000","צריכה","16/04/2024","23:45",0.046,0
"503-00000000","צריכה","17/04/2024","00:00",0.061,0
"503-00000000","צריכה","17/04/2024","00:15",0.043,0
"503-00000000","צריכה","17/04/2024","00:30",0.050,0
"503-00000000","צריכה","17/04/2024","00:45",0.046,0
"503-00000000","צריכה","17/04/2024","01:00",0.056,0
"503-00000000","צריכה","17/04/2024","01:15",0.051,0
"503-00000000","צריכה","17/04/2024","01:30",0.061,0
"503-00000000","צריכה","17/04/2024","01:45",0.049,0
"503-00000000","צריכה","17/04/2024","02:00",0.058,0
"503-00000000","צריכה","17/04/2024","02:15",0.057,0
"503-00000000","צריכה","17/04/2024","02:30",0.049,0
"503-00000000","צריכה","17/04/2024","02:45",0.059,0
"503-00000000","צריכה","17/04/2024","03:00",0.061,0
"503-00000000","צריכה","17/04/2024","03:15",0.046,0
"503-00000000","צריכה","17/04/2024","03:30",0.051,0
"503-00000000","צריכה","17/04/2024","03:45",0.045,0
"503-00000000","צריכה","17/04/2024","04:00",0.048,0
"503-00000000","צריכה","17/04/2024","04:15",0.053,0
"503-00000000","צריכה","17/04/2024","04:30",0.050,0
"503-00000000","צריכה","17/04/2024","04:45",0.055,0
"503-00000000","צריכה","17/04/2024","05:00",0.061,0
"503-00000000","צריכה","17/04/2024","05:15",0.051,0
"503-00000000","צריכה","17/04/2024","05:30",0.058,0
"503-00000000","צריכה","17/04/2024","05:45",0.040,0
"503-00000000","צריכה","17/04/2024","06:00",0.111,0
"503-00000000","צריכה","17/04/2024","06:15",0.092,0
"503-00000000","צריכה","17/04/2024","06:30",0.108,0
"503-00000000","צריכה","17/04/2024","06:45",0.107,0
"503-00000000","צריכה","17/04/2024","07:00",0.100,0
"503-00000000","צריכה","17/04/2024","07:15",0.087,0
"503-00000000","צריכה","17/04/2024","07:30",0.087,0
"503-00000000","צריכה","17/04/2024","07:45",0.104,0
"503-00000000","צריכה","17/04/2024","08:00",0.103,0
"503-00000000","צריכה","17/04/2024","08:15",0.095,0
"503-00000000","צריכה","17/04/2024","08:30",0.118,0
"503-00000000","צריכה","17/04/2024","08:45",0.089,0
"503-00000000","צריכה","17/04/2024","09:00",0.057,0
"503-00000000","צריכה","17/04/2024","09:15",0.077,0
"503-00000000","צריכה","17/04/2024","09:30",0.068,0
"503-00000000","צריכה","17/04/2024","09:45",0.060,0
"503-00000000","צריכה","17/04/2024","10:00",0.063,0
"503-00000000","צריכה","17/04/2024","10:15",0.083,0
"503-00000000","צריכה","17/04/2024","10:30",0.076,0
"503-00000000","צריכה","17/04/2024","10:45",0.058,0
"503-00000000","צריכה","17/04/2024","11:00",0.082,0
"503-00000000","צריכה","17/04/2024","11:15",0.082,0
"503-00000000","צריכה","17/04/2024","11:30",0.061,0
"503-00000000","צריכה","17/04/2024","11:45",0.061,0
"503-00000000","צריכה","17/04/2024","12:00",0.055,0
"503-00000000","צריכה","17/04/2024","12:15",0.052,0
"503-00000000","צריכה","17/04/2024","12:30",0.067,0
"503-00000000","צריכה","17/04/2024","12:45",0.067,0
"503-00000000","צריכה","17/04/2024","13:00",0.061,0
"503-00000000","צריכה","17/04/2024","13:15",0.068,0
"503-00000000","צריכה","17/04/2024","13:30",0.077,0
"503-00000000","צריכה","17/04/2024","13:45",0.076,0
"503-00000000","צריכה","17/04/2024","14:00",0.080,0
"503-00000000","צריכה","17/04/2024","14:15",0.057,0
"503-00000000","צריכה","17/04/2024","14:30",0.067,0
"503-00000000","צריכה","17/04/2024","14:45",0.079,0
"503-00000000","צריכה","17/04/2024","15:00",0.074,0
"503-00000000","צריכה","17/04/2024","15:15",0.074,0
"503-00000000","צריכה","17/04/2024","15:30",0.075,0
"503-00000000","צריכה","17/04/2024","15:45",0.058,0
"503-00000000","צריכה","17/04/2024","16:00",0.057,0
"503-00000000","צריכה","17/04/2024","16:15",0.083,0
"503-00000000","צריכה","17/04/2024","16:30",0.058,0
"503-00000000","צריכה","17/04/2024","16:45",0.078,0
"503-00000000","צריכה","17/04/2024","17:00",0.174,0
"503-00000000","צריכה","17/04/2024","17:15",0.203,0
"503-00000000","צריכה","17/04/2024","17:30",0.164,0
"503-00000000","צריכה","17/04/2024","17:45",0.163,0
"503-00000000","צריכה","17/04/2024","18:00",0.193,0
"503-00000000","צריכה","17/04/2024","18:15",0.206,0
"503-00000000","צריכה","17/04/2024","18:30",0.208,0
"503-00000000","צריכה","17/04/2024","18:45",0.201,0
"503-00000000","צריכה","17/04/2024","19:00",0.182,0
"503-00000000","צריכה","17/04/2024","19:15",0.201,0
"503-00000000","צריכה","17/04/2024","19:30",0.198,0
"503-00000000","צריכה","17/04/2024","19:45",0.131,0
"503-00000000","צריכה","17/04/2024","20:00",0.181,0
"503-00000000","צריכה","17/04/2024","20:15",0.184,0
"503-00000000","צריכה","17/04/2024","20:30",0.149,0
"503-00000000","צריכה","17/04/2024","20:45",0.200,0
"503-00000000","צריכה","17/04/2024","21:00",0.189,0
"503-00000000","צריכה","17/04/2024","21:15",0.170,0
"503-00000000","צריכה","17/04/2024","21:30",0.188,0
"503-00000000","צריכה","17/04/2024","21:45",0.150,0
"503-00000000","צריכה","17/04/2024","22:00",0.135,0
"503-00000000","צריכה","17/04/2024","22:15",0.192,0
"503-00000000","צריכה","17/04/2024","22:30",0.182,0
"503-00000000","צריכה","17/04/2024","22:45",0.163,0
"503-00000000","צריכה","17/04/2024","23:00",0.048,0
"503-00000000","צריכה","17/04/2024","23:15",0.052,0
"503-00000000","צריכה","17/04/2024","23:30",0.039,0
"503-00000000","צריכה","17/04/2024","23:45",0.056,0
"503-00000000","צריכה","18/04/2024","00:00",0.039,0
"503-00000000","צריכה","18/04/2024","00:15",0.050,0
"503-00000000","צריכה","18/04/2024","00:30",0.056,0
"503-00000000","צריכה","18/04/2024","00:45",0.046,0
"503-00000000","צריכה","18/04/2024","01:00",0.041,0
"503-00000000","צריכה","18/04/2024","01:15",0.052,0
"503-00000000","צריכה","18/04/2024","01:30",0.049,0
"503-00000000","צריכה","18/04/2024","01:45",0.049,0
"503-00000000","צריכה","18/04/2024","02:00",0.039,0
"503-00000000","צריכה","18/04/2024","02:15",0.057,0
"503-00000000","צריכה","18/04/2024","02:30",0.046,0
"503-00000000","צריכה","18/04/2024","02:45",0.051,0
"503-00000000","צריכה","18/04/2024","03:00",0.050,0
"503-00000000","צריכה","18/04/2024","03:15",0.057,0
"503-00000000","צריכה","18/04/2024","03:30",0.047,0
"503-00000000","צריכה","18/04/2024","03:45",0.057,0
"503-00000000","צריכה","18/04/2024","04:00",0.042,0
"503-00000000","צריכה","18/04/2024","04:15",0.044,0
"503-00000000","צריכה","18/04/2024","04:30",0.059,0
"503-00000000","צריכה","18/04/2024","04:45",0.059,0
"503-00000000","צריכה","18/04/2024","05:00",0.042,0
"503-00000000","צריכה","18/04/2024","05:15",0.043,0
"503-00000000","צריכה","18/04/2024","05:30",0.061,0
"503-00000000","צריכה","18/04/2024","05:45",0.056,0
"503-00000000","צריכה","18/04/2024","06:00",0.100,0
"503-00000000","צריכה","18/04/2024","06:15",0.098,0
"503-00000000","צריכה","18/04/2024","06:30",0.107,0
"503-00000000","צריכה","18/04/2024","06:45",0.092,0
"503-00000000","צריכה","18/04/2024","07:00",0.123,0
"503-00000000","צריכה","18/04/2024","07:15",0.090,0
"503-00000000","צריכה","18/04/2024","07:30",0.102,0
"503-00000000","צריכה","18/04/2024","07:45",0.118,0
"503-00000000","צריכה","18/04/2024","08:00",0.122,0
"503-00000000","צריכה","18/04/2024","08:15",0.092,0
"503-00000000","צריכה","18/04/2024","08:30",0.085,0
"503-00000000","צריכה","18/04/2024","08:45",0.102,0
"503-00000000","צריכה","18/04/2024","09:00",0.072,0
"503-00000000","צריכה","18/04/2024","09:15",0.061,0
"503-00000000","צריכה","18/04/2024","09:30",0.069,0
"503-00000000","צריכה","18/04/2024","09:45",0.082,0
"503-00000000","צריכה","18/04/2024","10:00",0.075,0
"503-00000000","צריכה","18/04/2024","10:15",0.057,0
"503-00000000","צריכה","18/04/2024","10:30",0.073,0
"503-00000000","צריכה","18/04/2024","10:45",0.058,0
"503-00000000","צריכה","18/04/2024","11:00",0.084,0
"503-00000000","צריכה","18/04/2024","11:15",0.051,0
"503-00000000","צריכה","18/04/2024","11:30",0.052,0
"503-00000000","צריכה","18/04/2024","11:45",0.054,0
"503-00000000","צריכה","18/04/2024","12:00",0.070,0
"503-00000000","צריכה","18/04/2024","12:15",0.079,0
"503-00000000","צריכה","18/04/2024","12:30",0.080,0
"503-00000000","צריכה","18/04/2024","12:45",0.053,0
"503-00000000","צריכה","18/04/2024","13:00",0.073,0
"503-00000000","צריכה","18/04/2024","13:15",0.076,0
"503-00000000","צריכה","18/04/2024","13:30",0.074,0
"503-00000000","צריכה","18/04/2024","13:45",0.058,0
"503-00000000","צריכה","18/04/2024","14:00",0.083,0
"503-00000000","צריכה","18/04/2024","14:15",0.066,0
"503-00000000","צריכה","18/04/2024","14:30",0.074,0
"503-00000000","צריכה","18/04/2024","14:45",0.064,0
"503-00000000","צריכה","18/04/2024","15:00",0.069,0
"503-00000000","צריכה","18/04/2024","15:15",0.072,0
"503-00000000","צריכה","18/04/2024","15:30",0.079,0
"503-00000000","צריכה","18/04/2024","15:45",0.078,0
"503-00000000","צריכה","18/04/2024","16:00",0.084,0
"503-00000000","צריכה","18/04/2024","16:15",0.078,0
"503-00000000","צריכה","18/04/2024","16:30",0.062,0
"503-00000000","צריכה","18/04/2024","16:45",0.082,0
"503-00000000","צריכה","18/04/2024","17:00",0.193,0
"503-00000000","צריכה","18/04/2024","17:15",0.154,0
"503-00000000","צריכה","18/04/2024","17:30",0.174,0
"503-00000000","צריכה","18/04/2024","17:45",0.162,0
"503-00000000","צריכה","18/04/2024","18:00",0.135,0
"503-00000000","צריכה","18/04/2024","18:15",0.214,0
"503-00000000","צריכה","18/04/2024","18:30",0.178,0
"503-00000000","צריכה","18/04/2024","18:45",0.164,0
"503-00000000","צריכה","18/04/2024","19:00",0.196,0
"503-00000000","צריכה","18/04/2024","19:15",0.164,0
"503-00000000","צריכה","18/04/2024","19:30",0.156,0
"503-00000000","צריכה","18/04/2024","19:45",0.207,0
"503-00000000","צריכה","18/04/2024","20:00",0.170,0
"503-00000000","צריכה","18/04/2024","20:15",0.203,0
"503-00000000","צריכה","18/04/2024","20:30",0.151,0
"503-00000000","צריכה","18/04/2024","20:45",0.136,0
"503-00000000","צריכה","18/04/2024","21:00",0.164,0
"503-00000000","צריכה","18/04/2024","21:15",0.152,0
"503-00000000","צריכה","18/04/2024","21:30",0.132,0
"503-00000000","צריכה","18/04/2024","21:45",0.204,0
"503-00000000","צריכה","18/04/2024","22:00",0.152,0
"503-00000000","צריכה","18/04/2024","22:15",0.208,0
"503-00000000","צריכה","18/04/2024","22:30",0.214,0
"503-00000000","צריכה","18/04/2024","22:45",0.146,0
"503-00000000","צריכה","18/04/2024","23:00",0.057,0
"503-00000000","צריכה","18/04/2024","23:15",0.048,0
"503-00000000","צריכה","18/04/2024","23:30",0.044,0
"503-00000000","צריכה","18/04/2024","23:45",0.041,0
"503-00000000","צריכה","19/04/2024","00:00",0.057,0
"503-00000000","צריכה","19/04/2024","00:15",0.040,0
"503-00000000","צריכה","19/04/2024","00:30",0.041,0
"503-00000000","צריכה","19/04/2024","00:45",0.046,0
"503-00000000","צריכה","19/04/2024","01:00",0.061,0
"503-00000000","צריכה","19/04/2024","01:15",0.055,0
"503-00000000","צריכה","19/04/2024","01:30",0.055,0
"503-00000000","צריכה","19/04/2024","01:45",0.062,0
"503-00000000","צריכה","19/04/2024","02:00",0.040,0
"503-00000000","צריכה","19/04/2024","02:15",0.051,0
"503-00000000","צריכה","19/04/2024","02:30",0.061,0
"503-00000000","צריכה","19/04/2024","02:45",0.055,0
"503-00000000","צריכה","19/04/2024","03:00",0.046,0
"503-00000000","צריכה","19/04/2024","03:15",0.047,0
"503-00000000","צריכה","19/04/2024","03:30",0.056,0
"503-00000000","צריכה","19/04/2024","03:45",0.039,0
"503-00000000","צריכה","19/04/2024","04:00",0.060,0
"503-00000000","צריכה","19/04/2024","04:15",0.050,0
"503-00000000","צריכה","19/04/2024","04:30",0.060,0
"503-00000000","צריכה","19/04/2024","04:45",0.043,0
"503-00000000","צריכה","19/04/2024","05:00",0.052,0
"503-00000000","צריכה","19/04/2024","05:15",0.045,0
"503-00000000","צריכה","19/04/2024","05:30",0.046,0
"503-00000000","צריכה","19/04/2024","05:45",0.060,0
"503-00000000","צריכה","19/04/2024","06:00",0.100,0
"503-00000000","צריכה","19/04/2024","06:15",0.125,0
"503-00000000","צריכה","19/04/2024","06:30",0.107,0
"503-00000000","צריכה","19/04/2024","06:45",0.087,0
"503-00000000","צריכה","19/04/2024","07:00",0.082,0
"503-00000000","צריכה","19/04/2024","07:15",0.082,0
"503-00000000","צריכה","19/04/2024","07:30",0.117,0
"503-00000000","צריכה","19/04/2024","07:45",0.125,0
"503-00000000","צריכה","19/04/2024","08:00",0.109,0
"503-00000000","צריכה","19/04/2024","08:15",0.088,0
"503-00000000","צריכה","19/04/2024","08:30",0.084,0
"503-00000000","צריכה","19/04/2024","08:45",0.098,0
"503-00000000","צריכה","19/04/2024","09:00",0.093,0
"503-00000000","צריכה","19/04/2024","09:15",0.144,0
"503-00000000","צריכה","19/04/2024","09:30",0.130,0
"503-00000000","צריכה","19/04/2024","09:45",0.092,0
"503-00000000","צריכה","19/04/2024","10:00",0.144,0
"503-00000000","צריכה","19/04/2024","10:15",0.146,0
"503-00000000","צריכה","19/04/2024","10:30",0.110,0
"503-00000000","צריכה","19/04/2024","10:45",0.118,0
"503-00000000","צריכה","19/04/2024","11:00",0.145,0
"503-00000000","צריכה","19/04/2024","11:15",0.118,0
"503-00000000","צריכה","19/04/2024","11:30",0.137,0
"503-00000000","צריכה","19/04/2024","11:45",0.132,0
"503-00000000","צריכה","19/04/2024","12:00",0.130,0
"503-00000000","צריכה","19/04/2024","12:15",0.091,0
"503-00000000","צריכה","19/04/2024","12:30",0.137,0
"503-00000000","צריכה","19/04/2024","12:45",0.119,0
"503-00000000","צריכה","19/04/2024","13:00",0.127,0
"503-00000000","צריכה","19/04/2024","13:15",0.113,0
"503-00000000","צריכה","19/04/2024","13:30",0.142,0
"503-00000000","צריכה","19/04/2024","13:45",0.135,0
"503-00000000","צריכה","19/04/2024","14:00",0.093,0
"503-00000000","צריכה","19/04/2024","14:15",0.113,0
"503-00000000","צריכה","19/04/2024","14:30",0.126,0
"503-00000000","צריכה","19/04/2024","14:45",0.099,0
"503-00000000","צריכה","19/04/2024","15:00",0.111,0
"503-00000000","צריכה","19/04/2024","15:15",0.132,0
"503-00000000","צריכה","19/04/2024","15:30",0.146,0
"503-00000000","צריכה","19/04/2024","15:45",0.092,0
"503-00000000","צריכה","19/04/2024","16:00",0.107,0
"503-00000000","צריכה","19/04/2024","16:15",0.118,0
"503-00000000","צריכה","19/04/2024","16:30",0.111,0
"503-00000000","צריכה","19/04/2024","16:45",0.100,0
"503-00000000","צריכה","19/04/2024","17:00",0.209,0
"503-00000000","צריכה","19/04/2024","17:15",0.151,0
"503-00000000","צריכה","19/04/2024","17:30",0.162,0
"503-00000000","צריכה","19/04/2024","17:45",0.197,0
"503-00000000","צריכה","19/04/2024","18:00",0.178,0
"503-00000000","צריכה","19/04/2024","18:15",0.214,0
"503-00000000","צריכה","19/04/2024","18:30",0.133,0
"503-00000000","צריכה","19/04/2024","18:45",0.179,0
"503-00000000","צריכה","19/04/2024","19:00",0.184,0
"503-00000000","צריכה","19/04/2024","19:15",0.191,0
"503-00000000","צריכה","19/04/2024","19:30",0.149,0
"503-00000000","צריכה","19/04/2024","19:45",0.152,0
"503-00000000","צריכה","19/04/2024","20:00",0.150,0
"503-00000000","צריכה","19/04/2024","20:15",0.181,0
"503-00000000","צריכה","19/04/2024","20:30",0.167,0
"503-00000000","צריכה","19/04/2024","20:45",0.150,0
"503-00000000","צריכה","19/04/2024","21:00",0.160,0
"503-00000000","צריכה","19/04/2024","21:15",0.166,0
"503-00000000","צריכה","19/04/2024","21:30",0.151,0
"503-00000000","צריכה","19/04/2024","21:45",0.166,0
"503-00000000","צריכה","19/04/2024","22:00",0.177,0
"503-00000000","צריכה","19/04/2024","22:15",0.171,0
"503-00000000","צריכה","19/04/2024","22:30",0.191,0
"503-00000000","צריכה","19/04/2024","22:45",0.144,0
"503-00000000","צריכה","19/04/2024","23:00",0.060,0
"503-00000000","צריכה","19/04/2024","23:15",0.048,0
"503-00000000","צריכה","19/04/2024","23:30",0.051,0
"503-00000000","צריכה","19/04/2024","23:45",0.048,0
"503-00000000","צריכה","20/04/2024","00:00",0.059,0
"503-00000000","צריכה","20/04/2024","00:15",0.046,0
"503-00000000","צריכה","20/04/2024","00:30",0.047,0
"503-00000000","צריכה","20/04/2024","00:45",0.044,0
"503-00000000","צריכה","20/04/2024","01:00",0.041,0
"503-00000000","צריכה","20/04/2024","01:15",0.054,0
"503-00000000","צריכה","20/04/2024","01:30",0.050,0
"503-00000000","צריכה","20/04/2024","01:45",0.059,0
"503-00000000","צריכה","20/04/2024","02:00",0.059,0
"503-00000000","צריכה","20/04/2024","02:15",0.059,0
"503-00000000","צריכה","20/04/2024","02:30",0.053,0
"503-00000000","צריכה","20/04/2024","02:45",0.052,0
"503-00000000","צריכה","20/04/2024","03:00",0.053,0
"503-00000000","צריכה","20/04/2024","03:15",0.055,0
"503-00000000","צריכה","20/04/2024","03:30",0.051,0
"503-00000000","צריכה","20/04/2024","03:45",0.048,0
"503-00000000","צריכה","20/04/2024","04:00",0.047,0
"503-00000000","צריכה","20/04/2024","04:15",0.043,0
"503-00000000","צריכה","20/04/2024","04:30",0.057,0
"503-00000000","צריכה","20/04/2024","04:45",0.055,0
"503-00000000","צריכה","20/04/2024","05:00",0.044,0
"503-00000000","צריכה","20/04/2024","05:15",0.041,0
"503-00000000","צריכה","20/04/2024","05:30",0.061,0
"503-00000000","צריכה","20/04/2024","05:45",0.049,0
"503-00000000","צריכה","20/04/2024","06:00",0.088,0
"503-00000000","צריכה","20/04/2024","06:15",0.102,0
"503-00000000","צריכה","20/04/2024","06:30",0.125,0
"503-00000000","צריכה","20/04/2024","06:45",0.092,0
"503-00000000","צריכה","20/04/2024","07:00",0.084,0
"503-00000000","צריכה","20/04/2024","07:15",0.115,0
"503-00000000","צריכה","20/04/2024","07:30",0.102,0
"503-00000000","צריכה","20/04/2024","07:45",0.107,0
"503-00000000","צריכה","20/04/2024","08:00",0.078,0
"503-00000000","צריכה","20/04/2024","08:15",0.081,0
"503-00000000","צריכה","20/04/2024","08:30",0.083,0
"503-00000000","צריכה","20/04/2024","08:45",0.100,0
"503-00000000","צריכה","20/04/2024","09:00",0.123,0
"503-00000000","צריכה","20/04/2024","09:15",0.127,0
"503-00000000","צריכה","20/04/2024","09:30",0.110,0
"503-00000000","צריכה","20/04/2024","09:45",0.118,0
"503-00000000","צריכה","20/04/2024","10:00",0.095,0
"503-00000000","צריכה","20/04/2024","10:15",0.097,0
"503-00000000","צריכה","20/04/2024","10:30",0.138,0
"503-00000000","צריכה","20/04/2024","10:45",0.124,0
"503-00000000","צריכה","20/04/2024","11:00",0.130,0
"503-00000000","צריכה","20/04/2024","11:15",0.117,0
"503-00000000","צריכה","20/04/2024","11:30",0.089,0
"503-00000000","צריכה","20/04/2024","11:45",0.133,0
"503-00000000","צריכה","20/04/2024","12:00",0.114,0
"503-00000000","צריכה","20/04/2024","12:15",0.093,0
"503-00000000","צריכה","20/04/2024","12:30",0.111,0
"503-00000000","צריכה","20/04/2024","12:45",0.135,0
"503-00000000","צריכה","20/04/2024","13:00",0.134,0
"503-00000000","צריכה","20/04/2024","13:15",0.091,0
"503-00000000","צריכה","20/04/2024","13:30",0.142,0
"503-00000000","צריכה","20/04/2024","13:45",0.135,0
"503-00000000","צריכה","20/04/2024","14:00",0.129,0
"503-00000000","צריכה","20/04/2024","14:15",0.143,0
"503-00000000","צריכה","20/04/2024","14:30",0.132,0
"503-00000000","צריכה","20/04/2024","14:45",0.094,0
"503-00000000","צריכה","20/04/2024","15:00",0.118,0
"503-00000000","צריכה","20/04/2024","15:15",0.129,0
"503-00000000","צריכה","20/04/2024","15:30",0.101,0
"503-00000000","צריכה","20/04/2024","15:45",0.123,0
"503-00000000","צריכה","20/04/2024","16:00",0.099,0
"503-00000000","צריכה","20/04/2024","16:15",0.102,0
"503-00000000","צריכה","20/04/2024","16:30",0.094,0
"503-00000000","צריכה","20/04/2024","16:45",0.094,0
"503-00000000","צריכה","20/04/2024","17:00",0.142,0
"503-00000000","צריכה","20/04/2024","17:15",0.180,0
"503-00000000","צריכה","20/04/2024","17:30",0.175,0
"503-00000000","צריכה","20/04/2024","17:45",0.160,0
"503-00000000","צריכה","20/04/2024","18:00",0.168,0
"503-00000000","צריכה","20/04/2024","18:15",0.188,0
"503-00000000","צריכה","20/04/2024","18:30",0.198,0
"503-00000000","צריכה","20/04/2024","18:45",0.185,0
"503-00000000","צריכה","20/04/2024","19:00",0.154,0
"503-00000000","צריכה","20/04/2024","19:15",0.192,0
"503-00000000","צריכה","20/04/2024","19:30",0.173,0
"503-00000000","צריכה","20/04/2024","19:45",0.156,0
"503-00000000","צריכה","20/04/2024","20:00",0.195,0
"503-00000000","צריכה","20/04/2024","20:15",0.203,0
"503-00000000","צריכה","20/04/2024","20:30",0.172,0
"503-00000000","צריכה","20/04/2024","20:45",0.132,0
"503-00000000","צריכה","20/04/2024","21:00",0.167,0
"503-00000000","צריכה","20/04/2024","21:15",0.160,0
"503-00000000","צריכה","20/04/2024","21:30",0.216,0
"503-00000000","צריכה","20/04/2024","21:45",0.184,0
"503-00000000","צריכה","20/04/2024","22:00",0.209,0
"503-00000000","צריכה","20/04/2024","22:15",0.176,0
"503-00000000","צריכה","20/04/2024","22:30",0.159,0
"503-00000000","צריכה","20/04/2024","22:45",0.194,0
"503-00000000","צריכה","20/04/2024","23:00",0.043,0
"503-00000000","צריכה","20/04/2024","23:15",0.050,0
"503-00000000","צריכה","20/04/2024","23:30",0.044,0
"503-00000000","צריכה","20/04/2024","23:45",0.058,0
"503-00000000","צריכה","21/04/2024","00:00",0.059,0
"503-00000000","צריכה","21/04/2024","00:15",0.056,0
"503-00000000","צריכה","21/04/2024","00:30",0.038,0
"503-00000000","צריכה","21/04/2024","00:45",0.044,0
"503-00000000","צריכה","21/04/2024","01:00",0.055,0
"503-00000000","צריכה","21/04/2024","01:15",0.046,0
"503-00000000","צריכה","21/04/2024","01:30",0.040,0
"503-00000000","צריכה","21/04/2024","01:45",0.058,0
"503-00000000","צריכה","21/04/2024","02:00",0.038,0
"503-00000000","צריכה","21/04/2024","02:15",0.056,0
"503-00000000","צריכה","21/04/2024","02:30",0.056,0
"503-00000000","צריכה","21/04/2024","02:45",0.058,0
"503-00000000","צריכה","21/04/2024","03:00",0.058,0
"503-00000000","צריכה","21/04/2024","03:15",0.041,0
"503-00000000","צריכה","21/04/2024","03:30",0.046,0
"503-00000000","צריכה","21/04/2024","03:45",0.045,0
"503-00000000","צריכה","21/04/2024","04:00",0.057,0
"503-00000000","צריכה","21/04/2024","04:15",0.041,0
"503-00000000","צריכה","21/04/2024","04:30",0.043,0
"503-00000000","צריכה","21/04/2024","04:45",0.044,0
"503-00000000","צריכה","21/04/2024","05:00",0.042,0
"503-00000000","צריכה","21/04/2024","05:15",0.059,0
"503-00000000","צריכה","21/04/2024","05:30",0.038,0
"503-00000000","צריכה","21/04/2024","05:45",0.046,0
"503-00000000","צריכה","21/04/2024","06:00",0.120,0
"503-00000000","צריכה","21/04/2024","06:15",0.102,0
"503-00000000","צריכה","21/04/2024","06:30",0.105,0
"503-00000000","צריכה","21/04/2024","06:45",0.093,0
"503-00000000","צריכה","21/04/2024","07:00",0.124,0
"503-00000000","צריכה","21/04/2024","07:15",0.093,0
"503-00000000","צריכה","21/04/2024","07:30",0.102,0
"503-00000000","צריכה","21/04/2024","07:45",0.090,0
"503-00000000","צריכה","21/04/2024","08:00",0.120,0
"503-00000000","צריכה","21/04/2024","08:15",0.123,0
"503-00000000","צריכה","21/04/2024","08:30",0.113,0
"503-00000000","צריכה","21/04/2024","08:45",0.080,0
"503-00000000","צריכה","21/04/2024","09:00",0.078,0
"503-00000000","צריכה","21/04/2024","09:15",0.074,0
"503-00000000","צריכה","21/04/2024","09:30",0.060,0
"503-00000000","צריכה","21/04/2024","09:45",0.072,0
"503-00000000","צריכה","21/04/2024","10:00",0.063,0
"503-00000000","צריכה","21/04/2024","10:15",0.051,0
"503-00000000","צריכה","21/04/2024","10:30",0.069,0
"503-00000000","צריכה","21/04/2024","10:45",0.052,0
"503-00000000","צריכה","21/04/2024","11:00",0.070,0
"503-00000000","צריכה","21/04/2024","11:15",0.053,0
"503-00000000","צריכה","21/04/2024","11:30",0.062,0
"503-00000000","צריכה","21/04/2024","11:45",0.061,0
"503-00000000","צריכה","21/04/2024","12:00",0.077,0
"503-00000000","צריכה","21/04/2024","12:15",0.075,0
"503-00000000","צריכה","21/04/2024","12:30",0.071,0
"503-00000000","צריכה","21/04/2024","12:45",0.051,0
"503-00000000","צריכה","21/04/2024","13:00",0.078,0
"503-00000000","צריכה","21/04/2024","13:15",0.066,0
"503-00000000","צריכה","21/04/2024","13:30",0.057,0
"503-00000000","צריכה","21/04/2024","13:45",0.084,0
"503-00000000","צריכה","21/04/2024","14:00",0.073,0
"503-00000000","צריכה","21/04/2024","14:15",0.069,0
"503-00000000","צריכה","21/04/2024","14:30",0.051,0
"503-00000000","צריכה","21/04/2024","14:45",0.062,0
"503-00000000","צריכה","21/04/2024","15:00",0.065,0
"503-00000000","צריכה","21/04/2024","15:15",0.074,0
"503-00000000","צריכה","21/04/2024","15:30",0.079,0
"503-00000000","צריכה","21/04/2024","15:45",0.061,0
"503-00000000","צריכה","21/04/2024","16:00",0.075,0
"503-00000000","צריכה","21/04/2024","16:15",0.070,0
"503-00000000","צריכה","21/04/2024","16:30",0.057,0
"503-00000000","צריכה","21/04/2024","16:45",0.072,0
"503-00000000","צריכה","21/04/2024","17:00",0.199,0
"503-00000000","צריכה","21/04/2024","17:15",0.187,0
"503-00000000","צריכה","21/04/2024","17:30",0.195,0
"503-00000000","צריכה","21/04/2024","17:45",0.149,0
"503-00000000","צריכה","21/04/2024","18:00",0.141,0
"503-00000000","צריכה","21/04/2024","18:15",0.200,0
"503-00000000","צריכה","21/04/2024","18:30",0.148,0
"503-00000000","צריכה","21/04/2024","18:45",0.165,0
"503-00000000","צריכה","21/04/2024","19:00",0.165,0
"503-00000000","צריכה","21/04/2024","19:15",0.160,0
"503-00000000","צריכה","21/04/2024","19:30",0.177,0
"503-00000000","צריכה","21/04/2024","19:45",0.141,0
"503-00000000","צריכה","21/04/2024","20:00",0.175,0
"503-00000000","צריכה","21/04/2024","20:15",0.191,0
"503-00000000","צריכה","21/04/2024","20:30",0.212,0
"503-00000000","צריכה","21/04/2024","20:45",0.144,0
"503-00000000","צריכה","21/04/2024","21:00",0.158,0
"503-00000000","צריכה","21/04/2024","21:15",0.211,0
"503-00000000","צריכה","21/04/2024","21:30",0.215,0
"503-00000000","צריכה","21/04/2024","21:45",0.176,0
"503-00000000","צריכה","21/04/2024","22:00",0.196,0
"503-00000000","צריכה","21/04/2024","22:15",0.157,0
"503-00000000","צריכה","21/04/2024","22:30",0.200,0
"503-00000000","צריכה","21/04/2024","22:45",0.149,0
"503-00000000","צריכה","21/04/2024","23:00",0.056,0
"503-00000000","צריכה","21/04/2024","23:15",0.038,0
"503-00000000","צריכה","21/04/2024","23:30",0.059,0
"503-00000000","צריכה","21/04/2024","23:45",0.056,0
"503-00000000","צריכה","22/04/2024","00:00",0.042,0
"503-00000000","צריכה","22/04/2024","00:15",0.050,0
"503-00000000","צריכה","22/04/2024","00:30",0.040,0
"503-00000000","צריכה","22/04/2024","00:45",0.056,0
"503-00000000","צריכה","22/04/2024","01:00",0.050,0
"503-00000000","צריכה","22/04/2024","01:15",0.048,0
"503-00000000","צריכה","22/04/2024","01:30",0.056,0
"503-00000000","צריכה","22/04/2024","01:45",0.040,0
"503-00000000","צריכה","22/04/2024","02:00",0.061,0
"503-00000000","צריכה","22/04/2024","02:15",0.040,0
"503-00000000","צריכה","22/04/2024","02:30",0.059,0
"503-00000000","צריכה","22/04/2024","02:45",0.061,0
"503-00000000","צריכה","22/04/2024","03:00",0.061,0
"503-00000000","צריכה","22/04/2024","03:15",0.056,0
"503-00000000","צריכה","22/04/2024","03:30",0.045,0
"503-00000000","צריכה","22/04/2024","03:45",0.059,0
"503-00000000","צריכה","22/04/2024","04:00",0.042,0
"503-00000000","צריכה","22/04/2024","04:15",0.038,0
"503-00000000","צריכה","22/04/2024","04:30",0.056,0
"503-00000000","צריכה","22/04/2024","04:45",0.062,0
"503-00000000","צריכה","22/04/2024","05:00",0.047,0
"503-00000000","צריכה","22/04/2024","05:15",0.062,0
"503-00000000","צריכה","22/04/2024","05:30",0.054,0
"503-00000000","צריכה","22/04/2024","05:45",0.038,0
"503-00000000","צריכה","22/04/2024","06:00",0.113,0
"503-00000000","צריכה","22/04/2024","06:15",0.106,0
"503-00000000","צריכה","22/04/2024","06:30",0.100,0
"503-00000000","צריכה","22/04/2024","06:45",0.120,0
"503-00000000","צריכה","22/04/2024","07:00",0.106,0
"503-00000000","צריכה","22/04/2024","07:15",0.078,0
"503-00000000","צריכה","22/04/2024","07:30",0.107,0
"503-00000000","צריכה","22/04/2024","07:45",0.115,0
"503-00000000","צריכה","22/04/2024","08:00",0.096,0
"503-00000000","צריכה","22/04/2024","08:15",0.118,0
"503-00000000","צריכה","22/04/2024","08:30",0.109,0
"503-00000000","צריכה","22/04/2024","08:45",0.116,0
"503-00000000","צריכה","22/04/2024","09:00",0.057,0
"503-00000000","צריכה","22/04/2024","09:15",0.051,0
"503-00000000","צריכה","22/04/2024","09:30",0.051,0
"503-00000000","צריכה","22/04/2024","09:45",0.053,0
"503-00000000","צריכה","22/04/2024","10:00",0.060,0
"503-00000000","צריכה","22/04/2024","10:15",0.060,0
"503-00000000","צריכה","22/04/2024","10:30",0.068,0
"503-00000000","צריכה","22/04/2024","10:45",0.076,0
"503-00000000","צריכה","22/04/2024","11:00",0.059,0
"503-00000000","צריכה","22/04/2024","11:15",0.068,0
"503-00000000","צריכה","22/04/2024","11:30",0.078,0
"503-00000000","צריכה","22/04/2024","11:45",0.067,0
"503-00000000","צריכה","22/04/2024","12:00",0.081,0
"503-00000000","צריכה","22/04/2024","12:15",0.084,0
"503-00000000","צריכה","22/04/2024","12:30",0.070,0
"503-00000000","צריכה","22/04/2024","12:45",0.055,0
"503-00000000","צריכה","22/04/2024","13:00",0.063,0
"503-00000000","צריכה","22/04/2024","13:15",0.065,0
"503-00000000","צריכה","22/04/2024","13:30",0.072,0
"503-00000000","צריכה","22/04/2024","13:45",0.069,0
"503-00000000","צריכה","22/04/2024","14:00",0.060,0
"503-00000000","צריכה","22/04/2024","14:15",0.066,0
"503-00000000","צריכה","22/04/2024","14:30",0.056,0
"503-00000000","צריכה","22/04/2024","14:45",0.053,0
"503-00000000","צריכה","22/04/2024","15:00",0.057,0
"503-00000000","צריכה","22/04/2024","15:15",0.058,0
"503-00000000","צריכה","22/04/2024","15:30",0.078,0
"503-00000000","צריכה","22/04/2024","15:45",0.053,0
"503-00000000","צריכה","22/04/2024","16:00",0.059,0
"503-00000000","צריכה","22/04/2024","16:15",0.080,0
"503-00000000","צריכה","22/04/2024","16:30",0.080,0
"503-00000000","צריכה","22/04/2024","16:45",0.073,0
"503-00000000","צריכה","22/04/2024","17:00",0.193,0
"503-00000000","צריכה","22/04/2024","17:15",0.202,0
"503-00000000","צריכה","22/04/2024","17:30",0.207,0
"503-00000000","צריכה","22/04/2024","17:45",0.140,0
"503-00000000","צריכה","22/04/2024","18:00",0.161,0
"503-00000000","צריכה","22/04/2024","18:15",0.208,0
"503-00000000","צריכה","22/04/2024","18:30",0.159,0
"503-00000000","צריכה","22/04/2024","18:45",0.136,0
"503-00000000","צריכה","22/04/2024","19:00",0.162,0
"503-00000000","צריכה","22/04/2024","19:15",0.167,0
"503-00000000","צריכה","22/04/2024","19:30",0.174,0
"503-00000000","צריכה","22/04/2024","19:45",0.153,0
"503-00000000","צריכה","22/04/2024","20:00",0.152,0
"503-00000000","צריכה","22/04/2024","20:15",0.194,0
"503-00000000","צריכה","22/04/2024","20:30",0.204,0
"503-00000000","צריכה","22/04/2024","20:45",0.204,0
"503-00000000","צריכה","22/04/2024","21:00",0.211,0
"503-00000000","צריכה","22/04/2024","21:15",0.150,0
"503-00000000","צריכה","22/04/2024","21:30",0.146,0
"503-00000000","צריכה","22/04/2024","21:45",0.141,0
"503-00000000","צריכה","22/04/2024","22:00",0.188,0
"503-00000000","צריכה","22/04/2024","22:15",0.146,0
"503-00000000","צריכה","22/04/2024","22:30",0.142,0
"503-00000000","צריכה","22/04/2024","22:45",0.199,0
"503-00000000","צריכה","22/04/2024","23:00",0.054,0
"503-00000000","צריכה","22/04/2024","23:15",0.055,0
"503-00000000","צריכה","22/04/2024","23:30",0.041,0
"503-00000000","צריכה","22/04/2024","23:45",0.056,0
"503-00000000","צריכה","23/04/2024","00:00",0.039,0
"503-00000000","צריכה","23/04/2024","00:15",0.044,0
"503-00000000","צריכה","23/04/2024","00:30",0.042,0
"503-00000000","צריכה","23/04/2024","00:45",0.046,0
"503-00000000","צריכה","23/04/2024","01:00",0.042,0
"503-00000000","צריכה","23/04/2024","01:15",0.046,0
"503-00000000","צריכה","23/04/2024","01:30",0.047,0
"503-00000000","צריכה","23/04/2024","01:45",0.058,0
"503-00000000","צריכה","23/04/2024","02:00",0.044,0
"503-00000000","צריכה","23/04/2024","02:15",0.046,0
"503-00000000","צריכה","23/04/2024","02:30",0.060,0
"503-00000000","צריכה","23/04/2024","02:45",0.041,0
"503-00000000","צריכה","23/04/2024","03:00",0.039,0
"503-00000000","צריכה","23/04/2024","03:15",0.052,0
"503-00000000","צריכה","23/04/2024","03:30",0.059,0
"503-00000000","צריכה","23/04/2024","03:45",0.038,0
"503-00000000","צריכה","23/04/2024","04:00",0.060,0
"503-00000000","צריכה","23/04/2024","04:15",0.056,0
"503-00000000","צריכה","23/04/2024","04:30",0.060,0
"503-00000000","צריכה","23/04/2024","04:45",0.055,0
"503-00000000","צריכה","23/04/2024","05:00",0.062,0
"503-00000000","צריכה","23/04/2024","05:15",0.059,0
"503-00000000","צריכה","23/04/2024","05:30",0.049,0
"503-00000000","צריכה","23/04/2024","05:45",0.059,0
"503-00000000","צריכה","23/04/2024","06:00",0.077,0
"503-00000000","צריכה","23/04/2024","06:15",0.079,0
"503-00000000","צריכה","23/04/2024","06:30",0.108,0
"503-00000000","צריכה","23/04/2024","06:45",0.083,0
"503-00000000","צריכה","23/04/2024","07:00",0.098,0
"503-00000000","צריכה","23/04/2024","07:15",0.096,0
"503-00000000","צריכה","23/04/2024","07:30",0.095,0
"503-00000000","צריכה","23/04/2024","07:45",0.102,0
"503-00000000","צריכה","23/04/2024","08:00",0.101,0
"503-00000000","צריכה","23/04/2024","08:15",0.087,0
"503-00000000","צריכה","23/04/2024","08:30",0.093,0
"503-00000000","צריכה","23/04/2024","08:45",0.090,0
"503-00000000","צריכה","23/04/2024","09:00",0.078,0
"503-00000000","צריכה","23/04/2024","09:15",0.069,0
"503-00000000","צריכה","23/04/2024","09:30",0.080,0
"503-00000000","צריכה","23/04/2024","09:45",0.069,0
"503-00000000","צריכה","23/04/2024","10:00",0.076,0
"503-00000000","צריכה","23/04/2024","10:15",0.055,0
"503-00000000","צריכה","23/04/2024","10:30",0.059,0
"503-00000000","צריכה","23/04/2024","10:45",0.065,0
"503-00000000","צריכה","23/04/2024","11:00",0.065,0
"503-00000000","צריכה","23/04/2024","11:15",0.068,0
"503-00000000","צריכה","23/04/2024","11:30",0.080,0
"503-00000000","צריכה","23/04/2024","11:45",0.058,0
"503-00000000","צריכה","23/04/2024","12:00",0.072,0
"503-00000000","צריכה","23/04/2024","12:15",0.076,0
"503-00000000","צריכה","23/04/2024","12:30",0.056,0
"503-00000000","צריכה","23/04/2024","12:45",0.073,0
"503-00000000","צריכה","23/04/2024","13:00",0.080,0
"503-00000000","צריכה","23/04/2024","13:15",0.081,0
"503-00000000","צריכה","23/04/2024","13:30",0.070,0
"503-00000000","צריכה","23/04/2024","13:45",0.073,0
"503-00000000","צריכה","23/04/2024","14:00",0.084,0
"503-00000000","צריכה","23/04/2024","14:15",0.068,0
"503-00000000","צריכה","23/04/2024","14:30",0.067,0
"503-00000000","צריכה","23/04/2024","14:45",0.060,0
"503-00000000","צריכה","23/04/2024","15:00",0.061,0
"503-00000000","צריכה","23/04/2024","15:15",0.084,0
"503-00000000","צריכה","23/04/2024","15:30",0.081,0
"503-00000000","צריכה","23/04/2024","15:45",0.064,0
"503-00000000","צריכה","23/04/2024","16:00",0.054,0
"503-00000000","צריכה","23/04/2024","16:15",0.083,0
"503-00000000","צריכה","23/04/2024","16:30",0.073,0
"503-00000000","צריכה","23/04/2024","16:45",0.064,0
"503-00000000","צריכה","23/04/2024","17:00",0.190,0
"503-00000000","צריכה","23/04/2024","17:15",0.195,0
"503-00000000","צריכה","23/04/2024","17:30",0.162,0
"503-00000000","צריכה","23/04/2024","17:45",0.146,0
"503-00000000","צריכה","23/04/2024","18:00",0.157,0
"503-00000000","צריכה","23/04/2024","18:15",0.163,0
"503-00000000","צריכה","23/04/2024","18:30",0.195,0
"503-00000000","צריכה","23/04/2024","18:45",0.209,0
"503-00000000","צריכה","23/04/2024","19:00",0.195,0
"503-00000000","צריכה","23/04/2024","19:15",0.143,0
"503-00000000","צריכה","23/04/2024","19:30",0.206,0
"503-00000000","צריכה","23/04/2024","19:45",0.147,0
"503-00000000","צריכה","23/04/2024","20:00",0.147,0
"503-00000000","צריכה","23/04/2024","20:15",0.134,0
"503-00000000","צריכה","23/04/2024","20:30",0.213,0
"503-00000000","צריכה","23/04/2024","20:45",0.207,0
"503-00000000","צריכה","23/04/2024","21:00",0.192,0
"503-00000000","צריכה","23/04/2024","21:15",0.193,0
"503-00000000","צריכה","23/04/2024","21:30",0.207,0
"503-00000000","צריכה","23/04/2024","21:45",0.136,0
"503-00000000","צריכה","23/04/2024","22:00",0.207,0
"503-00000000","צריכה","23/04/2024","22:15",0.141,0
"503-00000000","צריכה","23/04/2024","22:30",0.189,0
"503-00000000","צריכה","23/04/2024","22:45",0.202,0
"503-00000000","צריכה","23/04/2024","23:00",0.050,0
"503-00000000","צריכה","23/04/2024","23:15",0.039,0
"503-00000000","צריכה","23/04/2024","23:30",0.041,0
"503-00000000","צריכה","23/04/2024","23:45",0.039,0
"503-00000000","צריכה","24/04/2024","00:00",0.061,0
"503-00000000","צריכה","24/04/2024","00:15",0.043,0
"503-00000000","צריכה","24/04/2024","00:30",0.053,0
"503-00000000","צריכה","24/04/2024","00:45",0.048,0
"503-00000000","צריכה","24/04/2024","01:00",0.052,0
"503-00000000","צריכה","24/04/2024","01:15",0.041,0
"503-00000000","צריכה","24/04/2024","01:30",0.046,0
"503-00000000","צריכה","24/04/2024","01:45",0.042,0
"503-00000000","צריכה","24/04/2024","02:00",0.054,0
"503-00000000","צריכה","24/04/2024","02:15",0.051,0
"503-00000000","צריכה","24/04/2024","02:30",0.041,0
"503-00000000","צריכה","24/04/2024","02:45",0.040,0
"503-00000000","צריכה","24/04/2024","03:00",0.057,0
"503-00000000","צריכה","24/04/2024","03:15",0.039,0
"503-00000000","צריכה","24/04/2024","03:30",0.062,0
"503-00000000","צריכה","24/04/2024","03:45",0.056,0
"503-00000000","צריכה","24/04/2024","04:00",0.053,0
"503-00000000","צריכה","24/04/2024","04:15",0.058,0
"503-00000000","צריכה","24/04/2024","04:30",0.041,0
"503-00000000","צריכה","24/04/2024","04:45",0.041,0
"503-00000000","צריכה","24/04/2024","05:00",0.061,0
"503-00000000","צריכה","24/04/2024","05:15",0.046,0
"503-00000000","צריכה","24/04/2024","05:30",0.045,0
"503-00000000","צריכה","24/04/2024","05:45",0.046,0
"503-00000000","צריכה","24/04/2024","06:00",0.096,0
"503-00000000","צריכה","24/04/2024","06:15",0.083,0
"503-00000000","צריכה","24/04/2024","06:30",0.090,0
"503-00000000","צריכה","24/04/2024","06:45",0.099,0
"503-00000000","צריכה","24/04/2024","07:00",0.089,0
"503-00000000","צריכה","24/04/2024","07:15",0.104,0
"503-00000000","צריכה","24/04/2024","07:30",0.080,0
"503-00000000","צריכה","24/04/2024","07:45",0.079,0
"503-00000000","צריכה","24/04/2024","08:00",0.118,0
"503-00000000","צריכה","24/04/2024","08:15",0.120,0
"503-00000000","צריכה","24/04/2024","08:30",0.105,0
"503-00000000","צריכה","24/04/2024","08:45",0.087,0
"503-00000000","צריכה","24/04/2024","09:00",0.081,0
"503-00000000","צריכה","24/04/2024","09:15",0.058,0
"503-00000000","צריכה","24/04/2024","09:30",0.076,0
"503-00000000","צריכה","24/04/2024","09:45",0.078,0
"503-00000000","צריכה","24/04/2024","10:00",0.057,0
"503-00000000","צריכה","24/04/2024","10:15",0.069,0
"503-00000000","צריכה","24/04/2024","10:30",0.064,0
"503-00000000","צריכה","24/04/2024","10:45",0.065,0
"503-00000000","צריכה","24/04/2024","11:00",0.057,0
"503-00000000","צריכה","24/04/2024","11:15",0.082,0
"503-00000000","צריכה","24/04/2024","11:30",0.071,0
"503-00000000","צריכה","24/04/2024","11:45",0.065,0
"503-00000000","צריכה","24/04/2024","12:00",0.052,0
"503-00000000","צריכה","24/04/2024","12:15",0.056,0
"503-00000000","צריכה","24/04/2024","12:30",0.080,0
"503-00000000","צריכה","24/04/2024","12:45",0.059,0
"503-00000000","צריכה","24/04/2024","13:00",0.078,0
"503-00000000","צריכה","24/04/2024","13:15",0.082,0
"503-00000000","צריכה","24/04/2024","13:30",0.079,0
"503-00000000","צריכה","24/04/2024","13:45",0.053,0
"503-00000000","צריכה","24/04/2024","14:00",0.070,0
"503-00000000","צריכה","24/04/2024","14:15",0.065,0
"503-00000000","צריכה","24/04/2024","14:30",0.054,0
"503-00000000","צריכה","24/04/2024","14:45",0.069,0
"503-00000000","צריכה","24/04/2024","15:00",0.053,0
"503-00000000","צריכה","24/04/2024","15:15",0.081,0
"503-00000000","צריכה","24/04/2024","15:30",0.054,0
"503-00000000","צריכה","24/04/2024","15:45",0.080,0
"503-00000000","צריכה","24/04/2024","16:00",0.055,0
"503-00000000","צריכה","24/04/2024","16:15",0.076,0
"503-00000000","צריכה","24/04/2024","16:30",0.059,0
"503-00000000","צריכה","24/04/2024","16:45",0.070,0
"503-00000000","צריכה","24/04/2024","17:00",0.132,0
"503-00000000","צריכה","24/04/2024","17:15",0.217,0
"503-00000000","צריכה","24/04/2024","17:30",0.218,0
"503-00000000","צריכה","24/04/2024","17:45",0.196,0
"503-00000000","צריכה","24/04/2024","18:00",0.181,0
"503-00000000","צריכה","24/04/2024","18:15",0.205,0
"503-00000000","צריכה","24/04/2024","18:30",0.183,0
"503-00000000","צריכה","24/04/2024","18:45",0.137,0
"503-00000000","צריכה","24/04/2024","19:00",0.163,0
"503-00000000","צריכה","24/04/2024","19:15",0.141,0
"503-00000000","צריכה","24/04/2024","19:30",0.205,0
"503-00000000","צריכה","24/04/2024","19:45",0.208,0
"503-00000000","צריכה","24/04/2024","20:00",0.148,0
"503-00000000","צריכה","24/04/2024","20:15",0.184,0
"503-00000000","צריכה","24/04/2024","20:30",0.158,0
"503-00000000","צריכה","24/04/2024","20:45",0.200,0
"503-00000000","צריכה","24/04/2024","21:00",0.215,0
"503-00000000","צריכה","24/04/2024","21:15",0.134,0
"503-00000000","צריכה","24/04/2024","21:30",0.213,0
"503-00000000","צריכה","24/04/2024","21:45",0.171,0
"503-00000000","צריכה","24/04/2024","22:00",0.185,0
"503-00000000","צריכה","24/04/2024","22:15",0.153,0
"503-00000000","צריכה","24/04/2024","22:30",0.203,0
"503-00000000","צריכה","24/04/2024","22:45",0.159,0
"503-00000000","צריכה","24/04/2024","23:00",0.049,0
"503-00000000","צריכה","24/04/2024","23:15",0.042,0
"503-00000000","צריכה","24/04/2024","23:30",0.050,0
"503-00000000","צריכה","24/04/2024","23:45",0.051,0
"503-00000000","צריכה","25/04/2024","00:00",0.042,0
"503-00000000","צריכה","25/04/2024","00:15",0.060,0
"503-00000000","צריכה","25/04/2024","00:30",0.054,0
"503-00000000","צריכה","25/04/2024","00:45",0.040,0
"503-00000000","צריכה","25/04/2024","01:00",0.046,0
"503-00000000","צריכה","25/04/2024","01:15",0.055,0
"503-00000000","צריכה","25/04/2024","01:30",0.044,0
"503-00000000","צריכה","25/04/2024","01:45",0.059,0
"503-00000000","צריכה","25/04/2024","02:00",0.052,0
"503-00000000","צריכה","25/04/2024","02:15",0.057,0
"503-00000000","צריכה","25/04/2024","02:30",0.054,0
"503-00000000","צריכה","25/04/2024","02:45",0.050,0
"503-00000000","צריכה","25/04/2024","03:00",0.038,0
"503-00000000","צריכה","25/04/2024","03:15",0.048,0
"503-00000000","צריכה","25/04/2024","03:30",0.058,0
"503-00000000","צריכה","25/04/2024","03:45",0.041,0
"503-00000000","צריכה","25/04/2024","04:00",0.046,0
"503-00000000","צריכה","25/04/2024","04:15",0.058,0
"503-00000000","צריכה","25/04/2024","04:30",0.041,0
"503-00000000","צריכה","25/04/2024","04:45",0.062,0
"503-00000000","צריכה","25/04/2024","05:00",0.038,0
"503-00000000","צריכה","25/04/2024","05:15",0.053,0
"503-00000000","צריכה","25/04/2024","05:30",0.058,0
"503-00000000","צריכה","25/04/2024","05:45",0.062,0
"503-00000000","צריכה","25/04/2024","06:00",0.079,0
"503-00000000","צריכה","25/04/2024","06:15",0.112,0
"503-00000000","צריכה","25/04/2024","06:30",0.106,0
"503-00000000","צריכה","25/04/2024","06:45",0.112,0
"503-00000000","צריכה","25/04/2024","07:00",0.080,0
"503-00000000","צריכה","25/04/2024","07:15",0.113,0
"503-00000000","צריכה","25/04/2024","07:30",0.108,0
"503-00000000","צריכה","25/04/2024","07:45",0.077,0
"503-00000000","צריכה","25/04/2024","08:00",0.086,0
"503-00000000","צריכה","25/04/2024","08:15",0.082,0
"503-00000000","צריכה","25/04/2024","08:30",0.094,0
"503-00000000","צריכה","25/04/2024","08:45",0.084,0
"503-00000000","צריכה","25/04/2024","09:00",0.067,0
"503-00000000","צריכה","25/04/2024","09:15",0.064,0
"503-00000000","צריכה","25/04/2024","09:30",0.064,0
"503-00000000","צריכה","25/04/2024","09:45",0.053,0
"503-00000000","צריכה","25/04/2024","10:00",0.075,0
"503-00000000","צריכה","25/04/2024","10:15",0.055,0
"503-00000000","צריכה","25/04/2024","10:30",0.054,0
"503-00000000","צריכה","25/04/2024","10:45",0.070,0
"503-00000000","צריכה","25/04/2024","11:00",0.054,0
"503-00000000","צריכה","25/04/2024","11:15",0.081,0
"503-00000000","צריכה","25/04/2024","11:30",0.062,0
"503-00000000","צריכה","25/04/2024","11:45",0.065,0
"503-00000000","צריכה","25/04/2024","12:00",0.065,0
"503-00000000","צריכה","25/04/2024","12:15",0.076,0
"503-00000000","צריכה","25/04/2024","12:30",0.067,0
"503-00000000","צריכה","25/04/2024","12:45",0.082,0
"503-00000000","צריכה","25/04/2024","13:00",0.058,0
"503-00000000","צריכה","25/04/2024","13:15",0.069,0
"503-00000000","צריכה","25/04/2024","13:30",0.077,0
"503-00000000","צריכה","25/04/2024","13:45",0.051,0
"503-00000000","צריכה","25/04/2024","14:00",0.055,0
"503-00000000","צריכה","25/04/2024","14:15",0.078,0
"503-00000000","צריכה","25/04/2024","14:30",0.063,0
"503-00000000","צריכה","25/04/2024","14:45",0.063,0
"503-00000000","צריכה","25/04/2024","15:00",0.055,0
"503-00000000","צריכה","25/04/2024","15:15",0.062,0
"503-00000000","צריכה","25/04/2024","15:30",0.081,0
"503-00000000","צריכה","25/04/2024","15:45",0.082,0
"503-00000000","צריכה","25/04/2024","16:00",0.076,0
"503-00000000","צריכה","25/04/2024","16:15",0.052,0
"503-00000000","צריכה","25/04/2024","16:30",0.079,0
"503-00000000","צריכה","25/04/2024","16:45",0.058,0
"503-00000000","צריכה","25/04/2024","17:00",0.197,0
"503-00000000","צריכה","25/04/2024","17:15",0.196,0
"503-00000000","צריכה","25/04/2024","17:30",0.215,0
"503-00000000","צריכה","25/04/2024","17:45",0.135,0
"503-00000000","צריכה","25/04/2024","18:00",0.201,0
"503-00000000","צריכה","25/04/2024","18:15",0.148,0
"503-00000000","צריכה","25/04/2024","18:30",0.172,0
"503-00000000","צריכה","25/04/2024","18:45",0.151,0
"503-00000000","צריכה","25/04/2024","19:00",0.182,0
"503-00000000","צריכה","25/04/2024","19:15",0.145,0
"503-00000000","צריכה","25/04/2024","19:30",0.217,0
"503-00000000","צריכה","25/04/2024","19:45",0.212,0
"503-00000000","צריכה","25/04/2024","20:00",0.146,0
"503-00000000","צריכה","25/04/2024","20:15",0.134,0
"503-00000000","צריכה","25/04/2024","20:30",0.166,0
"503-00000000","צריכה","25/04/2024","20:45",0.159,0
"503-00000000","צריכה","25/04/2024","21:00",0.144,0
"503-00000000","צריכה","25/04/2024","21:15",0.176,0
"503-00000000","צריכה","25/04/2024","21:30",0.155,0
"503-00000000","צריכה","25/04/2024","21:45",0.193,0
"503-00000000","צריכה","25/04/2024","22:00",0.150,0
"503-00000000","צריכה","25/04/2024","22:15",0.137,0
"503-00000000","צריכה","25/04/2024","22:30",0.161,0
"503-00000000","צריכה","25/04/2024","22:45",0.147,0
"503-00000000","צריכה","25/04/2024","23:00",0.056,0
"503-00000000","צריכה","25/04/2024","23:15",0.040,0
"503-00000000","צריכה","25/04/2024","23:30",0.056,0
"503-00000000","צריכה","25/04/2024","23:45",0.043,0
"503-00000000","צריכה","26/04/2024","00:00",0.054,0
"503-00000000","צריכה","26/04/2024","00:15",0.061,0
"503-00000000","צריכה","26/04/2024","00:30",0.052,0
"503-00000000","צריכה","26/04/2024","00:45",0.046,0
"503-00000000","צריכה","26/04/2024","01:00",0.054,0
"503-00000000","צריכה","26/04/2024","01:15",0.044,0
"503-00000000","צריכה","26/04/2024","01:30",0.058,0
"503-00000000","צריכה","26/04/2024","01:45",0.039,0
"503-00000000","צריכה","26/04/2024","02:00",0.046,0
"503-00000000","צריכה","26/04/2024","02:15",0.057,0
"503-00000000","צריכה","26/04/2024","02:30",0.047,0
"503-00000000","צריכה","26/04/2024","02:45",0.061,0
"503-00000000","צריכה","26/04/2024","03:00",0.043,0
"503-00000000","צריכה","26/04/2024","03:15",0.056,0
"503-00000000","צריכה","26/04/2024","03:30",0.038,0
"503-00000000","צריכה","26/04/2024","03:45",0.056,0
"503-00000000","צריכה","26/04/2024","04:00",0.044,0
"503-00000000","צריכה","26/04/2024","04:15",0.062,0
"503-00000000","צריכה","26/04/2024","04:30",0.061,0
"503-00000000","צריכה","26/04/2024","04:45",0.061,0
"503-00000000","צריכה","26/04/2024","05:00",0.046,0
"503-00000000","צריכה","26/04/2024","05:15",0.053,0
"503-00000000","צריכה","26/04/2024","05:30",0.043,0
"503-00000000","צריכה","26/04/2024","05:45",0.061,0
"503-00000000","צריכה","26/04/2024","06:00",0.087,0
"503-00000000","צריכה","26/04/2024","06:15",0.121,0
"503-00000000","צריכה","26/04/2024","06:30",0.105,0
"503-00000000","צריכה","26/04/2024","06:45",0.118,0
"503-00000000","צריכה","26/04/2024","07:00",0.090,0
"503-00000000","צריכה","26/04/2024","07:15",0.124,0
"503-00000000","צריכה","26/04/2024","07:30",0.119,0
"503-00000000","צריכה","26/04/2024","07:45",0.098,0
"503-00000000","צריכה","26/04/2024","08:00",0.082,0
"503-00000000","צריכה","26/04/2024","08:15",0.117,0
"503-00000000","צריכה","26/04/2024","08:30",0.096,0
"503-00000000","צריכה","26/04/2024","08:45",0.087,0
"503-00000000","צריכה","26/04/2024","09:00",0.145,0
"503-00000000","צריכה","26/04/2024","09:15",0.114,0
"503-00000000","צריכה","26/04/2024","09:30",0.121,0
"503-00000000","צריכה","26/04/2024","09:45",0.097,0
"503-00000000","צריכה","26/04/2024","10:00",0.145,0
"503-00000000","צריכה","26/04/2024","10:15",0.136,0
"503-00000000","צריכה","26/04/2024","10:30",0.147,0
"503-00000000","צריכה","26/04/2024","10:45",0.099,0
"503-00000000","צריכה","26/04/2024","11:00",0.128,0
"503-00000000","צריכה","26/04/2024","11:15",0.103,0
"503-00000000","צריכה","26/04/2024","11:30",0.130,0
"503-00000000","צריכה","26/04/2024","11:45",0.135,0
"503-00000000","צריכה","26/04/2024","12:00",0.096,0
"503-00000000","צריכה","26/04/2024","12:15",0.125,0
"503-00000000","צריכה","26/04/2024","12:30",0.146,0
"503-00000000","צריכה","26/04/2024","12:45",0.102,0
"503-00000000","צריכה","26/04/2024","13:00",0.102,0
"503-00000000","צריכה","26/04/2024","13:15",0.139,0
"503-00000000","צריכה","26/04/2024","13:30",0.098,0
"503-00000000","צריכה","26/04/2024","13:45",0.093,0
"503-00000000","צריכה","26/04/2024","14:00",0.109,0
"503-00000000","צריכה","26/04/2024","14:15",0.132,0
"503-00000000","צריכה","26/04/2024","14:30",0.130,0
"503-00000000","צריכה","26/04/2024","14:45",0.130,0
"503-00000000","צריכה","26/04/2024","15:00",0.116,0
"503-00000000","צריכה","26/04/2024","15:15",0.118,0
"503-00000000","צריכה","26/04/2024","15:30",0.102,0
"503-00000000","צריכה","26/04/2024","15:45",0.098,0
"503-00000000","צריכה","26/04/2024","16:00",0.131,0
"503-00000000","צריכה","26/04/2024","16:15",0.112,0
"503-00000000","צריכה","26/04/2024","16:30",0.135,0
"503-00000000","צריכה","26/04/2024","16:45",0.138,0
"503-00000000","צריכה","26/04/2024","17:00",0.133,0
"503-00000000","צריכה","26/04/2024","17:15",0.150,0
"503-00000000","צריכה","26/04/2024","17:30",0.133,0
"503-00000000","צריכה","26/04/2024","17:45",0.166,0
"503-00000000","צריכה","26/04/2024","18:00",0.207,0
"503-00000000","צריכה","26/04/2024","18:15",0.217,0
"503-00000000","צריכה","26/04/2024","18:30",0.213,0
"503-00000000","צריכה","26/04/2024","18:45",0.135,0
"503-00000000","צריכה","26/04/2024","19:00",0.215,0
"503-00000000","צריכה","26/04/2024","19:15",0.132,0
"503-00000000","צריכה","26/04/2024","19:30",0.207,0
"503-00000000","צריכה","26/04/2024","19:45",0.145,0
"503-00000000","צריכה","26/04/2024","20:00",0.135,0
"503-00000000","צריכה","26/04/2024","20:15",0.196,0
"503-00000000","צריכה","26/04/2024","20:30",0.200,0
"503-00000000","צריכה","26/04/2024","20:45",0.138,0
"503-00000000","צריכה","26/04/2024","21:00",0.135,0
"503-00000000","צריכה","26/04/2024","21:15",0.163,0
"503-00000000","צריכה","26/04/2024","21:30",0.134,0
"503-00000000","צריכה","26/04/2024","21:45",0.141,0
"503-00000000","צריכה","26/04/2024","22:00",0.177,0
"503-00000000","צריכה","26/04/2024","22:15",0.175,0
"503-00000000","צריכה","26/04/2024","22:30",0.150,0
"503-00000000","צריכה","26/04/2024","22:45",0.144,0
"503-00000000","צריכה","26/04/2024","23:00",0.058,0
"503-00000000","צריכה","26/04/2024","23:15",0.056,0
"503-00000000","צריכה","26/04/2024","23:30",0.047,0
"503-00000000","צריכה","26/04/2024","23:45",0.038,0
"503-00000000","צריכה","27/04/2024","00:00",0.040,0
"503-00000000","צריכה","27/04/2024","00:15",0.054,0
"503-00000000","צריכה","27/04/2024","00:30",0.055,0
"503-00000000","צריכה","27/04/2024","00:45",0.042,0
"503-00000000","צריכה","27/04/2024","01:00",0.062,0
"503-00000000","צריכה","27/04/2024","01:15",0.056,0
"503-00000000","צריכה","27/04/2024","01:30",0.041,0
"503-00000000","צריכה","27/04/2024","01:45",0.048,0
"503-00000000","צריכה","27/04/2024","02:00",0.059,0
"503-00000000","צריכה","27/04/2024","02:15",0.042,0
"503-00000000","צריכה","27/04/2024","02:30",0.055,0
"503-00000000","צריכה","27/04/2024","02:45",0.046,0
"503-00000000","צריכה","27/04/2024","03:00",0.062,0
"503-00000000","צריכה","27/04/2024","03:15",0.061,0
"503-00000000","צריכה","27/04/2024","03:30",0.052,0
"503-00000000","צריכה","27/04/2024","03:45",0.060,0
"503-00000000","צריכה","27/04/2024","04:00",0.058,0
"503-00000000","צריכה","27/04/2024","04:15",0.053,0
"503-00000000","צריכה","27/04/2024","04:30",0.053,0
"503-00000000","צריכה","27/04/2024","04:45",0.052,0
"503-00000000","צריכה","27/04/2024","05:00",0.042,0
"503-00000000","צריכה","27/04/2024","05:15",0.053,0
"503-00000000","צריכה","27/04/2024","05:30",0.041,0
"503-00000000","צריכה","27/04/2024","05:45",0.059,0
"503-00000000","צריכה","27/04/2024","06:00",0.109,0
"503-00000000","צריכה","27/04/2024","06:15",0.109,0
"503-00000000","צריכה","27/04/2024","06:30",0.085,0
"503-00000000","צריכה","27/04/2024","06:45",0.088,0
"503-00000000","צריכה","27/04/2024","07:00",0.090,0
"503-00000000","צריכה","27/04/2024","07:15",0.104,0
"503-00000000","צריכה","27/04/2024","07:30",0.109,0
"503-00000000","צריכה","27/04/2024","07:45",0.125,0
"503-00000000","צריכה","27/04/2024","08:00",0.081,0
"503-00000000","צריכה","27/04/2024","08:15",0.124,0
"503-00000000","צריכה","27/04/2024","08:30",0.079,0
"503-00000000","צריכה","27/04/2024","08:45",0.075,0
"503-00000000","צריכה","27/04/2024","09:00",0.125,0
"503-00000000","צריכה","27/04/2024","09:15",0.131,0
"503-00000000","צריכה","27/04/2024","09:30",0.130,0
"503-00000000","צריכה","27/04/2024","09:45",0.125,0
"503-00000000","צריכה","27/04/2024","10:00",0.094,0
"503-00000000","צריכה","27/04/2024","10:15",0.122,0
"503-00000000","צריכה","27/04/2024","10:30",0.130,0
"503-00000000","צריכה","27/04/2024","10:45",0.103,0
"503-00000000","צריכה","27/04/2024","11:00",0.121,0
"503-00000000","צריכה","27/04/2024","11:15",0.134,0
"503-00000000","צריכה","27/04/2024","11:30",0.097,0
"503-00000000","צריכה","27/04/2024","11:45",0.147,0
"503-00000000","צריכה","27/04/2024","12:00",0.127,0
"503-00000000","צריכה","27/04/2024","12:15",0.112,0
"503-00000000","צריכה","27/04/2024","12:30",0.134,0
"503-00000000","צריכה","27/04/2024","12:45",0.140,0
"503-00000000","צריכה","27/04/2024","13:00",0.137,0
"503-00000000","צריכה","27/04/2024","13:15",0.095,0
"503-00000000","צריכה","27/04/2024","13:30",0.121,0
"503-00000000","צריכה","27/04/2024","13:45",0.115,0
"503-00000000","צריכה","27/04/2024","14:00",0.113,0
"503-00000000","צריכה","27/04/2024","14:15",0.133,0
"503-00000000","צריכה","27/04/2024","14:30",0.118,0
"503-00000000","צריכה","27/04/2024","14:45",0.143,0
"503-00000000","צריכה","27/04/2024","15:00",0.131,0
"503-00000000","צריכה","27/04/2024","15:15",0.122,0
"503-00000000","צריכה","27/04/2024","15:30",0.116,0
"503-00000000","צריכה","27/04/2024","15:45",0.105,0
"503-00000000","צריכה","27/04/2024","16:00",0.126,0
"503-00000000","צריכה","27/04/2024","16:15",0.107,0
"503-00000000","צריכה","27/04/2024","16:30",0.107,0
"503-00000000","צריכה","27/04/2024","16:45",0.124,0
"503-00000000","צריכה","27/04/2024","17:00",0.163,0
"503-00000000","צריכה","27/04/2024","17:15",0.167,0
"503-00000000","צריכה","27/04/2024","17:30",0.135,0
"503-00000000","צריכה","27/04/2024","17:45",0.184,0
"503-00000000","צריכה","27/04/2024","18:00",0.147,0
"503-00000000","צריכה","27/04/2024","18:15",0.137,0
"503-00000000","צריכה","27/04/2024","18:30",0.139,0
"503-00000000","צריכה","27/04/2024","18:45",0.170,0
"503-00000000","צריכה","27/04/2024","19:00",0.189,0
"503-00000000","צריכה","27/04/2024","19:15",0.180,0
"503-00000000","צריכה","27/04/2024","19:30",0.206,0
"503-00000000","צריכה","27/04/2024","19:45",0.218,0
"503-00000000","צריכה","27/04/2024","20:00",0.162,0
"503-00000000","צריכה","27/04/2024","20:15",0.218,0
"503-00000000","צריכה","27/04/2024","20:30",0.133,0
"503-00000000","צריכה","27/04/2024","20:45",0.170,0
"503-00000000","צריכה","27/04/2024","21:00",0.207,0
"503-00000000","צריכה","27/04/2024","21:15",0.191,0
"503-00000000","צריכה","27/04/2024","21:30",0.173,0
"503-00000000","צריכה","27/04/2024","21:45",0.209,0
"503-00000000","צריכה","27/04/2024","22:00",0.158,0
"503-00000000","צריכה","27/04/2024","22:15",0.173,0
"503-00000000","צריכה","27/04/2024","22:30",0.144,0
"503-00000000","צריכה","27/04/2024","22:45",0.176,0
"503-00000000","צריכה","27/04/2024","23:00",0.049,0
"503-00000000","צריכה","27/04/2024","23:15",0.057,0
"503-00000000","צריכה","27/04/2024","23:30",0.060,0
"503-00000000","צריכה","27/04/2024","23:45",0.062,0
"503-00000000","צריכה","28/04/2024","00:00",0.052,0
"503-00000000","צריכה","28/04/2024","00:15",0.060,0
"503-00000000","צריכה","28/04/2024","00:30",0.057,0
"503-00000000","צריכה","28/04/2024","00:45",0.043,0
"503-00000000","צריכה","28/04/2024","01:00",0.038,0
"503-00000000","צריכה","28/04/2024","01:15",0.046,0
"503-00000000","צריכה","28/04/2024","01:30",0.040,0
"503-00000000","צריכה","28/04/2024","01:45",0.051,0
"503-00000000","צריכה","28/04/2024","02:00",0.046,0
"503-00000000","צריכה","28/04/2024","02:15",0.058,0
"503-00000000","צריכה","28/04/2024","02:30",0.054,0
"503-00000000","צריכה","28/04/2024","02:45",0.048,0
"503-00000000","צריכה","28/04/2024","03:00",0.051,0
"503-00000000","צריכה","28/04/2024","03:15",0.061,0
"503-00000000","צריכה","28/04/2024","03:30",0.055,0
"503-00000000","צריכה","28/04/2024","03:45",0.047,0
"503-00000000","צריכה","28/04/2024","04:00",0.046,0
"503-00000000","צריכה","28/04/2024","04:15",0.059,0
"503-00000000","צריכה","28/04/2024","04:30",0.050,0
"503-00000000","צריכה","28/04/2024","04:45",0.043,0
"503-00000000","צריכה","28/04/2024","05:00",0.049,0
"503-00000000","צריכה","28/04/2024","05:15",0.061,0
"503-00000000","צריכה","28/04/2024","05:30",0.059,0
"503-00000000","צריכה","28/04/2024","05:45",0.052,0
"503-00000000","צריכה","28/04/2024","06:00",0.105,0
"503-00000000","צריכה","28/04/2024","06:15",0.100,0
"503-00000000","צריכה","28/04/2024","06:30",0.122,0
"503-00000000","צריכה","28/04/2024","06:45",0.117,0
"503-00000000","צריכה","28/04/2024","07:00",0.106,0
"503-00000000","צריכה","28/04/2024","07:15",0.112,0
"503-00000000","צריכה","28/04/2024","07:30",0.103,0
"503-00000000","צריכה","28/04/2024","07:45",0.079,0
"503-00000000","צריכה","28/04/2024","08:00",0.077,0
"503-00000000","צריכה","28/04/2024","08:15",0.100,0
"503-00000000","צריכה","28/04/2024","08:30",0.078,0
"503-00000000","צריכה","28/04/2024","08:45",0.123,0
"503-00000000","צריכה","28/04/2024","09:00",0.078,0
"503-00000000","צריכה","28/04/2024","09:15",0.071,0
"503-00000000","צריכה","28/04/2024","09:30",0.084,0
"503-00000000","צריכה","28/04/2024","09:45",0.066,0
"503-00000000","צריכה","28/04/2024","10:00",0.053,0
"503-00000000","צריכה","28/04/2024","10:15",0.057,0
"503-00000000","צריכה","28/04/2024","10:30",0.084,0
"503-00000000","צריכה","28/04/2024","10:45",0.083,0
"503-00000000","צריכה","28/04/2024","11:00",0.065,0
"503-00000000","צריכה","28/04/2024","11:15",0.064,0
"503-00000000","צריכה","28/04/2024","11:30",0.054,0
"503-00000000","צריכה","28/04/2024","11:45",0.071,0
"503-00000000","צריכה","28/04/2024","12:00",0.059,0
"503-00000000","צריכה","28/04/2024","12:15",0.056,0
"503-00000000","צריכה","28/04/2024","12:30",0.075,0
"503-00000000","צריכה","28/04/2024","12:45",0.070,0
"503-00000000","צריכה","28/04/2024","13:00",0.055,0
"503-00000000","צריכה","28/04/2024","13:15",0.065,0
"503-00000000","צריכה","28/04/2024","13:30",0.071,0
"503-00000000","צריכה","28/04/2024","13:45",0.069,0
"503-00000000","צריכה","28/04/2024","14:00",0.053,0
"503-00000000","צריכה","28/04/2024","14:15",0.069,0
"503-00000000","צריכה","28/04/2024","14:30",0.062,0
"503-00000000","צריכה","28/04/2024","14:45",0.056,0
"503-00000000","צריכה","28/04/2024","15:00",0.056,0
"503-00000000","צריכה","28/04/2024","15:15",0.058,0
"503-00000000","צריכה","28/04/2024","15:30",0.080,0
"503-00000000","צריכה","28/04/2024","15:45",0.077,0
"503-00000000","צריכה","28/04/2024","16:00",0.062,0
"503-00000000","צריכה","28/04/2024","16:15",0.068,0
"503-00000000","צריכה","28/04/2024","16:30",0.080,0
"503-00000000","צריכה","28/04/2024","16:45",0.056,0
"503-00000000","צריכה","28/04/2024","17:00",0.215,0
"503-00000000","צריכה","28/04/2024","17:15",0.165,0
"503-00000000","צריכה","28/04/2024","17:30",0.198,0
"503-00000000","צריכה","28/04/2024","17:45",0.166,0
"503-00000000","צריכה","28/04/2024","18:00",0.207,0
"503-00000000","צריכה","28/04/2024","18:15",0.211,0
"503-00000000","צריכה","28/04/2024","18:30",0.184,0
"503-00000000","צריכה","28/04/2024","18:45",0.166,0
"503-00000000","צריכה","28/04/2024","19:00",0.165,0
"503-00000000","צריכה","28/04/2024","19:15",0.149,0
"503-00000000","צריכה","28/04/2024","19:30",0.190,0
"503-00000000","צריכה","28/04/2024","19:45",0.149,0
"503-00000000","צריכה","28/04/2024","20:00",0.154,0
"503-00000000","צריכה","28/04/2024","20:15",0.201,0
"503-00000000","צריכה","28/04/2024","20:30",0.156,0
"503-00000000","צריכה","28/04/2024","20:45",0.194,0
"503-00000000","צריכה","28/04/2024","21:00",0.196,0
"503-00000000","צריכה","28/04/2024","21:15",0.133,0
"503-00000000","צריכה","28/04/2024","21:30",0.201,0
"503-00000000","צריכה","28/04/2024","21:45",0.168,0
"503-00000000","צריכה","28/04/2024","22:00",0.144,0
"503-00000000","צריכה","28/04/2024","22:15",0.192,0
"503-00000000","צריכה","28/04/2024","22:30",0.175,0
"503-00000000","צריכה","28/04/2024","22:45",0.153,0
"503-00000000","צריכה","28/04/2024","23:00",0.055,0
"503-00000000","צריכה","28/04/2024","23:15",0.059,0
"503-00000000","צריכה","28/04/2024","23:30",0.054,0
"503-00000000","צריכה","28/04/2024","23:45",0.056,0
"503-00000000","צריכה","29/04/2024","00:00",0.051,0
"503-00000000","צריכה","29/04/2024","00:15",0.051,0
"503-00000000","צריכה","29/04/2024","00:30",0.043,0
"503-00000000","צריכה","29/04/2024","00:45",0.049,0
"503-00000000","צריכה","29/04/2024","01:00",0.059,0
"503-00000000","צריכה","29/04/2024","01:15",0.044,0
"503-00000000","צריכה","29/04/2024","01:30",0.044,0
"503-00000000","צריכה","29/04/2024","01:45",0.055,0
"503-00000000","צריכה","29/04/2024","02:00",0.056,0
"503-00000000","צריכה","29/04/2024","02:15",0.039,0
"503-00000000","צריכה","29/04/2024","02:30",0.060,0
"503-00000000","צריכה","29/04/2024","02:45",0.043,0
"503-00000000","צריכה","29/04/2024","03:00",0.051,0
"503-00000000","צריכה","29/04/2024","03:15",0.038,0
"503-00000000","צריכה","29/04/2024","03:30",0.051,0
"503-00000000","צריכה","29/04/2024","03:45",0.061,0
"503-00000000","צריכה","29/04/2024","04:00",0.061,0
"503-00000000","צריכה","29/04/2024","04:15",0.061,0
"503-00000000","צריכה","29/04/2024","04:30",0.047,0
"503-00000000","צריכה","29/04/2024","04:45",0.056,0
"503-00000000","צריכה","29/04/2024","05:00",0.041,0
"503-00000000","צריכה","29/04/2024","05:15",0.054,0
"503-00000000","צריכה","29/04/2024","05:30",0.054,0
"503-00000000","צריכה","29/04/2024","05:45",0.045,0
"503-00000000","צריכה","29/04/2024","06:00",0.094,0
"503-00000000","צריכה","29/04/2024","06:15",0.116,0
"503-00000000","צריכה","29/04/2024","06:30",0.077,0
"503-00000000","צריכה","29/04/2024","06:45",0.120,0
"503-00000000","צריכה","29/04/2024","07:00",0.082,0
"503-00000000","צריכה","29/04/2024","07:15",0.076,0
"503-00000000","צריכה","29/04/2024","07:30",0.106,0
"503-00000000","צריכה","29/04/2024","07:45",0.105,0
"503-00000000","צריכה","29/04/2024","08:00",0.096,0
"503-00000000","צריכה","29/04/2024","08:15",0.081,0
"503-00000000","צריכה","29/04/2024","08:30",0.123,0
"503-00000000","צריכה","29/04/2024","08:45",0.112,0
"503-00000000","צריכה","29/04/2024","09:00",0.076,0
"503-00000000","צריכה","29/04/2024","09:15",0.069,0
"503-00000000","צריכה","29/04/2024","09:30",0.058,0
"503-00000000","צריכה","29/04/2024","09:45",0.072,0
"503-00000000","צריכה","29/04/2024","10:00",0.055,0
"503-00000000","צריכה","29/04/2024","10:15",0.059,0
"503-00000000","צריכה","29/04/2024","10:30",0.064,0
"503-00000000","צריכה","29/04/2024","10:45",0.067,0
"503-00000000","צריכה","29/04/2024","11:00",0.056,0
"503-00000000","צריכה","29/04/2024","11:15",0.083,0
"503-00000000","צריכה","29/04/2024","11:30",0.079,0
"503-00000000","צריכה","29/04/2024","11:45",0.076,0
"503-00000000","צריכה","29/04/2024","12:00",0.073,0
"503-00000000","צריכה","29/04/2024","12:15",0.071,0
"503-00000000","צריכה","29/04/2024","12:30",0.061,0
"503-00000000","צריכה","29/04/2024","12:45",0.063,0
"503-00000000","צריכה","29/04/2024","13:00",0.053,0
"503-00000000","צריכה","29/04/2024","13:15",0.057,0
"503-00000000","צריכה","29/04/2024","13:30",0.064,0
"503-00000000","צריכה","29/04/2024","13:45",0.062,0
"503-00000000","צריכה","29/04/2024","14:00",0.060,0
"503-00000000","צריכה","29/04/2024","14:15",0.084,0
"503-00000000","צריכה","29/04/2024","14:30",0.077,0
"503-00000000","צריכה","29/04/2024","14:45",0.057,0
"503-00000000","צריכה","29/04/2024","15:00",0.060,0
"503-00000000","צריכה","29/04/2024","15:15",0.070,0
"503-00000000","צריכה","29/04/2024","15:30",0.073,0
"503-00000000","צריכה","29/04/2024","15:45",0.063,0
"503-00000000","צריכה","29/04/2024","16:00",0.076,0
"503-00000000","צריכה","29/04/2024","16:15",0.052,0
"503-00000000","צריכה","29/04/2024","16:30",0.078,0
"503-00000000","צריכה","29/04/2024","16:45",0.078,0
"503-00000000","צריכה","29/04/2024","17:00",0.164,0
"503-00000000","צריכה","29/04/2024","17:15",0.176,0
"503-00000000","צריכה","29/04/2024","17:30",0.202,0
"503-00000000","צריכה","29/04/2024","17:45",0.217,0
"503-00000000","צריכה","29/04/2024","18:00",0.201,0
"503-00000000","צריכה","29/04/2024","18:15",0.185,0
"503-00000000","צריכה","29/04/2024","18:30",0.198,0
"503-00000000","צריכה","29/04/2024","18:45",0.172,0
"503-00000000","צריכה","29/04/2024","19:00",0.183,0
"503-00000000","צריכה","29/04/2024","19:15",0.162,0
"503-00000000","צריכה","29/04/2024","19:30",0.137,0
"503-00000000","צריכה","29/04/2024","19:45",0.158,0
"503-00000000","צריכה","29/04/2024","20:00",0.180,0
"503-00000000","צריכה","29/04/2024","20:15",0.134,0
"503-00000000","צריכה","29/04/2024","20:30",0.177,0
"503-00000000","צריכה","29/04/2024","20:45",0.210,0
"503-00000000","צריכה","29/04/2024","21:00",0.188,0
"503-00000000","צריכה","29/04/2024","21:15",0.143,0
"503-00000000","צריכה","29/04/2024","21:30",0.199,0
"503-00000000","צריכה","29/04/2024","21:45",0.144,0
"503-00000000","צריכה","29/04/2024","22:00",0.176,0
"503-00000000","צריכה","29/04/2024","22:15",0.216,0
"503-00000000","צריכה","29/04/2024","22:30",0.164,0
"503-00000000","צריכה","29/04/2024","22:45",0.168,0
"503-00000000","צריכה","29/04/2024","23:00",0.038,0
"503-00000000","צריכה","29/04/2024","23:15",0.055,0
"503-00000000","צריכה","29/04/2024","23:30",0.041,0
"503-00000000","צריכה","29/04/2024","23:45",0.051,0
"503-00000000","צריכה","30/04/2024","00:00",0.062,0
"503-00000000","צריכה","30/04/2024","00:15",0.044,0
"503-00000000","צריכה","30/04/2024","00:30",0.039,0
"503-00000000","צריכה","30/04/2024","00:45",0.060,0
"503-00000000","צריכה","30/04/2024","01:00",0.050,0
"503-00000000","צריכה","30/04/2024","01:15",0.056,0
"503-00000000","צריכה","30/04/2024","01:30",0.060,0
"503-00000000","צריכה","30/04/2024","01:45",0.038,0
"503-00000000","צריכה","30/04/2024","02:00",0.053,0
"503-00000000","צריכה","30/04/2024","02:15",0.057,0
"503-00000000","צריכה","30/04/2024","02:30",0.059,0
"503-00000000","צריכה","30/04/2024","02:45",0.053,0
"503-00000000","צריכה","30/04/2024","03:00",0.043,0
"503-00000000","צריכה","30/04/2024","03:15",0.038,0
"503-00000000","צריכה","30/04/2024","03:30",0.056,0
"503-00000000","צריכה","30/04/2024","03:45",0.060,0
"503-00000000","צריכה","30/04/2024","04:00",0.043,0
"503-00000000","צריכה","30/04/2024","04:15",0.046,0
"503-00000000","צריכה","30/04/2024","04:30",0.060,0
"503-00000000","צריכה","30/04/2024","04:45",0.045,0
"503-00000000","צריכה","30/04/2024","05:00",0.052,0
"503-00000000","צריכה","30/04/2024","05:15",0.050,0
"503-00000000","צריכה","30/04/2024","05:30",0.050,0
"503-00000000","צריכה","30/04/2024","05:45",0.052,0
"503-00000000","צריכה","30/04/2024","06:00",0.079,0
"503-00000000","צריכה","30/04/2024","06:15",0.114,0
"503-00000000","צריכה","30/04/2024","06:30",0.122,0
"503-00000000","צריכה","30/04/2024","06:45",0.113,0
"503-00000000","צריכה","30/04/2024","07:00",0.109,0
"503-00000000","צריכה","30/04/2024","07:15",0.123,0
"503-00000000","צריכה","30/04/2024","07:30",0.106,0
"503-00000000","צריכה","30/04/2024","07:45",0.075,0
"503-00000000","צריכה","30/04/2024","08:00",0.095,0
"503-00000000","צריכה","30/04/2024","08:15",0.118,0
"503-00000000","צריכה","30/04/2024","08:30",0.117,0
"503-00000000","צריכה","30/04/2024","08:45",0.078,0
"503-00000000","צריכה","30/04/2024","09:00",0.063,0
"503-00000000","צריכה","30/04/2024","09:15",0.075,0
"503-00000000","צריכה","30/04/2024","09:30",0.065,0
"503-00000000","צריכה","30/04/2024","09:45",0.055,0
"503-00000000","צריכה","30/04/2024","10:00",0.051,0
"503-00000000","צריכה","30/04/2024","10:15",0.084,0
"503-00000000","צריכה","30/04/2024","10:30",0.070,0
"503-00000000","צריכה","30/04/2024","10:45",0.062,0
"503-00000000","צריכה","30/04/2024","11:00",0.074,0
"503-00000000","צריכה","30/04/2024","11:15",0.070,0
"503-00000000","צריכה","30/04/2024","11:30",0.082,0
"503-00000000","צריכה","30/04/2024","11:45",0.066,0
"503-00000000","צריכה","30/04/2024","12:00",0.078,0
"503-00000000","צריכה","30/04/2024","12:15",0.072,0
"503-00000000","צריכה","30/04/2024","12:30",0.076,0
"503-00000000","צריכה","30/04/2024","12:45",0.079,0
"503-00000000","צריכה","30/04/2024","13:00",0.053,0
"503-00000000","צריכה","30/04/2024","13:15",0.082,0
"503-00000000","צריכה","30/04/2024","13:30",0.082,0
"503-00000000","צריכה","30/04/2024","13:45",0.065,0
"503-00000000","צריכה","30/04/2024","14:00",0.063,0
"503-00000000","צריכה","30/04/2024","14:15",0.060,0
"503-00000000","צריכה","30/04/2024","14:30",0.062,0
"503-00000000","צריכה","30/04/2024","14:45",0.060,0
"503-00000000","צריכה","30/04/2024","15:00",0.070,0
"503-00000000","צריכה","30/04/2024","15:15",0.064,0
"503-00000000","צריכה","30/04/2024","15:30",0.054,0
"503-00000000","צריכה","30/04/2024","15:45",0.075,0
"503-00000000","צריכה","30/04/2024","16:00",0.083,0
"503-00000000","צריכה","30/04/2024","16:15",0.065,0
"503-00000000","צריכה","30/04/2024","16:30",0.062,0
"503-00000000","צריכה","30/04/2024","16:45",0.084,0
"503-00000000","צריכה","30/04/2024","17:00",0.147,0
"503-00000000","צריכה","30/04/2024","17:15",0.194,0
"503-00000000","צריכה","30/04/2024","17:30",0.146,0
"503-00000000","צריכה","30/04/2024","17:45",0.176,0
"503-00000000","צריכה","30/04/2024","18:00",0.139,0
"503-00000000","צריכה","30/04/2024","18:15",0.180,0
"503-00000000","צריכה","30/04/2024","18:30",0.185,0
"503-00000000","צריכה","30/04/2024","18:45",0.157,0
"503-00000000","צריכה","30/04/2024","19:00",0.191,0
"503-00000000","צריכה","30/04/2024","19:15",0.208,0
"503-00000000","צריכה","30/04/2024","19:30",0.198,0
"503-00000000","צריכה","30/04/2024","19:45",0.177,0
"503-00000000","צריכה","30/04/2024","20:00",0.208,0
"503-00000000","צריכה","30/04/2024","20:15",0.196,0
"503-00000000","צריכה","30/04/2024","20:30",0.212,0
"503-00000000","צריכה","30/04/2024","20:45",0.138,0
"503-00000000","צריכה","30/04/2024","21:00",0.218,0
"503-00000000","צריכה","30/04/2024","21:15",0.213,0
"503-00000000","צריכה","30/04/2024","21:30",0.217,0
"503-00000000","צריכה","30/04/2024","21:45",0.212,0
"503-00000000","צריכה","30/04/2024","22:00",0.218,0
"503-00000000","צריכה","30/04/2024","22:15",0.134,0
"503-00000000","צריכה","30/04/2024","22:30",0.199,0
"503-00000000","צריכה","30/04/2024","22:45",0.171,0
"503-00000000","צריכה","30/04/2024","23:00",0.043,0
"503-00000000","צריכה","30/04/2024","23:15",0.058,0
"503-00000000","צריכה","30/04/2024","23:30",0.044,0
"503-00000000","צריכה","30/04/2024","23:45",0.046,0
"503-00000000","צריכה","01/05/2024","00:00",0.038,0
"503-00000000","צריכה","01/05/2024","00:15",0.053,0
"503-00000000","צריכה","01/05/2024","00:30",0.061,0
"503-00000000","צריכה","01/05/2024","00:45",0.054,0
"503-00000000","צריכה","01/05/2024","01:00",0.048,0
"503-00000000","צריכה","01/05/2024","01:15",0.043,0
"503-00000000","צריכה","01/05/2024","01:30",0.047,0
"503-00000000","צריכה","01/05/2024","01:45",0.054,0
"503-00000000","צריכה","01/05/2024","02:00",0.038,0
"503-00000000","צריכה","01/05/2024","02:15",0.041,0
"503-00000000","צריכה","01/05/2024","02:30",0.042,0
"503-00000000","צריכה","01/05/2024","02:45",0.060,0
"503-00000000","צריכה","01/05/2024","03:00",0.052,0
"503-00000000","צריכה","01/05/2024","03:15",0.043,0
"503-00000000","צריכה","01/05/2024","03:30",0.039,0
"503-00000000","צריכה","01/05/2024","03:45",0.042,0
"503-00000000","צריכה","01/05/2024","04:00",0.047,0
"503-00000000","צריכה","01/05/2024","04:15",0.041,0
"503-00000000","צריכה","01/05/2024","04:30",0.060,0
"503-00000000","צריכה","01/05/2024","04:45",0.057,0
"503-00000000","צריכה","01/05/2024","05:00",0.048,0
"503-00000000","צריכה","01/05/2024","05:15",0.045,0
"503-00000000","צריכה","01/05/2024","05:30",0.056,0
"503-00000000","צריכה","01/05/2024","05:45",0.062,0
"503-00000000","צריכה","01/05/2024","06:00",0.103,0
"503-00000000","צריכה","01/05/2024","06:15",0.123,0
"503-00000000","צריכה","01/05/2024","06:30",0.099,0
"503-00000000","צריכה","01/05/2024","06:45",0.122,0
"503-00000000","צריכה","01/05/2024","07:00",0.083,0
"503-00000000","צריכה","01/05/2024","07:15",0.101,0
"503-00000000","צריכה","01/05/2024","07:30",0.086,0
"503-00000000","צריכה","01/05/2024","07:45",0.119,0
"503-00000000","צריכה","01/05/2024","08:00",0.105,0
"503-00000000","צריכה","01/05/2024","08:15",0.084,0
"503-00000000","צריכה","01/05/2024","08:30",0.084,0
"503-00000000","צריכה","01/05/2024","08:45",0.089,0
"503-00000000","צריכה","01/05/2024","09:00",0.051,0
"503-00000000","צריכה","01/05/2024","09:15",0.081,0
"503-00000000","צריכה","01/05/2024","09:30",0.081,0
"503-00000000","צריכה","01/05/2024","09:45",0.057,0
"503-00000000","צריכה","01/05/2024","10:00",0.080,0
"503-00000000","צריכה","01/05/2024","10:15",0.056,0
"503-00000000","צריכה","01/05/2024","10:30",0.052,0
"503-00000000","צריכה","01/05/2024","10:45",0.058,0
"503-00000000","צריכה","01/05/2024","11:00",0.071,0
"503-00000000","צריכה","01/05/2024","11:15",0.071,0
"503-00000000","צריכה","01/05/2024","11:30",0.067,0
"503-00000000","צריכה","01/05/2024","11:45",0.057,0
"503-00000000","צריכה","01/05/2024","12:00",0.055,0
"503-00000000","צריכה","01/05/2024","12:15",0.068,0
"503-00000000","צריכה","01/05/2024","12:30",0.058,0
"503-00000000","צריכה","01/05/2024","12:45",0.056,0
"503-00000000","צריכה","01/05/2024","13:00",0.055,0
"503-00000000","צריכה","01/05/2024","13:15",0.071,0
"503-00000000","צריכה","01/05/2024","13:30",0.057,0
"503-00000000","צריכה","01/05/2024","13:45",0.076,0
"503-00000000","צריכה","01/05/2024","14:00",0.051,0
"503-00000000","צריכה","01/05/2024","14:15",0.071,0
"503-00000000","צריכה","01/05/2024","14:30",0.051,0
"503-00000000","צריכה","01/05/2024","14:45",0.055,0
"503-00000000","צריכה","01/05/2024","15:00",0.064,0
"503-00000000","צריכה","01/05/2024","15:15",0.068,0
"503-00000000","צריכה","01/05/2024","15:30",0.075,0
"503-00000000","צריכה","01/05/2024","15:45",0.080,0
"503-00000000","צריכה","01/05/2024","16:00",0.074,0
"503-00000000","צריכה","01/05/2024","16:15",0.060,0
"503-00000000","צריכה","01/05/2024","16:30",0.056,0
"503-00000000","צריכה","01/05/2024","16:45",0.062,0
"503-00000000","צריכה","01/05/2024","17:00",0.139,0
"503-00000000","צריכה","01/05/2024","17:15",0.215,0
"503-00000000","צריכה","01/05/2024","17:30",0.175,0
"503-00000000","צריכה","01/05/2024","17:45",0.194,0
"503-00000000","צריכה","01/05/2024","18:00",0.214,0
"503-00000000","צריכה","01/05/2024","18:15",0.137,0
"503-00000000","צריכה","01/05/2024","18:30",0.141,0
"503-00000000","צריכה","01/05/2024","18:45",0.175,0
"503-00000000","צריכה","01/05/2024","19:00",0.164,0
"503-00000000","צריכה","01/05/2024","19:15",0.142,0
"503-00000000","צריכה","01/05/2024","19:30",0.181,0
"503-00000000","צריכה","01/05/2024","19:45",0.210,0
"503-00000000","צריכה","01/05/2024","20:00",0.147,0
"503-00000000","צריכה","01/05/2024","20:15",0.156,0
"503-00000000","צריכה","01/05/2024","20:30",0.155,0
"503-00000000","צריכה","01/05/2024","20:45",0.177,0
"503-00000000","צריכה","01/05/2024","21:00",0.214,0
"503-00000000","צריכה","01/05/2024","21:15",0.199,0
"503-00000000","צריכה","01/05/2024","21:30",0.211,0
"503-00000000","צריכה","01/05/2024","21:45",0.171,0
"503-00000000","צריכה","01/05/2024","22:00",0.199,0
"503-00000000","צריכה","01/05/2024","22:15",0.178,0
"503-00000000","צריכה","01/05/2024","22:30",0.161,0
"503-00000000","צריכה","01/05/2024","22:45",0.200,0
"503-00000000","צריכה","01/05/2024","23:00",0.059,0
"503-00000000","צריכה","01/05/2024","23:15",0.048,0
"503-00000000","צריכה","01/05/2024","23:30",0.061,0
"503-00000000","צריכה","01/05/2024","23:45",0.045,0
"503-00000000","צריכה","02/05/2024","00:00",0.047,0
"503-00000000","צריכה","02/05/2024","00:15",0.061,0
"503-00000000","צריכה","02/05/2024","00:30",0.050,0
"503-00000000","צריכה","02/05/2024","00:45",0.049,0
"503-00000000","צריכה","02/05/2024","01:00",0.040,0
"503-00000000","צריכה","02/05/2024","01:15",0.038,0
"503-00000000","צריכה","02/05/2024","01:30",0.039,0
"503-00000000","צריכה","02/05/2024","01:45",0.050,0
"503-00000000","צריכה","02/05/2024","02:00",0.045,0
"503-00000000","צריכה","02/05/2024","02:15",0.055,0
"503-00000000","צריכה","02/05/2024","02:30",0.043,0
"503-00000000","צריכה","02/05/2024","02:45",0.040,0
"503-00000000","צריכה","02/05/2024","03:00",0.057,0
"503-00000000","צריכה","02/05/2024","03:15",0.061,0
"503-00000000","צריכה","02/05/2024","03:30",0.055,0
"503-00000000","צריכה","02/05/2024","03:45",0.060,0
"503-00000000","צריכה","02/05/2024","04:00",0.054,0
"503-00000000","צריכה","02/05/2024","04:15",0.050,0
"503-00000000","צריכה","02/05/2024","04:30",0.042,0
"503-00000000","צריכה","02/05/2024","04:45",0.046,0
"503-00000000","צריכה","02/05/2024","05:00",0.049,0
"503-00000000","צריכה","02/05/2024","05:15",0.057,0
"503-00000000","צריכה","02/05/2024","05:30",0.045,0
"503-00000000","צריכה","02/05/2024","05:45",0.056,0
"503-00000000","צריכה","02/05/2024","06:00",0.114,0
"503-00000000","צריכה","02/05/2024","06:15",0.097,0
"503-00000000","צריכה","02/05/2024","06:30",0.098,0
"503-00000000","צריכה","02/05/2024","06:45",0.082,0
"503-00000000","צריכה","02/05/2024","07:00",0.099,0
"503-00000000","צריכה","02/05/2024","07:15",0.096,0
"503-00000000","צריכה","02/05/2024","07:30",0.076,0
"503-00000000","צריכה","02/05/2024","07:45",0.119,0
"503-00000000","צריכה","02/05/2024","08:00",0.108,0
"503-00000000","צריכה","02/05/2024","08:15",0.112,0
"503-00000000","צריכה","02/05/2024","08:30",0.077,0
"503-00000000","צריכה","02/05/2024","08:45",0.077,0
"503-00000000","צריכה","02/05/2024","09:00",0.076,0
"503-00000000","צריכה","02/05/2024","09:15",0.051,0
"503-00000000","צריכה","02/05/2024","09:30",0.062,0
"503-00000000","צריכה","02/05/2024","09:45",0.052,0
"503-00000000","צריכה","02/05/2024","10:00",0.060,0
"503-00000000","צריכה","02/05/2024","10:15",0.082,0
"503-00000000","צריכה","02/05/2024","10:30",0.055,0
"503-00000000","צריכה","02/05/2024","10:45",0.066,0
"503-00000000","צריכה","02/05/2024","11:00",0.060,0
"503-00000000","צריכה","02/05/2024","11:15",0.063,0
"503-00000000","צריכה","02/05/2024","11:30",0.068,0
"503-00000000","צריכה","02/05/2024","11:45",0.057,0
"503-00000000","צריכה","02/05/2024","12:00",0.080,0
"503-00000000","צריכה","02/05/2024","12:15",0.069,0
"503-00000000","צריכה","02/05/2024","12:30",0.059,0
"503-00000000","צריכה","02/05/2024","12:45",0.051,0
"503-00000000","צריכה","02/05/2024","13:00",0.054,0
"503-00000000","צריכה","02/05/2024","13:15",0.071,0
"503-00000000","צריכה","02/05/2024","13:30",0.055,0
"503-00000000","צריכה","02/05/2024","13:45",0.052,0
"503-00000000","צריכה","02/05/2024","14:00",0.056,0
"503-00000000","צריכה","02/05/2024","14:15",0.072,0
"503-00000000","צריכה","02/05/2024","14:30",0.080,0
"503-00000000","צריכה","02/05/2024","14:45",0.076,0
"503-00000000","צריכה","02/05/2024","15:00",0.065,0
"503-00000000","צריכה","02/05/2024","15:15",0.075,0
"503-00000000","צריכה","02/05/2024","15:30",0.058,0
"503-00000000","צריכה","02/05/2024","15:45",0.072,0
"503-00000000","צריכה","02/05/2024","16:00",0.075,0
"503-00000000","צריכה","02/05/2024","16:15",0.065,0
"503-00000000","צריכה","02/05/2024","16:30",0.083,0
"503-00000000","צריכה","02/05/2024","16:45",0.074,0
"503-00000000","צריכה","02/05/2024","17:00",0.157,0
"503-00000000","צריכה","02/05/2024","17:15",0.141,0
"503-00000000","צריכה","02/05/2024","17:30",0.197,0
"503-00000000","צריכה","02/05/2024","17:45",0.168,0
"503-00000000","צריכה","02/05/2024","18:00",0.151,0
"503-00000000","צריכה","02/05/2024","18:15",0.212,0
"503-00000000","צריכה","02/05/2024","18:30",0.208,0
"503-00000000","צריכה","02/05/2024","18:45",0.168,0
"503-00000000","צריכה","02/05/2024","19:00",0.137,0
"503-00000000","צריכה","02/05/2024","19:15",0.178,0
"503-00000000","צריכה","02/05/2024","19:30",0.207,0
"503-00000000","צריכה","02/05/2024","19:45",0.177,0
"503-00000000","צריכה","02/05/2024","20:00",0.141,0
"503-00000000","צריכה","02/05/2024","20:15",0.134,0
"503-00000000","צריכה","02/05/2024","20:30",0.178,0
"503-00000000","צריכה","02/05/2024","20:45",0.166,0
"503-00000000","צריכה","02/05/2024","21:00",0.167,0
"503-00000000","צריכה","02/05/2024","21:15",0.187,0
"503-00000000","צריכה","02/05/2024","21:30",0.190,0
"503-00000000","צריכה","02/05/2024","21:45",0.218,0
"503-00000000","צריכה","02/05/2024","22:00",0.155,0
"503-00000000","צריכה","02/05/2024","22:15",0.186,0
"503-00000000","צריכה","02/05/2024","22:30",0.181,0
"503-00000000","צריכה","02/05/2024","22:45",0.191,0
"503-00000000","צריכה","02/05/2024","23:00",0.040,0
"503-00000000","צריכה","02/05/2024","23:15",0.049,0
"503-00000000","צריכה","02/05/2024","23:30",0.056,0
"503-00000000","צריכה","02/05/2024","23:45",0.046,0
"503-00000000","צריכה","03/05/2024","00:00",0.056,0
"503-00000000","צריכה","03/05/2024","00:15",0.058,0
"503-00000000","צריכה","03/05/2024","00:30",0.060,0
"503-00000000","צריכה","03/05/2024","00:45",0.050,0
"503-00000000","צריכה","03/05/2024","01:00",0.043,0
"503-00000000","צריכה","03/05/2024","01:15",0.058,0
"503-00000000","צריכה","03/05/2024","01:30",0.061,0
"503-00000000","צריכה","03/05/2024","01:45",0.062,0
"503-00000000","צריכה","03/05/2024","02:00",0.062,0
"503-00000000","צריכה","03/05/2024","02:15",0.050,0
"503-00000000","צריכה","03/05/2024","02:30",0.038,0
"503-00000000","צריכה","03/05/2024","02:45",0.061,0
"503-00000000","צריכה","03/05/2024","03:00",0.041,0
"503-00000000","צריכה","03/05/2024","03:15",0.050,0
"503-00000000","צריכה","03/05/2024","03:30",0.042,0
"503-00000000","צריכה","03/05/2024","03:45",0.041,0
"503-00000000","צריכה","03/05/2024","04:00",0.046,0
"503-00000000","צריכה","03/05/2024","04:15",0.056,0
"503-00000000","צריכה","03/05/2024","04:30",0.041,0
"503-00000000","צריכה","03/05/2024","04:45",0.042,0
"503-00000000","צריכה","03/05/2024","05:00",0.041,0
"503-00000000","צריכה","03/05/2024","05:15",0.043,0
"503-00000000","צריכה","03/05/2024","05:30",0.062,0
"503-00000000","צריכה","03/05/2024","05:45",0.060,0
"503-00000000","צריכה","03/05/2024","06:00",0.095,0
"503-00000000","צריכה","03/05/2024","06:15",0.108,0
"503-00000000","צריכה","03/05/2024","06:30",0.106,0
"503-00000000","צריכה","03/05/2024","06:45",0.114,0
"503-00000000","צריכה","03/05/2024","07:00",0.099,0
"503-00000000","צריכה","03/05/2024","07:15",0.124,0
"503-00000000","צריכה","03/05/2024","07:30",0.097,0
"503-00000000","צריכה","03/05/2024","07:45",0.082,0
"503-00000000","צריכה","03/05/2024","08:00",0.105,0
"503-00000000","צריכה","03/05/2024","08:15",0.116,0
"503-00000000","צריכה","03/05/2024","08:30",0.104,0
"503-00000000","צריכה","03/05/2024","08:45",0.093,0
"503-00000000","צריכה","03/05/2024","09:00",0.098,0
"503-00000000","צריכה","03/05/2024","09:15",0.105,0
"503-00000000","צריכה","03/05/2024","09:30",0.092,0
"503-00000000","צריכה","03/05/2024","09:45",0.107,0
"503-00000000","צריכה","03/05/2024","10:00",0.135,0
"503-00000000","צריכה","03/05/2024","10:15",0.117,0
"503-00000000","צריכה","03/05/2024","10:30",0.114,0
"503-00000000","צריכה","03/05/2024","10:45",0.089,0
"503-00000000","צריכה","03/05/2024","11:00",0.094,0
"503-00000000","צריכה","03/05/2024","11:15",0.107,0
"503-00000000","צריכה","03/05/2024","11:30",0.092,0
"503-00000000","צריכה","03/05/2024","11:45",0.109,0
"503-00000000","צריכה","03/05/2024","12:00",0.129,0
"503-00000000","צריכה","03/05/2024","12:15",0.131,0
"503-00000000","צריכה","03/05/2024","12:30",0.090,0
"503-00000000","צריכה","03/05/2024","12:45",0.131,0
"503-00000000","צריכה","03/05/2024","13:00",0.105,0
"503-00000000","צריכה","03/05/2024","13:15",0.091,0
"503-00000000","צריכה","03/05/2024","13:30",0.141,0
"503-00000000","צריכה","03/05/2024","13:45",0.098,0
"503-00000000","צריכה","03/05/2024","14:00",0.105,0
"503-00000000","צריכה","03/05/2024","14:15",0.109,0
"503-00000000","צריכה","03/05/2024","14:30",0.102,0
"503-00000000","צריכה","03/05/2024","14:45",0.145,0
"503-00000000","צריכה","03/05/2024","15:00",0.094,0
"503-00000000","צריכה","03/05/2024","15:15",0.098,0
"503-00000000","צריכה","03/05/2024","15:30",0.095,0
"503-00000000","צריכה","03/05/2024","15:45",0.095,0
"503-00000000","צריכה","03/05/2024","16:00",0.107,0
"503-00000000","צריכה","03/05/2024","16:15",0.108,0
"503-00000000","צריכה","03/05/2024","16:30",0.099,0
"503-00000000","צריכה","03/05/2024","16:45",0.114,0
"503-00000000","צריכה","03/05/2024","17:00",0.145,0
"503-00000000","צריכה","03/05/2024","17:15",0.210,0
"503-00000000","צריכה","03/05/2024","17:30",0.163,0
"503-00000000","צריכה","03/05/2024","17:45",0.186,0
"503-00000000","צריכה","03/05/2024","18:00",0.162,0
"503-00000000","צריכה","03/05/2024","18:15",0.155,0
"503-00000000","צריכה","03/05/2024","18:30",0.196,0
"503-00000000","צריכה","03/05/2024","18:45",0.144,0
"503-00000000","צריכה","03/05/2024","19:00",0.132,0
"503-00000000","צריכה","03/05/2024","19:15",0.157,0
"503-00000000","צריכה","03/05/2024","19:30",0.157,0
"503-00000000","צריכה","03/05/2024","19:45",0.211,0
"503-00000000","צריכה","03/05/2024","20:00",0.213,0
"503-00000000","צריכה","03/05/2024","20:15",0.154,0
"503-00000000","צריכה","03/05/2024","20:30",0.163,0
"503-00000000","צריכה","03/05/2024","20:45",0.143,0
"503-00000000","צריכה","03/05/2024","21:00",0.158,0
"503-00000000","צריכה","03/05/2024","21:15",0.168,0
"503-00000000","צריכה","03/05/2024","21:30",0.187,0
"503-00000000","צריכה","03/05/2024","21:45",0.166,0
"503-00000000","צריכה","03/05/2024","22:00",0.175,0
"503-00000000","צריכה","03/05/2024","22:15",0.193,0
"503-00000000","צריכה","03/05/2024","22:30",0.199,0
"503-00000000","צריכה","03/05/2024","22:45",0.184,0
"503-00000000","צריכה","03/05/2024","23:00",0.047,0
"503-00000000","צריכה","03/05/2024","23:15",0.059,0
"503-00000000","צריכה","03/05/2024","23:30",0.044,0
"503-00000000","צריכה","03/05/2024","23:45",0.046,0
"503-00000000","צריכה","04/05/2024","00:00",0.058,0
"503-00000000","צריכה","04/05/2024","00:15",0.046,0
"503-00000000","צריכה","04/05/2024","00:30",0.055,0
"503-00000000","צריכה","04/05/2024","00:45",0.041,0
"503-00000000","צריכה","04/05/2024","01:00",0.059,0
"503-00000000","צריכה","04/05/2024","01:15",0.054,0
"503-00000000","צריכה","04/05/2024","01:30",0.052,0
"503-00000000","צריכה","04/05/2024","01:45",0.043,0
"503-00000000","צריכה","04/05/2024","02:00",0.038,0
"503-00000000","צריכה","04/05/2024","02:15",0.057,0
"503-00000000","צריכה","04/05/2024","02:30",0.044,0
"503-00000000","צריכה","04/05/2024","02:45",0.047,0
"503-00000000","צריכה","04/05/2024","03:00",0.062,0
"503-00000000","צריכה","04/05/2024","03:15",0.059,0
"503-00000000","צריכה","04/05/2024","03:30",0.042,0
"503-00000000","צריכה","04/05/2024","03:45",0.059,0
"503-00000000","צריכה","04/05/2024","04:00",0.062,0
"503-00000000","צריכה","04/05/2024","04:15",0.046,0
"503-00000000","צריכה","04/05/2024","04:30",0.042,0
"503-00000000","צריכה","04/05/2024","04:45",0.041,0
"503-00000000","צריכה","04/05/2024","05:00",0.040,0
"503-00000000","צריכה","04/05/2024","05:15",0.043,0
"503-00000000","צריכה","04/05/2024","05:30",0.054,0
"503-00000000","צריכה","04/05/2024","05:45",0.044,0
"503-00000000","צריכה","04/05/2024","06:00",0.078,0
"503-00000000","צריכה","04/05/2024","06:15",0.078,0
"503-00000000","צריכה","04/05/2024","06:30",0.076,0
"503-00000000","צריכה","04/05/2024","06:45",0.119,0
"503-00000000","צריכה","04/05/2024","07:00",0.112,0
"503-00000000","צריכה","04/05/2024","07:15",0.102,0
"503-00000000","צריכה","04/05/2024","07:30",0.092,0
"503-00000000","צריכה","04/05/2024","07:45",0.088,0
"503-00000000","צריכה","04/05/2024","08:00",0.114,0
"503-00000000","צריכה","04/05/2024","08:15",0.125,0
"503-00000000","צריכה","04/05/2024","08:30",0.080,0
"503-00000000","צריכה","04/05/2024","08:45",0.115,0
"503-00000000","צריכה","04/05/2024","09:00",0.141,0
"503-00000000","צריכה","04/05/2024","09:15",0.121,0
"503-00000000","צריכה","04/05/2024","09:30",0.129,0
"503-00000000","צריכה","04/05/2024","09:45",0.147,0
"503-00000000","צריכה","04/05/2024","10:00",0.129,0
"503-00000000","צריכה","04/05/2024","10:15",0.115,0
"503-00000000","צריכה","04/05/2024","10:30",0.132,0
"503-00000000","צריכה","04/05/2024","10:45",0.130,0
"503-00000000","צריכה","04/05/2024","11:00",0.098,0
"503-00000000","צריכה","04/05/2024","11:15",0.106,0
"503-00000000","צריכה","04/05/2024","11:30",0.128,0
"503-00000000","צריכה","04/05/2024","11:45",0.112,0
"503-00000000","צריכה","04/05/2024","12:00",0.102,0
"503-00000000","צריכה","04/05/2024","12:15",0.100,0
"503-00000000","צריכה","04/05/2024","12:30",0.091,0
"503-00000000","צריכה","04/05/2024","12:45",0.092,0
"503-00000000","צריכה","04/05/2024","13:00",0.144,0
"503-00000000","צריכה","04/05/2024","13:15",0.134,0
"503-00000000","צריכה","04/05/2024","13:30",0.107,0
"503-00000000","צריכה","04/05/2024","13:45",0.103,0
"503-00000000","צריכה","04/05/2024","14:00",0.103,0
"503-00000000","צריכה","04/05/2024","14:15",0.142,0
"503-00000000","צריכה","04/05/2024","14:30",0.107,0
"503-00000000","צריכה","04/05/2024","14:45",0.141,0
"503-00000000","צריכה","04/05/2024","15:00",0.133,0
"503-00000000","צריכה","04/05/2024","15:15",0.137,0
"503-00000000","צריכה","04/05/2024","15:30",0.108,0
"503-00000000","צריכה","04/05/2024","15:45",0.110,0
"503-00000000","צריכה","04/05/2024","16:00",0.120,0
"503-00000000","צריכה","04/05/2024","16:15",0.145,0
"503-00000000","צריכה","04/05/2024","16:30",0.108,0
"503-00000000","צריכה","04/05/2024","16:45",0.109,0
"503-00000000","צריכה","04/05/2024","17:00",0.214,0
"503-00000000","צריכה","04/05/2024","17:15",0.163,0
"503-00000000","צריכה","04/05/2024","17:30",0.208,0
"503-00000000","צריכה","04/05/2024","17:45",0.200,0
"503-00000000","צריכה","04/05/2024","18:00",0.140,0
"503-00000000","צריכה","04/05/2024","18:15",0.189,0
"503-00000000","צריכה","04/05/2024","18:30",0.141,0
"503-00000000","צריכה","04/05/2024","18:45",0.166,0
"503-00000000","צריכה","04/05/2024","19:00",0.205,0
"503-00000000","צריכה","04/05/2024","19:15",0.176,0
"503-00000000","צריכה","04/05/2024","19:30",0.188,0
"503-00000000","צריכה","04/05/2024","19:45",0.140,0
"503-00000000","צריכה","04/05/2024","20:00",0.190,0
"503-00000000","צריכה","04/05/2024","20:15",0.210,0
"503-00000000","צריכה","04/05/2024","20:30",0.189,0
"503-00000000","צריכה","04/05/2024","20:45",0.132,0
"503-00000000","צריכה","04/05/2024","21:00",0.141,0
"503-00000000","צריכה","04/05/2024","21:15",0.139,0
"503-00000000","צריכה","04/05/2024","21:30",0.181,0
"503-00000000","צריכה","04/05/2024","21:45",0.158,0
"503-00000000","צריכה","04/05/2024","22:00",0.174,0
"503-00000000","צריכה","04/05/2024","22:15",0.182,0
"503-00000000","צריכה","04/05/2024","22:30",0.199,0
"503-00000000","צריכה","04/05/2024","22:45",0.177,0
"503-00000000","צריכה","04/05/2024","23:00",0.046,0
"503-00000000","צריכה","04/05/2024","23:15",0.055,0
"503-00000000","צריכה","04/05/2024","23:30",0.056,0
"503-00000000","צריכה","04/05/2024","23:45",0.053,0
"503-00000000","צריכה","05/05/2024","00:00",0.056,0
"503-00000000","צריכה","05/05/2024","00:15",0.061,0
"503-00000000","צריכה","05/05/2024","00:30",0.057,0
"503-00000000","צריכה","05/05/2024","00:45",0.040,0
"503-00000000","צריכה","05/05/2024","01:00",0.048,0
"503-00000000","צריכה","05/05/2024","01:15",0.054,0
"503-00000000","צריכה","05/05/2024","01:30",0.048,0
"503-00000000","צריכה","05/05/2024","01:45",0.048,0
"503-00000000","צריכה","05/05/2024","02:00",0.038,0
"503-00000000","צריכה","05/05/2024","02:15",0.042,0
"503-00000000","צריכה","05/05/2024","02:30",0.048,0
"503-00000000","צריכה","05/05/2024","02:45",0.055,0
"503-00000000","צריכה","05/05/2024","03:00",0.058,0
"503-00000000","צריכה","05/05/2024","03:15",0.039,0
"503-00000000","צריכה","05/05/2024","03:30",0.044,0
"503-00000000","צריכה","05/05/2024","03:45",0.040,0
"503-00000000","צריכה","05/05/2024","04:00",0.055,0
"503-00000000","צריכה","05/05/2024","04:15",0.047,0
"503-00000000","צריכה","05/05/2024","04:30",0.056,0
"503-00000000","צריכה","05/05/2024","04:45",0.050,0
"503-00000000","צריכה","05/05/2024","05:00",0.056,0
"503-00000000","צריכה","05/05/2024","05:15",0.056,0
"503-00000000","צריכה","05/05/2024","05:30",0.050,0
"503-00000000","צריכה","05/05/2024","05:45",0.042,0
"503-00000000","צריכה","05/05/2024","06:00",0.123,0
"503-00000000","צריכה","05/05/2024","06:15",0.097,0
"503-00000000","צריכה","05/05/2024","06:30",0.080,0
"503-00000000","צריכה","05/05/2024","06:45",0.120,0
"503-00000000","צריכה","05/05/2024","07:00",0.094,0
"503-00000000","צריכה","05/05/2024","07:15",0.101,0
"503-00000000","צריכה","05/05/2024","07:30",0.122,0
"503-00000000","צריכה","05/05/2024","07:45",0.124,0
"503-00000000","צריכה","05/05/2024","08:00",0.100,0
"503-00000000","צריכה","05/05/2024","08:15",0.108,0
"503-00000000","צריכה","05/05/2024","08:30",0.084,0
"503-00000000","צריכה","05/05/2024","08:45",0.093,0
"503-00000000","צריכה","05/05/2024","09:00",0.052,0
"503-00000000","צריכה","05/05/2024","09:15",0.051,0
"503-00000000","צריכה","05/05/2024","09:30",0.083,0
"503-00000000","צריכה","05/05/2024","09:45",0.066,0
"503-00000000","צריכה","05/05/2024","10:00",0.055,0
"503-00000000","צריכה","05/05/2024","10:15",0.077,0
"503-00000000","צריכה","05/05/2024","10:30",0.068,0
"503-00000000","צריכה","05/05/2024","10:45",0.062,0
"503-00000000","צריכה","05/05/2024","11:00",0.074,0
"503-00000000","צריכה","05/05/2024","11:15",0.082,0
"503-00000000","צריכה","05/05/2024","11:30",0.075,0
"503-00000000","צריכה","05/05/2024","11:45",0.072,0
"503-00000000","צריכה","05/05/2024","12:00",0.059,0
"503-00000000","צריכה","05/05/2024","12:15",0.057,0
"503-00000000","צריכה","05/05/2024","12:30",0.080,0
"503-00000000","צריכה","05/05/2024","12:45",0.067,0
"503-00000000","צריכה","05/05/2024","13:00",0.056,0
"503-00000000","צריכה","05/05/2024","13:15",0.051,0
"503-00000000","צריכה","05/05/2024","13:30",0.051,0
"503-00000000","צריכה","05/05/2024","13:45",0.078,0
"503-00000000","צריכה","05/05/2024","14:00",0.055,0
"503-00000000","צריכה","05/05/2024","14:15",0.067,0
"503-00000000","צריכה","05/05/2024","14:30",0.064,0
"503-00000000","צריכה","05/05/2024","14:45",0.054,0
"503-00000000","צריכה","05/05/2024","15:00",0.073,0
"503-00000000","צריכה","05/05/2024","15:15",0.067,0
"503-00000000","צריכה","05/05/2024","15:30",0.057,0
"503-00000000","צריכה","05/05/2024","15:45",0.065,0
"503-00000000","צריכה","05/05/2024","16:00",0.067,0
"503-00000000","צריכה","05/05/2024","16:15",0.068,0
"503-00000000","צריכה","05/05/2024","16:30",0.067,0
"503-00000000","צריכה","05/05/2024","16:45",0.071,0
"503-00000000","צריכה","05/05/2024","17:00",0.142,0
"503-00000000","צריכה","05/05/2024","17:15",0.136,0
"503-00000000","צריכה","05/05/2024","17:30",0.195,0
"503-00000000","צריכה","05/05/2024","17:45",0.146,0
"503-00000000","צריכה","05/05/2024","18:00",0.218,0
"503-00000000","צריכה","05/05/2024","18:15",0.134,0
"503-00000000","צריכה","05/05/2024","18:30",0.208,0
"503-00000000","צריכה","05/05/2024","18:45",0.196,0
"503-00000000","צריכה","05/05/2024","19:00",0.214,0
"503-00000000","צריכה","05/05/2024","19:15",0.132,0
"503-00000000","צריכה","05/05/2024","19:30",0.183,0
"503-00000000","צריכה","05/05/2024","19:45",0.192,0
"503-00000000","צריכה","05/05/2024","20:00",0.149,0
"503-00000000","צריכה","05/05/2024","20:15",0.136,0
"503-00000000","צריכה","05/05/2024","20:30",0.201,0
"503-00000000","צריכה","05/05/2024","20:45",0.174,0
"503-00000000","צריכה","05/05/2024","21:00",0.165,0
"503-00000000","צריכה","05/05/2024","21:15",0.167,0
"503-00000000","צריכה","05/05/2024","21:30",0.158,0
"503-00000000","צריכה","05/05/2024","21:45",0.171,0
"503-00000000","צריכה","05/05/2024","22:00",0.131,0
"503-00000000","צריכה","05/05/2024","22:15",0.205,0
"503-00000000","צריכה","05/05/2024","22:30",0.157,0
"503-00000000","צריכה","05/05/2024","22:45",0.152,0
"503-00000000","צריכה","05/05/2024","23:00",0.049,0
"503-00000000","צריכה","05/05/2024","23:15",0.041,0
"503-00000000","צריכה","05/05/2024","23:30",0.045,0
"503-00000000","צריכה","05/05/2024","23:45",0.053,0
"503-00000000","צריכה","06/05/2024","00:00",0.058,0
"503-00000000","צריכה","06/05/2024","00:15",0.056,0
"503-00000000","צריכה","06/05/2024","00:30",0.045,0
"503-00000000","צריכה","06/05/2024","00:45",0.045,0
"503-00000000","צריכה","06/05/2024","01:00",0.043,0
"503-00000000","צריכה","06/05/2024","01:15",0.054,0
"503-00000000","צריכה","06/05/2024","01:30",0.056,0
"503-00000000","צריכה","06/05/2024","01:45",0.041,0
"503-00000000","צריכה","06/05/2024","02:00",0.047,0
"503-00000000","צריכה","06/05/2024","02:15",0.047,0
"503-00000000","צריכה","06/05/2024","02:30",0.060,0
"503-00000000","צריכה","06/05/2024","02:45",0.043,0
"503-00000000","צריכה","06/05/2024","03:00",0.056,0
"503-00000000","צריכה","06/05/2024","03:15",0.042,0
"503-00000000","צריכה","06/05/2024","03:30",0.059,0
"503-00000000","צריכה","06/05/2024","03:45",0.040,0
"503-00000000","צריכה","06/05/2024","04:00",0.041,0
"503-00000000","צריכה","06/05/2024","04:15",0.042,0
"503-00000000","צריכה","06/05/2024","04:30",0.061,0
"503-00000000","צריכה","06/05/2024","04:45",0.054,0
"503-00000000","צריכה","06/05/2024","05:00",0.040,0
"503-00000000","צריכה","06/05/2024","05:15",0.061,0
"503-00000000","צריכה","06/05/2024","05:30",0.049,0
"503-00000000","צריכה","06/05/2024","05:45",0.039,0
"503-00000000","צריכה","06/05/2024","06:00",0.118,0
"503-00000000","צריכה","06/05/2024","06:15",0.100,0
"503-00000000","צריכה","06/05/2024","06:30",0.085,0
"503-00000000","צריכה","06/05/2024","06:45",0.106,0
"503-00000000","צריכה","06/05/2024","07:00",0.093,0
"503-00000000","צריכה","06/05/2024","07:15",0.092,0
"503-00000000","צריכה","06/05/2024","07:30",0.078,0
"503-00000000","צריכה","06/05/2024","07:45",0.085,0
"503-00000000","צריכה","06/05/2024","08:00",0.103,0
"503-00000000","צריכה","06/05/2024","08:15",0.103,0
"503-00000000","צריכה","06/05/2024","08:30",0.109,0
"503-00000000","צריכה","06/05/2024","08:45",0.120,0
"503-00000000","צריכה","06/05/2024","09:00",0.061,0
"503-00000000","צריכה","06/05/2024","09:15",0.084,0
"503-00000000","צריכה","06/05/2024","09:30",0.068,0
"503-00000000","צריכה","06/05/2024","09:45",0.061,0
"503-00000000","צריכה","06/05/2024","10:00",0.057,0
"503-00000000","צריכה","06/05/2024","10:15",0.056,0
"503-00000000","צריכה","06/05/2024","10:30",0.062,0
"503-00000000","צריכה","06/05/2024","10:45",0.057,0
"503-00000000","צריכה","06/05/2024","11:00",0.082,0
"503-00000000","צריכה","06/05/2024","11:15",0.068,0
"503-00000000","צריכה","06/05/2024","11:30",0.055,0
"503-00000000","צריכה","06/05/2024","11:45",0.052,0
"503-00000000","צריכה","06/05/2024","12:00",0.060,0
"503-00000000","צריכה","06/05/2024","12:15",0.082,0
"503-00000000","צריכה","06/05/2024","12:30",0.060,0
"503-00000000","צריכה","06/05/2024","12:45",0.064,0
"503-00000000","צריכה","06/05/2024","13:00",0.055,0
"503-00000000","צריכה","06/05/2024","13:15",0.061,0
"503-00000000","צריכה","06/05/2024","13:30",0.057,0
"503-00000000","צריכה","06/05/2024","13:45",0.076,0
"503-00000000","צריכה","06/05/2024","14:00",0.052,0
"503-00000000","צריכה","06/05/2024","14:15",0.055,0
"503-00000000","צריכה","06/05/2024","14:30",0.061,0
"503-00000000","צריכה","06/05/2024","14:45",0.061,0
"503-00000000","צריכה","06/05/2024","15:00",0.054,0
"503-00000000","צריכה","06/05/2024","15:15",0.073,0
"503-00000000","צריכה","06/05/2024","15:30",0.062,0
"503-00000000","צריכה","06/05/2024","15:45",0.069,0
"503-00000000","צריכה","06/05/2024","16:00",0.060,0
"503-00000000","צריכה","06/05/2024","16:15",0.078,0
"503-00000000","צריכה","06/05/2024","16:30",0.055,0
"503-00000000","צריכה","06/05/2024","16:45",0.073,0
"503-00000000","צריכה","06/05/2024","17:00",0.164,0
"503-00000000","צריכה","06/05/2024","17:15",0.198,0
"503-00000000","צריכה","06/05/2024","17:30",0.164,0
"503-00000000","צריכה","06/05/2024","17:45",0.217,0
"503-00000000","צריכה","06/05/2024","18:00",0.154,0
"503-00000000","צריכה","06/05/2024","18:15",0.182,0
"503-00000000","צריכה","06/05/2024","18:30",0.164,0
"503-00000000","צריכה","06/05/2024","18:45",0.174,0
"503-00000000","צריכה","06/05/2024","19:00",0.200,0
"503-00000000","צריכה","06/05/2024","19:15",0.202,0
"503-00000000","צריכה","06/05/2024","19:30",0.175,0
"503-00000000","צריכה","06/05/2024","19:45",0.216,0
"503-00000000","צריכה","06/05/2024","20:00",0.157,0
"503-00000000","צריכה","06/05/2024","20:15",0.171,0
"503-00000000","צריכה","06/05/2024","20:30",0.203,0
"503-00000000","צריכה","06/05/2024","20:45",0.188,0
"503-00000000","צריכה","06/05/2024","21:00",0.138,0
"503-00000000","צריכה","06/05/2024","21:15",0.152,0
"503-00000000","צריכה","06/05/2024","21:30",0.215,0
"503-00000000","צריכה","06/05/2024","21:45",0.193,0
"503-00000000","צריכה","06/05/2024","22:00",0.179,0
"503-00000000","צריכה","06/05/2024","22:15",0.151,0
"503-00000000","צריכה","06/05/2024","22:30",0.177,0
"503-00000000","צריכה","06/05/2024","22:45",0.217,0
"503-00000000","צריכה","06/05/2024","23:00",0.042,0
"503-00000000","צריכה","06/05/2024","23:15",0.047,0
"503-00000000","צריכה","06/05/2024","23:30",0.048,0
"503-00000000","צריכה","06/05/2024","23:45",0.056,0
"503-00000000","צריכה","07/05/2024","00:00",0.043,0
"503-00000000","צריכה","07/05/2024","00:15",0.055,0
"503-00000000","צריכה","07/05/2024","00:30",0.049,0
"503-00000000","צריכה","07/05/2024","00:45",0.042,0
"503-00000000","צריכה","07/05/2024","01:00",0.050,0
"503-00000000","צריכה","07/05/2024","01:15",0.050,0
"503-00000000","צריכה","07/05/2024","01:30",0.054,0
"503-00000000","צריכה","07/05/2024","01:45",0.056,0
"503-00000000","צריכה","07/05/2024","02:00",0.061,0
"503-00000000","צריכה","07/05/2024","02:15",0.060,0
"503-00000000","צריכה","07/05/2024","02:30",0.048,0
"503-00000000","צריכה","07/05/2024","02:45",0.058,0
"503-00000000","צריכה","07/05/2024","03:00",0.054,0
"503-00000000","צריכה","07/05/2024","03:15",0.047,0
"503-00000000","צריכה","07/05/2024","03:30",0.046,0
"503-00000000","צריכה","07/05/2024","03:45",0.061,0
"503-00000000","צריכה","07/05/2024","04:00",0.049,0
"503-00000000","צריכה","07/05/2024","04:15",0.049,0
"503-00000000","צריכה","07/05/2024","04:30",0.045,0
"503-00000000","צריכה","07/05/2024","04:45",0.040,0
"503-00000000","צריכה","07/05/2024","05:00",0.043,0
"503-00000000","צריכה","07/05/2024","05:15",0.054,0
"503-00000000","צריכה","07/05/2024","05:30",0.040,0
"503-00000000","צריכה","07/05/2024","05:45",0.054,0
"503-00000000","צריכה","07/05/2024","06:00",0.087,0
"503-00000000","צריכה","07/05/2024","06:15",0.075,0
"503-00000000","צריכה","07/05/2024","06:30",0.092,0
"503-00000000","צריכה","07/05/2024","06:45",0.104,0
"503-00000000","צריכה","07/05/2024","07:00",0.110,0
"503-00000000","צריכה","07/05/2024","07:15",0.116,0
"503-00000000","צריכה","07/05/2024","07:30",0.091,0
"503-00000000","צריכה","07/05/2024","07:45",0.102,0
"503-00000000","צריכה","07/05/2024","08:00",0.094,0
"503-00000000","צריכה","07/05/2024","08:15",0.084,0
"503-00000000","צריכה","07/05/2024","08:30",0.088,0
"503-00000000","צריכה","07/05/2024","08:45",0.081,0
"503-00000000","צריכה","07/05/2024","09:00",0.053,0
"503-00000000","צריכה","07/05/2024","09:15",0.080,0
"503-00000000","צריכה","07/05/2024","09:30",0.069,0
"503-00000000","צריכה","07/05/2024","09:45",0.070,0
"503-00000000","צריכה","07/05/2024","10:00",0.066,0
"503-00000000","צריכה","07/05/2024","10:15",0.064,0
"503-00000000","צריכה","07/05/2024","10:30",0.073,0
"503-00000000","צריכה","07/05/2024","10:45",0.075,0
"503-00000000","צריכה","07/05/2024","11:00",0.079,0
"503-00000000","צריכה","07/05/2024","11:15",0.072,0
"503-00000000","צריכה","07/05/2024","11:30",0.066,0
"503-00000000","צריכה","07/05/2024","11:45",0.078,0
"503-00000000","צריכה","07/05/2024","12:00",0.069,0
"503-00000000","צריכה","07/05/2024","12:15",0.082,0
"503-00000000","צריכה","07/05/2024","12:30",0.076,0
"503-00000000","צריכה","07/05/2024","12:45",0.064,0
"503-00000000","צריכה","07/05/2024","13:00",0.081,0
"503-00000000","צריכה","07/05/2024","13:15",0.080,0
"503-00000000","צריכה","07/05/2024","13:30",0.084,0
"503-00000000","צריכה","07/05/2024","13:45",0.053,0
"503-00000000","צריכה","07/05/2024","14:00",0.064,0
"503-00000000","צריכה","07/05/2024","14:15",0.056,0
"503-00000000","צריכה","07/05/2024","14:30",0.074,0
"503-00000000","צריכה","07/05/2024","14:45",0.083,0
"503-00000000","צריכה","07/05/2024","15:00",0.058,0
"503-00000000","צריכה","07/05/2024","15:15",0.055,0
"503-00000000","צריכה","07/05/2024","15:30",0.084,0
"503-00000000","צריכה","07/05/2024","15:45",0.079,0
"503-00000000","צריכה","07/05/2024","16:00",0.074,0
"503-00000000","צריכה","07/05/2024","16:15",0.061,0
"503-00000000","צריכה","07/05/2024","16:30",0.055,0
"503-00000000","צריכה","07/05/2024","16:45",0.063,0
"503-00000000","צריכה","07/05/2024","17:00",0.167,0
"503-00000000","צריכה","07/05/2024","17:15",0.180,0
"503-00000000","צריכה","07/05/2024","17:30",0.170,0
"503-00000000","צריכה","07/05/2024","17:45",0.170,0
"503-00000000","צריכה","07/05/2024","18:00",0.166,0
"503-00000000","צריכה","07/05/2024","18:15",0.158,0
"503-00000000","צריכה","07/05/2024","18:30",0.196,0
"503-00000000","צריכה","07/05/2024","18:45",0.189,0
"503-00000000","צריכה","07/05/2024","19:00",0.202,0
"503-00000000","צריכה","07/05/2024","19:15",0.197,0
"503-00000000","צריכה","07/05/2024","19:30",0.148,0
"503-00000000","צריכה","07/05/2024","19:45",0.158,0
"503-00000000","צריכה","07/05/2024","20:00",0.148,0
"503-00000000","צריכה","07/05/2024","20:15",0.136,0
"503-00000000","צריכה","07/05/2024","20:30",0.195,0
"503-00000000","צריכה","07/05/2024","20:45",0.189,0
"503-00000000","צריכה","07/05/2024","21:00",0.189,0
"503-00000000","צריכה","07/05/2024","21:15",0.212,0
"503-00000000","צריכה","07/05/2024","21:30",0.152,0
"503-00000000","צריכה","07/05/2024","21:45",0.207,0
"503-00000000","צריכה","07/05/2024","22:00",0.217,0
"503-00000000","צריכה","07/05/2024","22:15",0.184,0
"503-00000000","צריכה","07/05/2024","22:30",0.203,0
"503-00000000","צריכה","07/05/2024","22:45",0.197,0
"503-00000000","צריכה","07/05/2024","23:00",0.062,0
"503-00000000","צריכה","07/05/2024","23:15",0.054,0
"503-00000000","צריכה","07/05/2024","23:30",0.056,0
"503-00000000","צריכה","07/05/2024","23:45",0.062,0
"503-00000000","צריכה","08/05/2024","00:00",0.051,0
"503-00000000","צריכה","08/05/2024","00:15",0.040,0
"503-00000000","צריכה","08/05/2024","00:30",0.049,0
"503-00000000","צריכה","08/05/2024","00:45",0.062,0
"503-00000000","צריכה","08/05/2024","01:00",0.048,0
"503-00000000","צריכה","08/05/2024","01:15",0.043,0
"503-00000000","צריכה","08/05/2024","01:30",0.050,0
"503-00000000","צריכה","08/05/2024","01:45",0.052,0
"503-00000000","צריכה","08/05/2024","02:00",0.050,0
"503-00000000","צריכה","08/05/2024","02:15",0.055,0
"503-00000000","צריכה","08/05/2024","02:30",0.043,0
"503-00000000","צריכה","08/05/2024","02:45",0.055,0
"503-00000000","צריכה","08/05/2024","03:00",0.051,0
"503-00000000","צריכה","08/05/2024","03:15",0.040,0
"503-00000000","צריכה","08/05/2024","03:30",0.052,0
"503-00000000","צריכה","08/05/2024","03:45",0.044,0
"503-00000000","צריכה","08/05/2024","04:00",0.045,0
"503-00000000","צריכה","08/05/2024","04:15",0.054,0
"503-00000000","צריכה","08/05/2024","04:30",0.043,0
"503-00000000","צריכה","08/05/2024","04:45",0.039,0
"503-00000000","צריכה","08/05/2024","05:00",0.055,0
"503-00000000","צריכה","08/05/2024","05:15",0.052,0
"503-00000000","צריכה","08/05/2024","05:30",0.054,0
"503-00000000","צריכה","08/05/2024","05:45",0.062,0
"503-00000000","צריכה","08/05/2024","06:00",0.121,0
"503-00000000","צריכה","08/05/2024","06:15",0.111,0
"503-00000000","צריכה","08/05/2024","06:30",0.085,0
"503-00000000","צריכה","08/05/2024","06:45",0.116,0
"503-00000000","צריכה","08/05/2024","07:00",0.079,0
"503-00000000","צריכה","08/05/2024","07:15",0.075,0
"503-00000000","צריכה","08/05/2024","07:30",0.094,0
"503-00000000","צריכה","08/05/2024","07:45",0.092,0
"503-00000000","צריכה","08/05/2024","08:00",0.122,0
"503-00000000","צריכה","08/05/2024","08:15",0.085,0
"503-00000000","צריכה","08/05/2024","08:30",0.076,0
"503-00000000","צריכה","08/05/2024","08:45",0.103,0
"503-00000000","צריכה","08/05/2024","09:00",0.070,0
"503-00000000","צריכה","08/05/2024","09:15",0.067,0
"503-00000000","צריכה","08/05/2024","09:30",0.052,0
"503-00000000","צריכה","08/05/2024","09:45",0.072,0
"503-00000000","צריכה","08/05/2024","10:00",0.063,0
"503-00000000","צריכה","08/05/2024","10:15",0.055,0
"503-00000000","צריכה","08/05/2024","10:30",0.062,0
"503-00000000","צריכה","08/05/2024","10:45",0.062,0
"503-00000000","צריכה","08/05/2024","11:00",0.066,0
"503-00000000","צריכה","08/05/2024","11:15",0.065,0
"503-00000000","צריכה","08/05/2024","11:30",0.069,0
"503-00000000","צריכה","08/05/2024","11:45",0.060,0
"503-00000000","צריכה","08/05/2024","12:00",0.061,0
"503-00000000","צריכה","08/05/2024","12:15",0.079,0
"503-00000000","צריכה","08/05/2024","12:30",0.070,0
"503-00000000","צריכה","08/05/2024","12:45",0.077,0
"503-00000000","צריכה","08/05/2024","13:00",0.061,0
"503-00000000","צריכה","08/05/2024","13:15",0.077,0
"503-00000000","צריכה","08/05/2024","13:30",0.068,0
"503-00000000","צריכה","08/05/2024","13:45",0.064,0
"503-00000000","צריכה","08/05/2024","14:00",0.068,0
"503-00000000","צריכה","08/05/2024","14:15",0.072,0
"503-00000000","צריכה","08/05/2024","14:30",0.077,0
"503-00000000","צריכה","08/05/2024","14:45",0.064,0
"503-00000000","צריכה","08/05/2024","15:00",0.075,0
"503-00000000","צריכה","08/05/2024","15:15",0.066,0
"503-00000000","צריכה","08/05/2024","15:30",0.051,0
"503-00000000","צריכה","08/05/2024","15:45",0.059,0
"503-00000000","צריכה","08/05/2024","16:00",0.053,0
"503-00000000","צריכה","08/05/2024","16:15",0.083,0
"503-00000000","צריכה","08/05/2024","16:30",0.065,0
"503-00000000","צריכה","08/05/2024","16:45",0.054,0
"503-00000000","צריכה","08/05/2024","17:00",0.190,0
"503-00000000","צריכה","08/05/2024","17:15",0.135,0
"503-00000000","צריכה","08/05/2024","17:30",0.153,0
"503-00000000","צריכה","08/05/2024","17:45",0.150,0
"503-00000000","צריכה","08/05/2024","18:00",0.163,0
"503-00000000","צריכה","08/05/2024","18:15",0.189,0
"503-00000000","צריכה","08/05/2024","18:30",0.206,0
"503-00000000","צריכה","08/05/2024","18:45",0.203,0
"503-00000000","צריכה","08/05/2024","19:00",0.208,0
"503-00000000","צריכה","08/05/2024","19:15",0.214,0
"503-00000000","צריכה","08/05/2024","19:30",0.205,0
"503-00000000","צריכה","08/05/2024","19:45",0.139,0
"503-00000000","צריכה","08/05/2024","20:00",0.178,0
"503-00000000","צריכה","08/05/2024","20:15",0.174,0
"503-00000000","צריכה","08/05/2024","20:30",0.218,0
"503-00000000","צריכה","08/05/2024","20:45",0.175,0
"503-00000000","צריכה","08/05/2024","21:00",0.147,0
"503-00000000","צריכה","08/05/2024","21:15",0.183,0
"503-00000000","צריכה","08/05/2024","21:30",0.148,0
"503-00000000","צריכה","08/05/2024","21:45",0.182,0
"503-00000000","צריכה","08/05/2024","22:00",0.143,0
"503-00000000","צריכה","08/05/2024","22:15",0.132,0
"503-00000000","צריכה","08/05/2024","22:30",0.149,0
"503-00000000","צריכה","08/05/2024","22:45",0.171,0
"503-00000000","צריכה","08/05/2024","23:00",0.038,0
"503-00000000","צריכה","08/05/2024","23:15",0.042,0
"503-00000000","צריכה","08/05/2024","23:30",0.043,0
"503-00000000","צריכה","08/05/2024","23:45",0.057,0
"503-00000000","צריכה","09/05/2024","00:00",0.060,0
"503-00000000","צריכה","09/05/2024","00:15",0.050,0
"503-00000000","צריכה","09/05/2024","00:30",0.053,0
"503-00000000","צריכה","09/05/2024","00:45",0.048,0
"503-00000000","צריכה","09/05/2024","01:00",0.045,0
"503-00000000","צריכה","09/05/2024","01:15",0.056,0
"503-00000000","צריכה","09/05/2024","01:30",0.052,0
"503-00000000","צריכה","09/05/2024","01:45",0.052,0
"503-00000000","צריכה","09/05/2024","02:00",0.049,0
"503-00000000","צריכה","09/05/2024","02:15",0.060,0
"503-00000000","צריכה","09/05/2024","02:30",0.054,0
"503-00000000","צריכה","09/05/2024","02:45",0.048,0
"503-00000000","צריכה","09/05/2024","03:00",0.056,0
"503-00000000","צריכה","09/05/2024","03:15",0.060,0
"503-00000000","צריכה","09/05/2024","03:30",0.058,0
"503-00000000","צריכה","09/05/2024","03:45",0.042,0
"503-00000000","צריכה","09/05/2024","04:00",0.045,0
"503-00000000","צריכה","09/05/2024","04:15",0.051,0
"503-00000000","צריכה","09/05/2024","04:30",0.062,0
"503-00000000","צריכה","09/05/2024","04:45",0.046,0
"503-00000000","צריכה","09/05/2024","05:00",0.043,0
"503-00000000","צריכה","09/05/2024","05:15",0.045,0
"503-00000000","צריכה","09/05/2024","05:30",0.040,0
"503-00000000","צריכה","09/05/2024","05:45",0.052,0
"503-00000000","צריכה","09/05/2024","06:00",0.082,0
"503-00000000","צריכה","09/05/2024","06:15",0.107,0
"503-00000000","צריכה","09/05/2024","06:30",0.103,0
"503-00000000","צריכה","09/05/2024","06:45",0.085,0
"503-00000000","צריכה","09/05/2024","07:00",0.097,0
"503-00000000","צריכה","09/05/2024","07:15",0.099,0
"503-00000000","צריכה","09/05/2024","07:30",0.115,0
"503-00000000","צריכה","09/05/2024","07:45",0.114,0
"503-00000000","צריכה","09/05/2024","08:00",0.101,0
"503-00000000","צריכה","09/05/2024","08:15",0.082,0
"503-00000000","צריכה","09/05/2024","08:30",0.106,0
"503-00000000","צריכה","09/05/2024","08:45",0.076,0
"503-00000000","צריכה","09/05/2024","09:00",0.065,0
"503-00000000","צריכה","09/05/2024","09:15",0.065,0
"503-00000000","צריכה","09/05/2024","09:30",0.081,0
"503-00000000","צריכה","09/05/2024","09:45",0.059,0
"503-00000000","צריכה","09/05/2024","10:00",0.084,0
"503-00000000","צריכה","09/05/2024","10:15",0.066,0
"503-00000000","צריכה","09/05/2024","10:30",0.070,0
"503-00000000","צריכה","09/05/2024","10:45",0.055,0
"503-00000000","צריכה","09/05/2024","11:00",0.064,0
"503-00000000","צריכה","09/05/2024","11:15",0.061,0
"503-00000000","צריכה","09/05/2024","11:30",0.056,0
"503-00000000","צריכה","09/05/2024","11:45",0.077,0
"503-00000000","צריכה","09/05/2024","12:00",0.066,0
"503-00000000","צריכה","09/05/2024","12:15",0.055,0
"503-00000000","צריכה","09/05/2024","12:30",0.082,0
"503-00000000","צריכה","09/05/2024","12:45",0.071,0
"503-00000000","צריכה","09/05/2024","13:00",0.074,0
"503-00000000","צריכה","09/05/2024","13:15",0.063,0
"503-00000000","צריכה","09/05/2024","13:30",0.075,0
"503-00000000","צריכה","09/05/2024","13:45",0.073,0
"503-00000000","צריכה","09/05/2024","14:00",0.077,0
"503-00000000","צריכה","09/05/2024","14:15",0.078,0
"503-00000000","צריכה","09/05/2024","14:30",0.058,0
"503-00000000","צריכה","09/05/2024","14:45",0.056,0
"503-00000000","צריכה","09/05/2024","15:00",0.073,0
"503-00000000","צריכה","09/05/2024","15:15",0.066,0
"503-00000000","צריכה","09/05/2024","15:30",0.078,0
"503-00000000","צריכה","09/05/2024","15:45",0.067,0
"503-00000000","צריכה","09/05/2024","16:00",0.065,0
"503-00000000","צריכה","09/05/2024","16:15",0.084,0
"503-00000000","צריכה","09/05/2024","16:30",0.057,0
"503-00000000","צריכה","09/05/2024","16:45",0.055,0
"503-00000000","צריכה","09/05/2024","17:00",0.197,0
"503-00000000","צריכה","09/05/2024","17:15",0.140,0
"503-00000000","צריכה","09/05/2024","17:30",0.219,0
"503-00000000","צריכה","09/05/2024","17:45",0.206,0
"503-00000000","צריכה","09/05/2024","18:00",0.168,0
"503-00000000","צריכה","09/05/2024","18:15",0.155,0
"503-00000000","צריכה","09/05/2024","18:30",0.176,0
"503-00000000","צריכה","09/05/2024","18:45",0.183,0
"503-00000000","צריכה","09/05/2024","19:00",0.207,0
"503-00000000","צריכה","09/05/2024","19:15",0.148,0
"503-00000000","צריכה","09/05/2024","19:30",0.212,0
"503-00000000","צריכה","09/05/2024","19:45",0.171,0
"503-00000000","צריכה","09/05/2024","20:00",0.181,0
"503-00000000","צריכה","09/05/2024","20:15",0.152,0
"503-00000000","צריכה","09/05/2024","20:30",0.199,0
"503-00000000","צריכה","09/05/2024","20:45",0.165,0
"503-00000000","צריכה","09/05/2024","21:00",0.190,0
"503-00000000","צריכה","09/05/2024","21:15",0.211,0
"503-00000000","צריכה","09/05/2024","21:30",0.138,0
"503-00000000","צריכה","09/05/2024","21:45",0.175,0
"503-00000000","צריכה","09/05/2024","22:00",0.170,0
"503-00000000","צריכה","09/05/2024","22:15",0.212,0
"503-00000000","צריכה","09/05/2024","22:30",0.138,0
"503-00000000","צריכה","09/05/2024","22:45",0.157,0
"503-00000000","צריכה","09/05/2024","23:00",0.056,0
"503-00000000","צריכה","09/05/2024","23:15",0.055,0
"503-00000000","צריכה","09/05/2024","23:30",0.038,0
"503-00000000","צריכה","09/05/2024","23:45",0.047,0
"503-00000000","צריכה","10/05/2024","00:00",0.046,0
"503-00000000","צריכה","10/05/2024","00:15",0.057,0
"503-00000000","צריכה","10/05/2024","00:30",0.048,0
"503-00000000","צריכה","10/05/2024","00:45",0.051,0
"503-00000000","צריכה","10/05/2024","01:00",0.057,0
"503-00000000","צריכה","10/05/2024","01:15",0.058,0
"503-00000000","צריכה","10/05/2024","01:30",0.054,0
"503-00000000","צריכה","10/05/2024","01:45",0.055,0
"503-00000000","צריכה","10/05/2024","02:00",0.040,0
"503-00000000","צריכה","10/05/2024","02:15",0.052,0
"503-00000000","צריכה","10/05/2024","02:30",0.059,0
"503-00000000","צריכה","10/05/2024","02:45",0.039,0
"503-00000000","צריכה","10/05/2024","03:00",0.049,0
"503-00000000","צריכה","10/05/2024","03:15",0.042,0
"503-00000000","צריכה","10/05/2024","03:30",0.044,0
"503-00000000","צריכה","10/05/2024","03:45",0.057,0
"503-00000000","צריכה","10/05/2024","04:00",0.061,0
"503-00000000","צריכה","10/05/2024","04:15",0.055,0
"503-00000000","צריכה","10/05/2024","04:30",0.039,0
"503-00000000","צריכה","10/05/2024","04:45",0.039,0
"503-00000000","צריכה","10/05/2024","05:00",0.056,0
"503-00000000","צריכה","10/05/2024","05:15",0.050,0
"503-00000000","צריכה","10/05/2024","05:30",0.049,0
"503-00000000","צריכה","10/05/2024","05:45",0.050,0
"503-00000000","צריכה","10/05/2024","06:00",0.115,0
"503-00000000","צריכה","10/05/2024","06:15",0.115,0
"503-00000000","צריכה","10/05/2024","06:30",0.083,0
"503-00000000","צריכה","10/05/2024","06:45",0.123,0
"503-00000000","צריכה","10/05/2024","07:00",0.082,0
"503-00000000","צריכה","10/05/2024","07:15",0.118,0
"503-00000000","צריכה","10/05/2024","07:30",0.113,0
"503-00000000","צריכה","10/05/2024","07:45",0.095,0
"503-00000000","צריכה","10/05/2024","08:00",0.102,0
"503-00000000","צריכה","10/05/2024","08:15",0.108,0
"503-00000000","צריכה","10/05/2024","08:30",0.089,0
"503-00000000","צריכה","10/05/2024","08:45",0.107,0
"503-00000000","צריכה","10/05/2024","09:00",0.097,0
"503-00000000","צריכה","10/05/2024","09:15",0.093,0
"503-00000000","צריכה","10/05/2024","09:30",0.138,0
"503-00000000","צריכה","10/05/2024","09:45",0.139,0
"503-00000000","צריכה","10/05/2024","10:00",0.117,0
"503-00000000","צריכה","10/05/2024","10:15",0.129,0
"503-00000000","צריכה","10/05/2024","10:30",0.092,0
"503-00000000","צריכה","10/05/2024","10:45",0.112,0
"503-00000000","צריכה","10/05/2024","11:00",0.090,0
"503-00000000","צריכה","10/05/2024","11:15",0.124,0
"503-00000000","צריכה","10/05/2024","11:30",0.140,0
"503-00000000","צריכה","10/05/2024","11:45",0.142,0
"503-00000000","צריכה","10/05/2024","12:00",0.088,0
"503-00000000","צריכה","10/05/2024","12:15",0.117,0
"503-00000000","צריכה","10/05/2024","12:30",0.141,0
"503-00000000","צריכה","10/05/2024","12:45",0.130,0
"503-00000000","צריכה","10/05/2024","13:00",0.137,0
"503-00000000","צריכה","10/05/2024","13:15",0.136,0
"503-00000000","צריכה","10/05/2024","13:30",0.119,0
"503-00000000","צריכה","10/05/2024","13:45",0.136,0
"503-00000000","צריכה","10/05/2024","14:00",0.109,0
"503-00000000","צריכה","10/05/2024","14:15",0.128,0
"503-00000000","צריכה","10/05/2024","14:30",0.136,0
"503-00000000","צריכה","10/05/2024","14:45",0.125,0
"503-00000000","צריכה","10/05/2024","15:00",0.101,0
"503-00000000","צריכה","10/05/2024","15:15",0.142,0
"503-00000000","צריכה","10/05/2024","15:30",0.102,0
"503-00000000","צריכה","10/05/2024","15:45",0.097,0
"503-00000000","צריכה","10/05/2024","16:00",0.099,0
"503-00000000","צריכה","10/05/2024","16:15",0.090,0
"503-00000000","צריכה","10/05/2024","16:30",0.147,0
"503-00000000","צריכה","10/05/2024","16:45",0.138,0
"503-00000000","צריכה","10/05/2024","17:00",0.166,0
"503-00000000","צריכה","10/05/2024","17:15",0.144,0
"503-00000000","צריכה","10/05/2024","17:30",0.155,0
"503-00000000","צריכה","10/05/2024","17:45",0.146,0
"503-00000000","צריכה","10/05/2024","18:00",0.189,0
"503-00000000","צריכה","10/05/2024","18:15",0.135,0
"503-00000000","צריכה","10/05/2024","18:30",0.163,0
"503-00000000","צריכה","10/05/2024","18:45",0.148,0
"503-00000000","צריכה","10/05/2024","19:00",0.180,0
"503-00000000","צריכה","10/05/2024","19:15",0.218,0
"503-00000000","צריכה","10/05/2024","19:30",0.144,0
"503-00000000","צריכה","10/05/2024","19:45",0.196,0
"503-00000000","צריכה","10/05/2024","20:00",0.150,0
"503-00000000","צריכה","10/05/2024","20:15",0.203,0
"503-00000000","צריכה","10/05/2024","20:30",0.152,0
"503-00000000","צריכה","10/05/2024","20:45",0.185,0
"503-00000000","צריכה","10/05/2024","21:00",0.163,0
"503-00000000","צריכה","10/05/2024","21:15",0.214,0
"503-00000000","צריכה","10/05/2024","21:30",0.205,0
"503-00000000","צריכה","10/05/2024","21:45",0.181,0
"503-00000000","צריכה","10/05/2024","22:00",0.165,0
"503-00000000","צריכה","10/05/2024","22:15",0.145,0
"503-00000000","צריכה","10/05/2024","22:30",0.132,0
"503-00000000","צריכה","10/05/2024","22:45",0.210,0
"503-00000000","צריכה","10/05/2024","23:00",0.043,0
"503-00000000","צריכה","10/05/2024","23:15",0.047,0
"503-00000000","צריכה","10/05/2024","23:30",0.061,0
"503-00000000","צריכה","10/05/2024","23:45",0.043,0
"503-00000000","צריכה","11/05/2024","00:00",0.043,0
"503-00000000","צריכה","11/05/2024","00:15",0.061,0
"503-00000000","צריכה","11/05/2024","00:30",0.043,0
"503-00000000","צריכה","11/05/2024","00:45",0.046,0
"503-00000000","צריכה","11/05/2024","01:00",0.051,0
"503-00000000","צריכה","11/05/2024","01:15",0.045,0
"503-00000000","צריכה","11/05/2024","01:30",0.062,0
"503-00000000","צריכה","11/05/2024","01:45",0.045,0
"503-00000000","צריכה","11/05/2024","02:00",0.057,0
"503-00000000","צריכה","11/05/2024","02:15",0.060,0
"503-00000000","צריכה","11/05/2024","02:30",0.061,0
"503-00000000","צריכה","11/05/2024","02:45",0.055,0
"503-00000000","צריכה","11/05/2024","03:00",0.049,0
"503-00000000","צריכה","11/05/2024","03:15",0.056,0
"503-00000000","צריכה","11/05/2024","03:30",0.060,0
"503-00000000","צריכה","11/05/2024","03:45",0.058,0
"503-00000000","צריכה","11/05/2024","04:00",0.048,0
"503-00000000","צריכה","11/05/2024","04:15",0.048,0
"503-00000000","צריכה","11/05/2024","04:30",0.055,0
"503-00000000","צריכה","11/05/2024","04:45",0.058,0
"503-00000000","צריכה","11/05/2024","05:00",0.060,0
"503-00000000","צריכה","11/05/2024","05:15",0.060,0
"503-00000000","צריכה","11/05/2024","05:30",0.043,0
"503-00000000","צריכה","11/05/2024","05:45",0.049,0
"503-00000000","צריכה","11/05/2024","06:00",0.088,0
"503-00000000","צריכה","11/05/2024","06:15",0.099,0
"503-00000000","צריכה","11/05/2024","06:30",0.100,0
"503-00000000","צריכה","11/05/2024","06:45",0.097,0
"503-00000000","צריכה","11/05/2024","07:00",0.082,0
"503-00000000","צריכה","11/05/2024","07:15",0.082,0
"503-00000000","צריכה","11/05/2024","07:30",0.086,0
"503-00000000","צריכה","11/05/2024","07:45",0.109,0
"503-00000000","צריכה","11/05/2024","08:00",0.122,0
"503-00000000","צריכה","11/05/2024","08:15",0.110,0
"503-00000000","צריכה","11/05/2024","08:30",0.123,0
"503-00000000","צריכה","11/05/2024","08:45",0.077,0
"503-00000000","צריכה","11/05/2024","09:00",0.133,0
"503-00000000","צריכה","11/05/2024","09:15",0.093,0
"503-00000000","צריכה","11/05/2024","09:30",0.097,0
"503-00000000","צריכה","11/05/2024","09:45",0.106,0
"503-00000000","צריכה","11/05/2024","10:00",0.110,0
"503-00000000","צריכה","11/05/2024","10:15",0.127,0
"503-00000000","צריכה","11/05/2024","10:30",0.121,0
"503-00000000","צריכה","11/05/2024","10:45",0.132,0
"503-00000000","צריכה","11/05/2024","11:00",0.141,0
"503-00000000","צריכה","11/05/2024","11:15",0.134,0
"503-00000000","צריכה","11/05/2024","11:30",0.095,0
"503-00000000","צריכה","11/05/2024","11:45",0.136,0
"503-00000000","צריכה","11/05/2024","12:00",0.101,0
"503-00000000","צריכה","11/05/2024","12:15",0.097,0
"503-00000000","צריכה","11/05/2024","12:30",0.089,0
"503-00000000","צריכה","11/05/2024","12:45",0.144,0
"503-00000000","צריכה","11/05/2024","13:00",0.145,0
"503-00000000","צריכה","11/05/2024","13:15",0.142,0
"503-00000000","צריכה","11/05/2024","13:30",0.141,0
"503-00000000","צריכה","11/05/2024","13:45",0.132,0
"503-00000000","צריכה","11/05/2024","14:00",0.100,0
"503-00000000","צריכה","11/05/2024","14:15",0.100,0
"503-00000000","צריכה","11/05/2024","14:30",0.142,0
"503-00000000","צריכה","11/05/2024","14:45",0.097,0
"503-00000000","צריכה","11/05/2024","15:00",0.116,0
"503-00000000","צריכה","11/05/2024","15:15",0.128,0
"503-00000000","צריכה","11/05/2024","15:30",0.102,0
"503-00000000","צריכה","11/05/2024","15:45",0.123,0
"503-00000000","צריכה","11/05/2024","16:00",0.108,0
"503-00000000","צריכה","11/05/2024","16:15",0.138,0
"503-00000000","צריכה","11/05/2024","16:30",0.123,0
"503-00000000","צריכה","11/05/2024","16:45",0.107,0
"503-00000000","צריכה","11/05/2024","17:00",0.148,0
"503-00000000","צריכה","11/05/2024","17:15",0.137,0
"503-00000000","צריכה","11/05/2024","17:30",0.217,0
"503-00000000","צריכה","11/05/2024","17:45",0.147,0
"503-00000000","צריכה","11/05/2024","18:00",0.144,0
"503-00000000","צריכה","11/05/2024","18:15",0.167,0
"503-00000000","צריכה","11/05/2024","18:30",0.169,0
"503-00000000","צריכה","11/05/2024","18:45",0.184,0
"503-00000000","צריכה","11/05/2024","19:00",0.201,0
"503-00000000","צריכה","11/05/2024","19:15",0.194,0
"503-00000000","צריכה","11/05/2024","19:30",0.193,0
"503-00000000","צריכה","11/05/2024","19:45",0.193,0
"503-00000000","צריכה","11/05/2024","20:00",0.154,0
"503-00000000","צריכה","11/05/2024","20:15",0.200,0
"503-00000000","צריכה","11/05/2024","20:30",0.137,0
"503-00000000","צריכה","11/05/2024","20:45",0.138,0
"503-00000000","צריכה","11/05/2024","21:00",0.187,0
"503-00000000","צריכה","11/05/2024","21:15",0.139,0
"503-00000000","צריכה","11/05/2024","21:30",0.134,0
"503-00000000","צריכה","11/05/2024","21:45",0.147,0
"503-00000000","צריכה","11/05/2024","22:00",0.204,0
"503-00000000","צריכה","11/05/2024","22:15",0.151,0
"503-00000000","צריכה","11/05/2024","22:30",0.155,0
"503-00000000","צריכה","11/05/2024","22:45",0.156,0
"503-00000000","צריכה","11/05/2024","23:00",0.038,0
"503-00000000","צריכה","11/05/2024","23:15",0.053,0
"503-00000000","צריכה","11/05/2024","23:30",0.047,0
"503-00000000","צריכה","11/05/2024","23:45",0.056,0
"503-00000000","צריכה","12/05/2024","00:00",0.045,0
"503-00000000","צריכה","12/05/2024","00:15",0.038,0
"503-00000000","צריכה","12/05/2024","00:30",0.061,0
"503-00000000","צריכה","12/05/2024","00:45",0.052,0
"503-00000000","צריכה","12/05/2024","01:00",0.056,0
"503-00000000","צריכה","12/05/2024","01:15",0.046,0
"503-00000000","צריכה","12/05/2024","01:30",0.042,0
"503-00000000","צריכה","12/05/2024","01:45",0.052,0
"503-00000000","צריכה","12/05/2024","02:00",0.044,0
"503-00000000","צריכה","12/05/2024","02:15",0.040,0
"503-00000000","צריכה","12/05/2024","02:30",0.039,0
"503-00000000","צריכה","12/05/2024","02:45",0.038,0
"503-00000000","צריכה","12/05/2024","03:00",0.057,0
"503-00000000","צריכה","12/05/2024","03:15",0.052,0
"503-00000000","צריכה","12/05/2024","03:30",0.049,0
"503-00000000","צריכה","12/05/2024","03:45",0.062,0
"503-00000000","צריכה","12/05/2024","04:00",0.039,0
"503-00000000","צריכה","12/05/2024","04:15",0.056,0
"503-00000000","צריכה","12/05/2024","04:30",0.042,0
"503-00000000","צריכה","12/05/2024","04:45",0.059,0
"503-00000000","צריכה","12/05/2024","05:00",0.061,0
"503-00000000","צריכה","12/05/2024","05:15",0.057,0
"503-00000000","צריכה","12/05/2024","05:30",0.047,0
"503-00000000","צריכה","12/05/2024","05:45",0.038,0
"503-00000000","צריכה","12/05/2024","06:00",0.079,0
"503-00000000","צריכה","12/05/2024","06:15",0.106,0
"503-00000000","צריכה","12/05/2024","06:30",0.100,0
"503-00000000","צריכה","12/05/2024","06:45",0.093,0
"503-00000000","צריכה","12/05/2024","07:00",0.087,0
"503-00000000","צריכה","12/05/2024","07:15",0.091,0
"503-00000000","צריכה","12/05/2024","07:30",0.103,0
"503-00000000","צריכה","12/05/2024","07:45",0.116,0
"503-00000000","צריכה","12/05/2024","08:00",0.107,0
"503-00000000","צריכה","12/05/2024","08:15",0.092,0
"503-00000000","צריכה","12/05/2024","08:30",0.101,0
"503-00000000","צריכה","12/05/2024","08:45",0.076,0
"503-00000000","צריכה","12/05/2024","09:00",0.079,0
"503-00000000","צריכה","12/05/2024","09:15",0.059,0
"503-00000000","צריכה","12/05/2024","09:30",0.062,0
"503-00000000","צריכה","12/05/2024","09:45",0.076,0
"503-00000000","צריכה","12/05/2024","10:00",0.065,0
"503-00000000","צריכה","12/05/2024","10:15",0.065,0
"503-00000000","צריכה","12/05/2024","10:30",0.079,0
"503-00000000","צריכה","12/05/2024","10:45",0.054,0
"503-00000000","צריכה","12/05/2024","11:00",0.057,0
"503-00000000","צריכה","12/05/2024","11:15",0.055,0
"503-00000000","צריכה","12/05/2024","11:30",0.067,0
"503-00000000","צריכה","12/05/2024","11:45",0.055,0
"503-00000000","צריכה","12/05/2024","12:00",0.061,0
"503-00000000","צריכה","12/05/2024","12:15",0.053,0
"503-00000000","צריכה","12/05/2024","12:30",0.072,0
"503-00000000","צריכה","12/05/2024","12:45",0.054,0
"503-00000000","צריכה","12/05/2024","13:00",0.082,0
"503-00000000","צריכה","12/05/2024","13:15",0.055,0
"503-00000000","צריכה","12/05/2024","13:30",0.083,0
"503-00000000","צריכה","12/05/2024","13:45",0.077,0
"503-00000000","צריכה","12/05/2024","14:00",0.058,0
"503-00000000","צריכה","12/05/2024","14:15",0.058,0
"503-00000000","צריכה","12/05/2024","14:30",0.073,0
"503-00000000","צריכה","12/05/2024","14:45",0.054,0
"503-00000000","צריכה","12/05/2024","15:00",0.062,0
"503-00000000","צריכה","12/05/2024","15:15",0.059,0
"503-00000000","צריכה","12/05/2024","15:30",0.053,0
"503-00000000","צריכה","12/05/2024","15:45",0.081,0
"503-00000000","צריכה","12/05/2024","16:00",0.079,0
"503-00000000","צריכה","12/05/2024","16:15",0.066,0
"503-00000000","צריכה","12/05/2024","16:30",0.074,0
"503-00000000","צריכה","12/05/2024","16:45",0.083,0
"503-00000000","צריכה","12/05/2024","17:00",0.167,0
"503-00000000","צריכה","12/05/2024","17:15",0.209,0
"503-00000000","צריכה","12/05/2024","17:30",0.144,0
"503-00000000","צריכה","12/05/2024","17:45",0.189,0
"503-00000000","צריכה","12/05/2024","18:00",0.162,0
"503-00000000","צריכה","12/05/2024","18:15",0.155,0
"503-00000000","צריכה","12/05/2024","18:30",0.138,0
"503-00000000","צריכה","12/05/2024","18:45",0.139,0
"503-00000000","צריכה","12/05/2024","19:00",0.196,0
"503-00000000","צריכה","12/05/2024","19:15",0.161,0
"503-00000000","צריכה","12/05/2024","19:30",0.191,0
"503-00000000","צריכה","12/05/2024","19:45",0.201,0
"503-00000000","צריכה","12/05/2024","20:00",0.170,0
"503-00000000","צריכה","12/05/2024","20:15",0.191,0
"503-00000000","צריכה","12/05/2024","20:30",0.197,0
"503-00000000","צריכה","12/05/2024","20:45",0.175,0
"503-00000000","צריכה","12/05/2024","21:00",0.168,0
"503-00000000","צריכה","12/05/2024","21:15",0.141,0
"503-00000000","צריכה","12/05/2024","21:30",0.187,0
"503-00000000","צריכה","12/05/2024","21:45",0.186,0
"503-00000000","צריכה","12/05/2024","22:00",0.137,0
"503-00000000","צריכה","12/05/2024","22:15",0.173,0
"503-00000000","צריכה","12/05/2024","22:30",0.189,0
"503-00000000","צריכה","12/05/2024","22:45",0.205,0
"503-00000000","צריכה","12/05/2024","23:00",0.042,0
"503-00000000","צריכה","12/05/2024","23:15",0.041,0
"503-00000000","צריכה","12/05/2024","23:30",0.043,0
"503-00000000","צריכה","12/05/2024","23:45",0.041,0
"503-00000000","צריכה","13/05/2024","00:00",0.058,0
"503-00000000","צריכה","13/05/2024","00:15",0.056,0
"503-00000000","צריכה","13/05/2024","00:30",0.051,0
"503-00000000","צריכה","13/05/2024","00:45",0.060,0
"503-00000000","צריכה","13/05/2024","01:00",0.052,0
"503-00000000","צריכה","13/05/2024","01:15",0.044,0
"503-00000000","צריכה","13/05/2024","01:30",0.048,0
"503-00000000","צריכה","13/05/2024","01:45",0.049,0
"503-00000000","צריכה","13/05/2024","02:00",0.054,0
"503-00000000","צריכה","13/05/2024","02:15",0.039,0
"503-00000000","צריכה","13/05/2024","02:30",0.038,0
"503-00000000","צריכה","13/05/2024","02:45",0.061,0
"503-00000000","צריכה","13/05/2024","03:00",0.048,0
"503-00000000","צריכה","13/05/2024","03:15",0.039,0
"503-00000000","צריכה","13/05/2024","03:30",0.048,0
"503-00000000","צריכה","13/05/2024","03:45",0.045,0
"503-00000000","צריכה","13/05/2024","04:00",0.039,0
"503-00000000","צריכה","13/05/2024","04:15",0.061,0
"503-00000000","צריכה","13/05/2024","04:30",0.040,0
"503-00000000","צריכה","13/05/2024","04:45",0.038,0
"503-00000000","צריכה","13/05/2024","05:00",0.038,0
"503-00000000","צריכה","13/05/2024","05:15",0.058,0
"503-00000000","צריכה","13/05/2024","05:30",0.057,0
"503-00000000","צריכה","13/05/2024","05:45",0.050,0
"503-00000000","צריכה","13/05/2024","06:00",0.103,0
"503-00000000","צריכה","13/05/2024","06:15",0.099,0
"503-00000000","צריכה","13/05/2024","06:30",0.119,0
"503-00000000","צריכה","13/05/2024","06:45",0.079,0
"503-00000000","צריכה","13/05/2024","07:00",0.106,0
"503-00000000","צריכה","13/05/2024","07:15",0.119,0
"503-00000000","צריכה","13/05/2024","07:30",0.124,0
"503-00000000","צריכה","13/05/2024","07:45",0.087,0
"503-00000000","צריכה","13/05/2024","08:00",0.101,0
"503-00000000","צריכה","13/05/2024","08:15",0.100,0
"503-00000000","צריכה","13/05/2024","08:30",0.076,0
"503-00000000","צריכה","13/05/2024","08:45",0.080,0
"503-00000000","צריכה","13/05/2024","09:00",0.065,0
"503-00000000","צריכה","13/05/2024","09:15",0.066,0
"503-00000000","צריכה","13/05/2024","09:30",0.071,0
"503-00000000","צריכה","13/05/2024","09:45",0.076,0
"503-00000000","צריכה","13/05/2024","10:00",0.081,0
"503-00000000","צריכה","13/05/2024","10:15",0.055,0
"503-00000000","צריכה","13/05/2024","10:30",0.072,0
"503-00000000","צריכה","13/05/2024","10:45",0.079,0
"503-00000000","צריכה","13/05/2024","11:00",0.062,0
"503-00000000","צריכה","13/05/2024","11:15",0.057,0
"503-00000000","צריכה","13/05/2024","11:30",0.066,0
"503-00000000","צריכה","13/05/2024","11:45",0.078,0
"503-00000000","צריכה","13/05/2024","12:00",0.071,0
"503-00000000","צריכה","13/05/2024","12:15",0.082,0
"503-00000000","צריכה","13/05/2024","12:30",0.068,0
"503-00000000","צריכה","13/05/2024","12:45",0.063,0
"503-00000000","צריכה","13/05/2024","13:00",0.051,0
"503-00000000","צריכה","13/05/2024","13:15",0.058,0
"503-00000000","צריכה","13/05/2024","13:30",0.068,0
"503-00000000","צריכה","13/05/2024","13:45",0.062,0
"503-00000000","צריכה","13/05/2024","14:00",0.081,0
"503-00000000","צריכה","13/05/2024","14:15",0.051,0
"503-00000000","צריכה","13/05/2024","14:30",0.063,0
"503-00000000","צריכה","13/05/2024","14:45",0.060,0
"503-00000000","צריכה","13/05/2024","15:00",0.054,0
"503-00000000","צריכה","13/05/2024","15:15",0.076,0
"503-00000000","צריכה","13/05/2024","15:30",0.060,0
"503-00000000","צריכה","13/05/2024","15:45",0.055,0
"503-00000000","צריכה","13/05/2024","16:00",0.059,0
"503-00000000","צריכה","13/05/2024","16:15",0.075,0
"503-00000000","צריכה","13/05/2024","16:30",0.073,0
"503-00000000","צריכה","13/05/2024","16:45",0.058,0
"503-00000000","צריכה","13/05/2024","17:00",0.186,0
"503-00000000","צריכה","13/05/2024","17:15",0.165,0
"503-00000000","צריכה","13/05/2024","17:30",0.152,0
"503-00000000","צריכה","13/05/2024","17:45",0.217,0
"503-00000000","צריכה","13/05/2024","18:00",0.179,0
"503-00000000","צריכה","13/05/2024","18:15",0.171,0
"503-00000000","צריכה","13/05/2024","18:30",0.197,0
"503-00000000","צריכה","13/05/2024","18:45",0.134,0
"503-00000000","צריכה","13/05/2024","19:00",0.149,0
"503-00000000","צריכה","13/05/2024","19:15",0.156,0
"503-00000000","צריכה","13/05/2024","19:30",0.190,0
"503-00000000","צריכה","13/05/2024","19:45",0.176,0
"503-00000000","צריכה","13/05/2024","20:00",0.161,0
"503-00000000","צריכה","13/05/2024","20:15",0.196,0
"503-00000000","צריכה","13/05/2024","20:30",0.170,0
"503-00000000","צריכה","13/05/2024","20:45",0.202,0
"503-00000000","צריכה","13/05/2024","21:00",0.133,0
"503-00000000","צריכה","13/05/2024","21:15",0.218,0
"503-00000000","צריכה","13/05/2024","21:30",0.164,0
"503-00000000","צריכה","13/05/2024","21:45",0.211,0
"503-00000000","צריכה","13/05/2024","22:00",0.151,0
"503-00000000","צריכה","13/05/2024","22:15",0.178,0
"503-00000000","צריכה","13/05/2024","22:30",0.203,0
"503-00000000","צריכה","13/05/2024","22:45",0.177,0
"503-00000000","צריכה","13/05/2024","23:00",0.050,0
"503-00000000","צריכה","13/05/2024","23:15",0.059,0
"503-00000000","צריכה","13/05/2024","23:30",0.055,0
"503-00000000","צריכה","13/05/2024","23:45",0.061,0
"503-00000000","צריכה","14/05/2024","00:00",0.039,0
"503-00000000","צריכה","14/05/2024","00:15",0.041,0
"503-00000000","צריכה","14/05/2024","00:30",0.053,0
"503-00000000","צריכה","14/05/2024","00:45",0.040,0
"503-00000000","צריכה","14/05/2024","01:00",0.043,0
"503-00000000","צריכה","14/05/2024","01:15",0.041,0
"503-00000000","צריכה","14/05/2024","01:30",0.048,0
"503-00000000","צריכה","14/05/2024","01:45",0.059,0
"503-00000000","צריכה","14/05/2024","02:00",0.062,0
"503-00000000","צריכה","14/05/2024","02:15",0.061,0
"503-00000000","צריכה","14/05/2024","02:30",0.061,0
"503-00000000","צריכה","14/05/2024","02:45",0.058,0
"503-00000000","צריכה","14/05/2024","03:00",0.038,0
"503-00000000","צריכה","14/05/2024","03:15",0.043,0
"503-00000000","צריכה","14/05/2024","03:30",0.044,0
"503-00000000","צריכה","14/05/2024","03:45",0.051,0
"503-00000000","צריכה","14/05/2024","04:00",0.058,0
"503-00000000","צריכה","14/05/2024","04:15",0.059,0
"503-00000000","צריכה","14/05/2024","04:30",0.047,0
"503-00000000","צריכה","14/05/2024","04:45",0.039,0
"503-00000000","צריכה","14/05/2024","05:00",0.039,0
"503-00000000","צריכה","14/05/2024","05:15",0.041,0
"503-00000000","צריכה","14/05/2024","05:30",0.051,0
"503-00000000","צריכה","14/05/2024","05:45",0.041,0
"503-00000000","צריכה","14/05/2024","06:00",0.115,0
"503-00000000","צריכה","14/05/2024","06:15",0.109,0
"503-00000000","צריכה","14/05/2024","06:30",0.118,0
"503-00000000","צריכה","14/05/2024","06:45",0.123,0
"503-00000000","צריכה","14/05/2024","07:00",0.123,0
"503-00000000","צריכה","14/05/2024","07:15",0.115,0
"503-00000000","צריכה","14/05/2024","07:30",0.105,0
"503-00000000","צריכה","14/05/2024","07:45",0.122,0
"503-00000000","צריכה","14/05/2024","08:00",0.076,0
"503-00000000","צריכה","14/05/2024","08:15",0.093,0
"503-00000000","צריכה","14/05/2024","08:30",0.095,0
"503-00000000","צריכה","14/05/2024","08:45",0.094,0
"503-00000000","צריכה","14/05/2024","09:00",0.056,0
"503-00000000","צריכה","14/05/2024","09:15",0.065,0
"503-00000000","צריכה","14/05/2024","09:30",0.074,0
"503-00000000","צריכה","14/05/2024","09:45",0.072,0
"503-00000000","צריכה","14/05/2024","10:00",0.079,0
"503-00000000","צריכה","14/05/2024","10:15",0.073,0
"503-00000000","צריכה","14/05/2024","10:30",0.062,0
"503-00000000","צריכה","14/05/2024","10:45",0.076,0
"503-00000000","צריכה","14/05/2024","11:00",0.073,0
"503-00000000","צריכה","14/05/2024","11:15",0.064,0
"503-00000000","צריכה","14/05/2024","11:30",0.062,0
"503-00000000","צריכה","14/05/2024","11:45",0.065,0
"503-00000000","צריכה","14/05/2024","12:00",0.080,0
"503-00000000","צריכה","14/05/2024","12:15",0.076,0
"503-00000000","צריכה","14/05/2024","12:30",0.062,0
"503-00000000","צריכה","14/05/2024","12:45",0.056,0
"503-00000000","צריכה","14/05/2024","13:00",0.071,0
"503-00000000","צריכה","14/05/2024","13:15",0.064,0
"503-00000000","צריכה","14/05/2024","13:30",0.066,0
"503-00000000","צריכה","14/05/2024","13:45",0.078,0
"503-00000000","צריכה","14/05/2024","14:00",0.072,0
"503-00000000","צריכה","14/05/2024","14:15",0.053,0
"503-00000000","צריכה","14/05/2024","14:30",0.078,0
"503-00000000","צריכה","14/05/2024","14:45",0.059,0
"503-00000000","צריכה","14/05/2024","15:00",0.076,0
"503-00000000","צריכה","14/05/2024","15:15",0.055,0
"503-00000000","צריכה","14/05/2024","15:30",0.063,0
"503-00000000","צריכה","14/05/2024","15:45",0.070,0
"503-00000000","צריכה","14/05/2024","16:00",0.054,0
"503-00000000","צריכה","14/05/2024","16:15",0.054,0
"503-00000000","צריכה","14/05/2024","16:30",0.065,0
"503-00000000","צריכה","14/05/2024","16:45",0.083,0
"503-00000000","צריכה","14/05/2024","17:00",0.187,0
"503-00000000","צריכה","14/05/2024","17:15",0.135,0
"503-00000000","צריכה","14/05/2024","17:30",0.144,0
"503-00000000","צריכה","14/05/2024","17:45",0.174,0
"503-00000000","צריכה","14/05/2024","18:00",0.184,0
"503-00000000","צריכה","14/05/2024","18:15",0.199,0
"503-00000000","צריכה","14/05/2024","18:30",0.210,0
"503-00000000","צריכה","14/05/2024","18:45",0.140,0
"503-00000000","צריכה","14/05/2024","19:00",0.182,0
"503-00000000","צריכה","14/05/2024","19:15",0.136,0
"503-00000000","צריכה","14/05/2024","19:30",0.151,0
"503-00000000","צריכה","14/05/2024","19:45",0.155,0
"503-00000000","צריכה","14/05/2024","20:00",0.135,0
"503-00000000","צריכה","14/05/2024","20:15",0.134,0
"503-00000000","צריכה","14/05/2024","20:30",0.145,0
"503-00000000","צריכה","14/05/2024","20:45",0.204,0
"503-00000000","צריכה","14/05/2024","21:00",0.150,0
"503-00000000","צריכה","14/05/2024","21:15",0.137,0
"503-00000000","צריכה","14/05/2024","21:30",0.143,0
"503-00000000","צריכה","14/05/2024","21:45",0.179,0
"503-00000000","צריכה","14/05/2024","22:00",0.168,0
"503-00000000","צריכה","14/05/2024","22:15",0.161,0
"503-00000000","צריכה","14/05/2024","22:30",0.141,0
"503-00000000","צריכה","14/05/2024","22:45",0.152,0
"503-00000000","צריכה","14/05/2024","23:00",0.039,0
"503-00000000","צריכה","14/05/2024","23:15",0.059,0
"503-00000000","צריכה","14/05/2024","23:30",0.044,0
"503-00000000","צריכה","14/05/2024","23:45",0.057,0
"503-00000000","צריכה","15/05/2024","00:00",0.055,0
"503-00000000","צריכה","15/05/2024","00:15",0.045,0
"503-00000000","צריכה","15/05/2024","00:30",0.056,0
"503-00000000","צריכה","15/05/2024","00:45",0.044,0
"503-00000000","צריכה","15/05/2024","01:00",0.061,0
"503-00000000","צריכה","15/05/2024","01:15",0.047,0
"503-00000000","צריכה","15/05/2024","01:30",0.058,0
"503-00000000","צריכה","15/05/2024","01:45",0.040,0
"503-00000000","צריכה","15/05/2024","02:00",0.055,0
"503-00000000","צריכה","15/05/2024","02:15",0.048,0
"503-00000000","צריכה","15/05/2024","02:30",0.058,0
"503-00000000","צריכה","15/05/2024","02:45",0.041,0
"503-00000000","צריכה","15/05/2024","03:00",0.049,0
"503-00000000","צריכה","15/05/2024","03:15",0.057,0
"503-00000000","צריכה","15/05/2024","03:30",0.060,0
"503-00000000","צריכה","15/05/2024","03:45",0.057,0
"503-00000000","צריכה","15/05/2024","04:00",0.057,0
"503-00000000","צריכה","15/05/2024","04:15",0.052,0
"503-00000000","צריכה","15/05/2024","04:30",0.061,0
"503-00000000","צריכה","15/05/2024","04:45",0.058,0
"503-00000000","צריכה","15/05/2024","05:00",0.054,0
"503-00000000","צריכה","15/05/2024","05:15",0.047,0
"503-00000000","צריכה","15/05/2024","05:30",0.044,0
"503-00000000","צריכה","15/05/2024","05:45",0.055,0
"503-00000000","צריכה","15/05/2024","06:00",0.110,0
"503-00000000","צריכה","15/05/2024","06:15",0.106,0
"503-00000000","צריכה","15/05/2024","06:30",0.103,0
"503-00000000","צריכה","15/05/2024","06:45",0.095,0
"503-00000000","צריכה","15/05/2024","07:00",0.082,0
"503-00000000","צריכה","15/05/2024","07:15",0.110,0
"503-00000000","צריכה","15/05/2024","07:30",0.091,0
"503-00000000","צריכה","15/05/2024","07:45",0.100,0
"503-00000000","צריכה","15/05/2024","08:00",0.096,0
"503-00000000","צריכה","15/05/2024","08:15",0.077,0
"503-00000000","צריכה","15/05/2024","08:30",0.108,0
"503-00000000","צריכה","15/05/2024","08:45",0.112,0
"503-00000000","צריכה","15/05/2024","09:00",0.065,0
"503-00000000","צריכה","15/05/2024","09:15",0.084,0
"503-00000000","צריכה","15/05/2024","09:30",0.076,0
"503-00000000","צריכה","15/05/2024","09:45",0.081,0
"503-00000000","צריכה","15/05/2024","10:00",0.077,0
"503-00000000","צריכה","15/05/2024","10:15",0.083,0
"503-00000000","צריכה","15/05/2024","10:30",0.071,0
"503-00000000","צריכה","15/05/2024","10:45",0.064,0
"503-00000000","צריכה","15/05/2024","11:00",0.069,0
"503-00000000","צריכה","15/05/2024","11:15",0.068,0
"503-00000000","צריכה","15/05/2024","11:30",0.060,0
"503-00000000","צריכה","15/05/2024","11:45",0.071,0
"503-00000000","צריכה","15/05/2024","12:00",0.055,0
"503-00000000","צריכה","15/05/2024","12:15",0.072,0
"503-00000000","צריכה","15/05/2024","12:30",0.053,0
"503-00000000","צריכה","15/05/2024","12:45",0.056,0
"503-00000000","צריכה","15/05/2024","13:00",0.063,0
"503-00000000","צריכה","15/05/2024","13:15",0.060,0
"503-00000000","צריכה","15/05/2024","13:30",0.066,0
"503-00000000","צריכה","15/05/2024","13:45",0.051,0
"503-00000000","צריכה","15/05/2024","14:00",0.064,0
"503-00000000","צריכה","15/05/2024","14:15",0.078,0
"503-00000000","צריכה","15/05/2024","14:30",0.084,0
"503-00000000","צריכה","15/05/2024","14:45",0.060,0
"503-00000000","צריכה","15/05/2024","15:00",0.074,0
"503-00000000","צריכה","15/05/2024","15:15",0.079,0
"503-00000000","צריכה","15/05/2024","15:30",0.081,0
"503-00000000","צריכה","15/05/2024","15:45",0.067,0
"503-00000000","צריכה","15/05/2024","16:00",0.052,0
"503-00000000","צריכה","15/05/2024","16:15",0.064,0
"503-00000000","צריכה","15/05/2024","16:30",0.077,0
"503-00000000","צריכה","15/05/2024","16:45",0.060,0
"503-00000000","צריכה","15/05/2024","17:00",0.175,0
"503-00000000","צריכה","15/05/2024","17:15",0.177,0
"503-00000000","צריכה","15/05/2024","17:30",0.183,0
"503-00000000","צריכה","15/05/2024","17:45",0.142,0
"503-00000000","צריכה","15/05/2024","18:00",0.172,0
"503-00000000","צריכה","15/05/2024","18:15",0.191,0
"503-00000000","צריכה","15/05/2024","18:30",0.195,0
"503-00000000","צריכה","15/05/2024","18:45",0.186,0
"503-00000000","צריכה","15/05/2024","19:00",0.215,0
"503-00000000","צריכה","15/05/2024","19:15",0.153,0
"503-00000000","צריכה","15/05/2024","19:30",0.145,0
"503-00000000","צריכה","15/05/2024","19:45",0.145,0
"503-00000000","צריכה","15/05/2024","20:00",0.216,0
"503-00000000","צריכה","15/05/2024","20:15",0.213,0
"503-00000000","צריכה","15/05/2024","20:30",0.157,0
"503-00000000","צריכה","15/05/2024","20:45",0.154,0
"503-00000000","צריכה","15/05/2024","21:00",0.152,0
"503-00000000","צריכה","15/05/2024","21:15",0.184,0
"503-00000000","צריכה","15/05/2024","21:30",0.153,0
"503-00000000","צריכה","15/05/2024","21:45",0.152,0
"503-00000000","צריכה","15/05/2024","22:00",0.206,0
"503-00000000","צריכה","15/05/2024","22:15",0.194,0
"503-00000000","צריכה","15/05/2024","22:30",0.140,0
"503-00000000","צריכה","15/05/2024","22:45",0.205,0
"503-00000000","צריכה","15/05/2024","23:00",0.062,0
"503-00000000","צריכה","15/05/2024","23:15",0.045,0
"503-00000000","צריכה","15/05/2024","23:30",0.041,0
"503-00000000","צריכה","15/05/2024","23:45",0.046,0
"503-00000000","צריכה","16/05/2024","00:00",0.046,0
"503-00000000","צריכה","16/05/2024","00:15",0.055,0
"503-00000000","צריכה","16/05/2024","00:30",0.041,0
"503-00000000","צריכה","16/05/2024","00:45",0.040,0
"503-00000000","צריכה","16/05/2024","01:00",0.038,0
"503-00000000","צריכה","16/05/2024","01:15",0.040,0
"503-00000000","צריכה","16/05/2024","01:30",0.038,0
"503-00000000","צריכה","16/05/2024","01:45",0.054,0
"503-00000000","צריכה","16/05/2024","02:00",0.038,0
"503-00000000","צריכה","16/05/2024","02:15",0.049,0
"503-00000000","צריכה","16/05/2024","02:30",0.055,0
"503-00000000","צריכה","16/05/2024","02:45",0.052,0
"503-00000000","צריכה","16/05/2024","03:00",0.061,0
"503-00000000","צריכה","16/05/2024","03:15",0.062,0
"503-00000000","צריכה","16/05/2024","03:30",0.041,0
"503-00000000","צריכה","16/05/2024","03:45",0.043,0
"503-00000000","צריכה","16/05/2024","04:00",0.051,0
"503-00000000","צריכה","16/05/2024","04:15",0.058,0
"503-00000000","צריכה","16/05/2024","04:30",0.062,0
"503-00000000","צריכה","16/05/2024","04:45",0.038,0
"503-00000000","צריכה","16/05/2024","05:00",0.060,0
"503-00000000","צריכה","16/05/2024","05:15",0.042,0
"503-00000000","צריכה","16/05/2024","05:30",0.046,0
"503-00000000","צריכה","16/05/2024","05:45",0.042,0
"503-00000000","צריכה","16/05/2024","06:00",0.107,0
"503-00000000","צריכה","16/05/2024","06:15",0.114,0
"503-00000000","צריכה","16/05/2024","06:30",0.118,0
"503-00000000","צריכה","16/05/2024","06:45",0.125,0
"503-00000000","צריכה","16/05/2024","07:00",0.093,0
"503-00000000","צריכה","16/05/2024","07:15",0.080,0
"503-00000000","צריכה","16/05/2024","07:30",0.114,0
"503-00000000","צריכה","16/05/2024","07:45",0.121,0
"503-00000000","צריכה","16/05/2024","08:00",0.113,0
"503-00000000","צריכה","16/05/2024","08:15",0.086,0
"503-00000000","צריכה","16/05/2024","08:30",0.075,0
"503-00000000","צריכה","16/05/2024","08:45",0.083,0
"503-00000000","צריכה","16/05/2024","09:00",0.057,0
"503-00000000","צריכה","16/05/2024","09:15",0.057,0
"503-00000000","צריכה","16/05/2024","09:30",0.075,0
"503-00000000","צריכה","16/05/2024","09:45",0.078,0
"503-00000000","צריכה","16/05/2024","10:00",0.055,0
"503-00000000","צריכה","16/05/2024","10:15",0.084,0
"503-00000000","צריכה","16/05/2024","10:30",0.065,0
"503-00000000","צריכה","16/05/2024","10:45",0.070,0
"503-00000000","צריכה","16/05/2024","11:00",0.061,0
"503-00000000","צריכה","16/05/2024","11:15",0.065,0
"503-00000000","צריכה","16/05/2024","11:30",0.077,0
"503-00000000","צריכה","16/05/2024","11:45",0.060,0
"503-00000000","צריכה","16/05/2024","12:00",0.060,0
"503-00000000","צריכה","16/05/2024","12:15",0.083,0
"503-00000000","צריכה","16/05/2024","12:30",0.052,0
"503-00000000","צריכה","16/05/2024","12:45",0.077,0
"503-00000000","צריכה","16/05/2024","13:00",0.058,0
"503-00000000","צריכה","16/05/2024","13:15",0.082,0
"503-00000000","צריכה","16/05/2024","13:30",0.062,0
"503-00000000","צריכה","16/05/2024","13:45",0.070,0
"503-00000000","צריכה","16/05/2024","14:00",0.052,0
"503-00000000","צריכה","16/05/2024","14:15",0.068,0
"503-00000000","צריכה","16/05/2024","14:30",0.075,0
"503-00000000","צריכה","16/05/2024","14:45",0.058,0
"503-00000000","צריכה","16/05/2024","15:00",0.065,0
"503-00000000","צריכה","16/05/2024","15:15",0.080,0
"503-00000000","צריכה","16/05/2024","15:30",0.055,0
"503-00000000","צריכה","16/05/2024","15:45",0.056,0
"503-00000000","צריכה","16/05/2024","16:00",0.058,0
"503-00000000","צריכה","16/05/2024","16:15",0.065,0
"503-00000000","צריכה","16/05/2024","16:30",0.075,0
"503-00000000","צריכה","16/05/2024","16:45",0.067,0
"503-00000000","צריכה","16/05/2024","17:00",0.183,0
"503-00000000","צריכה","16/05/2024","17:15",0.155,0
"503-00000000","צריכה","16/05/2024","17:30",0.145,0
"503-00000000","צריכה","16/05/2024","17:45",0.167,0
"503-00000000","צריכה","16/05/2024","18:00",0.187,0
"503-00000000","צריכה","16/05/2024","18:15",0.149,0
"503-00000000","צריכה","16/05/2024","18:30",0.194,0
"503-00000000","צריכה","16/05/2024","18:45",0.202,0
"503-00000000","צריכה","16/05/2024","19:00",0.202,0
"503-00000000","צריכה","16/05/2024","19:15",0.168,0
"503-00000000","צריכה","16/05/2024","19:30",0.164,0
"503-00000000","צריכה","16/05/2024","19:45",0.206,0
"503-00000000","צריכה","16/05/2024","20:00",0.181,0
"503-00000000","צריכה","16/05/2024","20:15",0.198,0
"503-00000000","צריכה","16/05/2024","20:30",0.212,0
"503-00000000","צריכה","16/05/2024","20:45",0.134,0
"503-00000000","צריכה","16/05/2024","21:00",0.196,0
"503-00000000","צריכה","16/05/2024","21:15",0.160,0
"503-00000000","צריכה","16/05/2024","21:30",0.160,0
"503-00000000","צריכה","16/05/2024","21:45",0.209,0
"503-00000000","צריכה","16/05/2024","22:00",0.183,0
"503-00000000","צריכה","16/05/2024","22:15",0.189,0
"503-00000000","צריכה","16/05/2024","22:30",0.141,0
"503-00000000","צריכה","16/05/2024","22:45",0.163,0
"503-00000000","צריכה","16/05/2024","23:00",0.052,0
"503-00000000","צריכה","16/05/2024","23:15",0.045,0
"503-00000000","צריכה","16/05/2024","23:30",0.042,0
"503-00000000","צריכה","16/05/2024","23:45",0.060,0
"503-00000000","צריכה","17/05/2024","00:00",0.052,0
"503-00000000","צריכה","17/05/2024","00:15",0.038,0
"503-00000000","צריכה","17/05/2024","00:30",0.048,0
"503-00000000","צריכה","17/05/2024","00:45",0.058,0
"503-00000000","צריכה","17/05/2024","01:00",0.046,0
"503-00000000","צריכה","17/05/2024","01:15",0.053,0
"503-00000000","צריכה","17/05/2024","01:30",0.047,0
"503-00000000","צריכה","17/05/2024","01:45",0.056,0
"503-00000000","צריכה","17/05/2024","02:00",0.048,0
"503-00000000","צריכה","17/05/2024","02:15",0.056,0
"503-00000000","צריכה","17/05/2024","02:30",0.061,0
"503-00000000","צריכה","17/05/2024","02:45",0.050,0
"503-00000000","צריכה","17/05/2024","03:00",0.053,0
"503-00000000","צריכה","17/05/2024","03:15",0.041,0
"503-00000000","צריכה","17/05/2024","03:30",0.054,0
"503-00000000","צריכה","17/05/2024","03:45",0.054,0
"503-00000000","צריכה","17/05/2024","04:00",0.048,0
"503-00000000","צריכה","17/05/2024","04:15",0.049,0
"503-00000000","צריכה","17/05/2024","04:30",0.050,0
"503-00000000","צריכה","17/05/2024","04:45",0.045,0
"503-00000000","צריכה","17/05/2024","05:00",0.043,0
"503-00000000","צריכה","17/05/2024","05:15",0.061,0
"503-00000000","צריכה","17/05/2024","05:30",0.047,0
"503-00000000","צריכה","17/05/2024","05:45",0.052,0
"503-00000000","צריכה","17/05/2024","06:00",0.117,0
"503-00000000","צריכה","17/05/2024","06:15",0.085,0
"503-00000000","צריכה","17/05/2024","06:30",0.086,0
"503-00000000","צריכה","17/05/2024","06:45",0.103,0
"503-00000000","צריכה","17/05/2024","07:00",0.106,0
"503-00000000","צריכה","17/05/2024","07:15",0.103,0
"503-00000000","צריכה","17/05/2024","07:30",0.106,0
"503-00000000","צריכה","17/05/2024","07:45",0.125,0
"503-00000000","צריכה","17/05/2024","08:00",0.125,0
"503-00000000","צריכה","17/05/2024","08:15",0.077,0
"503-00000000","צריכה","17/05/2024","08:30",0.105,0
"503-00000000","צריכה","17/05/2024","08:45",0.099,0
"503-00000000","צריכה","17/05/2024","09:00",0.106,0
"503-00000000","צריכה","17/05/2024","09:15",0.111,0
"503-00000000","צריכה","17/05/2024","09:30",0.121,0
"503-00000000","צריכה","17/05/2024","09:45",0.108,0
"503-00000000","צריכה","17/05/2024","10:00",0.122,0
"503-00000000","צריכה","17/05/2024","10:15",0.130,0
"503-00000000","צריכה","17/05/2024","10:30",0.120,0
"503-00000000","צריכה","17/05/2024","10:45",0.098,0
"503-00000000","צריכה","17/05/2024","11:00",0.141,0
"503-00000000","צריכה","17/05/2024","11:15",0.115,0
"503-00000000","צריכה","17/05/2024","11:30",0.137,0
"503-00000000","צריכה","17/05/2024","11:45",0.091,0
"503-00000000","צריכה","17/05/2024","12:00",0.089,0
"503-00000000","צריכה","17/05/2024","12:15",0.091,0
"503-00000000","צריכה","17/05/2024","12:30",0.119,0
"503-00000000","צריכה","17/05/2024","12:45",0.138,0
"503-00000000","צריכה","17/05/2024","13:00",0.095,0
"503-00000000","צריכה","17/05/2024","13:15",0.130,0
"503-00000000","צריכה","17/05/2024","13:30",0.135,0
"503-00000000","צריכה","17/05/2024","13:45",0.132,0
"503-00000000","צריכה","17/05/2024","14:00",0.129,0
"503-00000000","צריכה","17/05/2024","14:15",0.103,0
"503-00000000","צריכה","17/05/2024","14:30",0.130,0
"503-00000000","צריכה","17/05/2024","14:45",0.113,0
"503-00000000","צריכה","17/05/2024","15:00",0.140,0
"503-00000000","צריכה","17/05/2024","15:15",0.141,0
"503-00000000","צריכה","17/05/2024","15:30",0.132,0
"503-00000000","צריכה","17/05/2024","15:45",0.114,0
"503-00000000","צריכה","17/05/2024","16:00",0.098,0
"503-00000000","צריכה","17/05/2024","16:15",0.109,0
"503-00000000","צריכה","17/05/2024","16:30",0.094,0
"503-00000000","צריכה","17/05/2024","16:45",0.105,0
"503-00000000","צריכה","17/05/2024","17:00",0.168,0
"503-00000000","צריכה","17/05/2024","17:15",0.171,0
"503-00000000","צריכה","17/05/2024","17:30",0.134,0
"503-00000000","צריכה","17/05/2024","17:45",0.212,0
"503-00000000","צריכה","17/05/2024","18:00",0.164,0
"503-00000000","צריכה","17/05/2024","18:15",0.145,0
"503-00000000","צריכה","17/05/2024","18:30",0.178,0
"503-00000000","צריכה","17/05/2024","18:45",0.161,0
"503-00000000","צריכה","17/05/2024","19:00",0.194,0
"503-00000000","צריכה","17/05/2024","19:15",0.155,0
"503-00000000","צריכה","17/05/2024","19:30",0.188,0
"503-00000000","צריכה","17/05/2024","19:45",0.138,0
"503-00000000","צריכה","17/05/2024","20:00",0.138,0
"503-00000000","צריכה","17/05/2024","20:15",0.151,0
"503-00000000","צריכה","17/05/2024","20:30",0.175,0
"503-00000000","צריכה","17/05/2024","20:45",0.133,0
"503-00000000","צריכה","17/05/2024","21:00",0.135,0
"503-00000000","צריכה","17/05/2024","21:15",0.139,0
"503-00000000","צריכה","17/05/2024","21:30",0.201,0
"503-00000000","צריכה","17/05/2024","21:45",0.142,0
"503-00000000","צריכה","17/05/2024","22:00",0.200,0
"503-00000000","צריכה","17/05/2024","22:15",0.141,0
"503-00000000","צריכה","17/05/2024","22:30",0.136,0
"503-00000000","צריכה","17/05/2024","22:45",0.150,0
"503-00000000","צריכה","17/05/2024","23:00",0.051,0
"503-00000000","צריכה","17/05/2024","23:15",0.059,0
"503-00000000","צריכה","17/05/2024","23:30",0.056,0
"503-00000000","צריכה","17/05/2024","23:45",0.039,0
"503-00000000","צריכה","18/05/2024","00:00",0.061,0
"503-00000000","צריכה","18/05/2024","00:15",0.061,0
"503-00000000","צריכה","18/05/2024","00:30",0.054,0
"503-00000000","צריכה","18/05/2024","00:45",0.059,0
"503-00000000","צריכה","18/05/2024","01:00",0.038,0
"503-00000000","צריכה","18/05/2024","01:15",0.049,0
"503-00000000","צריכה","18/05/2024","01:30",0.054,0
"503-00000000","צריכה","18/05/2024","01:45",0.056,0
"503-00000000","צריכה","18/05/2024","02:00",0.056,0
"503-00000000","צריכה","18/05/2024","02:15",0.058,0
"503-00000000","צריכה","18/05/2024","02:30",0.054,0
"503-00000000","צריכה","18/05/2024","02:45",0.039,0
"503-00000000","צריכה","18/05/2024","03:00",0.053,0
"503-00000000","צריכה","18/05/2024","03:15",0.060,0
"503-00000000","צריכה","18/05/2024","03:30",0.041,0
"503-00000000","צריכה","18/05/2024","03:45",0.043,0
"503-00000000","צריכה","18/05/2024","04:00",0.043,0
"503-00000000","צריכה","18/05/2024","04:15",0.060,0
"503-00000000","צריכה","18/05/2024","04:30",0.044,0
"503-00000000","צריכה","18/05/2024","04:45",0.053,0
"503-00000000","צריכה","18/05/2024","05:00",0.042,0
"503-00000000","צריכה","18/05/2024","05:15",0.053,0
"503-00000000","צריכה","18/05/2024","05:30",0.044,0
"503-00000000","צריכה","18/05/2024","05:45",0.057,0
"503-00000000","צריכה","18/05/2024","06:00",0.104,0
"503-00000000","צריכה","18/05/2024","06:15",0.104,0
"503-00000000","צריכה","18/05/2024","06:30",0.092,0
"503-00000000","צריכה","18/05/2024","06:45",0.082,0
"503-00000000","צריכה","18/05/2024","07:00",0.088,0
"503-00000000","צריכה","18/05/2024","07:15",0.075,0
"503-00000000","צריכה","18/05/2024","07:30",0.101,0
"503-00000000","צריכה","18/05/2024","07:45",0.122,0
"503-00000000","צריכה","18/05/2024","08:00",0.104,0
"503-00000000","צריכה","18/05/2024","08:15",0.103,0
"503-00000000","צריכה","18/05/2024","08:30",0.118,0
"503-00000000","צריכה","18/05/2024","08:45",0.110,0
"503-00000000","צריכה","18/05/2024","09:00",0.118,0
"503-00000000","צריכה","18/05/2024","09:15",0.123,0
"503-00000000","צריכה","18/05/2024","09:30",0.093,0
"503-00000000","צריכה","18/05/2024","09:45",0.132,0
"503-00000000","צריכה","18/05/2024","10:00",0.100,0
"503-00000000","צריכה","18/05/2024","10:15",0.096,0
"503-00000000","צריכה","18/05/2024","10:30",0.133,0
"503-00000000","צריכה","18/05/2024","10:45",0.109,0
"503-00000000","צריכה","18/05/2024","11:00",0.089,0
"503-00000000","צריכה","18/05/2024","11:15",0.109,0
"503-00000000","צריכה","18/05/2024","11:30",0.103,0
"503-00000000","צריכה","18/05/2024","11:45",0.139,0
"503-00000000","צריכה","18/05/2024","12:00",0.107,0
"503-00000000","צריכה","18/05/2024","12:15",0.137,0
"503-00000000","צריכה","18/05/2024","12:30",0.124,0
"503-00000000","צריכה","18/05/2024","12:45",0.102,0
"503-00000000","צריכה","18/05/2024","13:00",0.134,0
"503-00000000","צריכה","18/05/2024","13:15",0.125,0
"503-00000000","צריכה","18/05/2024","13:30",0.130,0
"503-00000000","צריכה","18/05/2024","13:45",0.096,0
"503-00000000","צריכה","18/05/2024","14:00",0.144,0
"503-00000000","צריכה","18/05/2024","14:15",0.140,0
"503-00000000","צריכה","18/05/2024","14:30",0.106,0
"503-00000000","צריכה","18/05/2024","14:45",0.126,0
"503-00000000","צריכה","18/05/2024","15:00",0.138,0
"503-00000000","צריכה","18/05/2024","15:15",0.119,0
"503-00000000","צריכה","18/05/2024","15:30",0.104,0
"503-00000000","צריכה","18/05/2024","15:45",0.142,0
"503-00000000","צריכה","18/05/2024","16:00",0.110,0
"503-00000000","צריכה","18/05/2024","16:15",0.137,0
"503-00000000","צריכה","18/05/2024","16:30",0.118,0
"503-00000000","צריכה","18/05/2024","16:45",0.134,0
"503-00000000","צריכה","18/05/2024","17:00",0.139,0
"503-00000000","צריכה","18/05/2024","17:15",0.194,0
"503-00000000","צריכה","18/05/2024","17:30",0.157,0
"503-00000000","צריכה","18/05/2024","17:45",0.148,0
"503-00000000","צריכה","18/05/2024","18:00",0.143,0
"503-00000000","צריכה","18/05/2024","18:15",0.216,0
"503-00000000","צריכה","18/05/2024","18:30",0.134,0
"503-00000000","צריכה","18/05/2024","18:45",0.192,0
"503-00000000","צריכה","18/05/2024","19:00",0.210,0
"503-00000000","צריכה","18/05/2024","19:15",0.209,0
"503-00000000","צריכה","18/05/2024","19:30",0.205,0
"503-00000000","צריכה","18/05/2024","19:45",0.202,0
"503-00000000","צריכה","18/05/2024","20:00",0.157,0
"503-00000000","צריכה","18/05/2024","20:15",0.161,0
"503-00000000","צריכה","18/05/2024","20:30",0.184,0
"503-00000000","צריכה","18/05/2024","20:45",0.195,0
"503-00000000","צריכה","18/05/2024","21:00",0.140,0
"503-00000000","צריכה","18/05/2024","21:15",0.166,0
"503-00000000","צריכה","18/05/2024","21:30",0.139,0
"503-00000000","צריכה","18/05/2024","21:45",0.185,0
"503-00000000","צריכה","18/05/2024","22:00",0.214,0
"503-00000000","צריכה","18/05/2024","22:15",0.170,0
"503-00000000","צריכה","18/05/2024","22:30",0.216,0
"503-00000000","צריכה","18/05/2024","22:45",0.198,0
"503-00000000","צריכה","18/05/2024","23:00",0.043,0
"503-00000000","צריכה","18/05/2024","23:15",0.053,0
"503-00000000","צריכה","18/05/2024","23:30",0.047,0
"503-00000000","צריכה","18/05/2024","23:45",0.039,0
"503-00000000","צריכה","19/05/2024","00:00",0.049,0
"503-00000000","צריכה","19/05/2024","00:15",0.053,0
"503-00000000","צריכה","19/05/2024","00:30",0.039,0
"503-00000000","צריכה","19/05/2024","00:45",0.052,0
"503-00000000","צריכה","19/05/2024","01:00",0.058,0
"503-00000000","צריכה","19/05/2024","01:15",0.057,0
"503-00000000","צריכה","19/05/2024","01:30",0.044,0
"503-00000000","צריכה","19/05/2024","01:45",0.062,0
"503-00000000","צריכה","19/05/2024","02:00",0.052,0
"503-00000000","צריכה","19/05/2024","02:15",0.050,0
"503-00000000","צריכה","19/05/2024","02:30",0.062,0
"503-00000000","צריכה","19/05/2024","02:45",0.058,0
"503-00000000","צריכה","19/05/2024","03:00",0.058,0
"503-00000000","צריכה","19/05/2024","03:15",0.061,0
"503-00000000","צריכה","19/05/2024","03:30",0.048,0
"503-00000000","צריכה","19/05/2024","03:45",0.038,0
"503-00000000","צריכה","19/05/2024","04:00",0.062,0
"503-00000000","צריכה","19/05/2024","04:15",0.062,0
"503-00000000","צריכה","19/05/2024","04:30",0.042,0
"503-00000000","צריכה","19/05/2024","04:45",0.055,0
"503-00000000","צריכה","19/05/2024","05:00",0.056,0
"503-00000000","צריכה","19/05/2024","05:15",0.043,0
"503-00000000","צריכה","19/05/2024","05:30",0.053,0
"503-00000000","צריכה","19/05/2024","05:45",0.048,0
"503-00000000","צריכה","19/05/2024","06:00",0.113,0
"503-00000000","צריכה","19/05/2024","06:15",0.106,0
"503-00000000","צריכה","19/05/2024","06:30",0.088,0
"503-00000000","צריכה","19/05/2024","06:45",0.095,0
"503-00000000","צריכה","19/05/2024","07:00",0.085,0
"503-00000000","צריכה","19/05/2024","07:15",0.088,0
"503-00000000","צריכה","19/05/2024","07:30",0.109,0
"503-00000000","צריכה","19/05/2024","07:45",0.101,0
"503-00000000","צריכה","19/05/2024","08:00",0.087,0
"503-00000000","צריכה","19/05/2024","08:15",0.100,0
"503-00000000","צריכה","19/05/2024","08:30",0.111,0
"503-00000000","צריכה","19/05/2024","08:45",0.112,0
"503-00000000","צריכה","19/05/2024","09:00",0.079,0
"503-00000000","צריכה","19/05/2024","09:15",0.075,0
"503-00000000","צריכה","19/05/2024","09:30",0.067,0
"503-00000000","צריכה","19/05/2024","09:45",0.072,0
"503-00000000","צריכה","19/05/2024","10:00",0.067,0
"503-00000000","צריכה","19/05/2024","10:15",0.076,0
"503-00000000","צריכה","19/05/2024","10:30",0.060,0
"503-00000000","צריכה","19/05/2024","10:45",0.064,0
"503-00000000","צריכה","19/05/2024","11:00",0.080,0
"503-00000000","צריכה","19/05/2024","11:15",0.073,0
"503-00000000","צריכה","19/05/2024","11:30",0.060,0
"503-00000000","צריכה","19/05/2024","11:45",0.071,0
"503-00000000","צריכה","19/05/2024","12:00",0.077,0
"503-00000000","צריכה","19/05/2024","12:15",0.081,0
"503-00000000","צריכה","19/05/2024","12:30",0.065,0
"503-00000000","צריכה","19/05/2024","12:45",0.053,0
"503-00000000","צריכה","19/05/2024","13:00",0.069,0
"503-00000000","צריכה","19/05/2024","13:15",0.059,0
"503-00000000","צריכה","19/05/2024","13:30",0.080,0
"503-00000000","צריכה","19/05/2024","13:45",0.057,0
"503-00000000","צריכה","19/05/2024","14:00",0.062,0
"503-00000000","צריכה","19/05/2024","14:15",0.065,0
"503-00000000","צריכה","19/05/2024","14:30",0.079,0
"503-00000000","צריכה","19/05/2024","14:45",0.074,0
"503-00000000","צריכה","19/05/2024","15:00",0.056,0
"503-00000000","צריכה","19/05/2024","15:15",0.072,0
"503-00000000","צריכה","19/05/2024","15:30",0.078,0
"503-00000000","צריכה","19/05/2024","15:45",0.062,0
"503-00000000","צריכה","19/05/2024","16:00",0.075,0
"503-00000000","צריכה","19/05/2024","16:15",0.067,0
"503-00000000","צריכה","19/05/2024","16:30",0.065,0
"503-00000000","צריכה","19/05/2024","16:45",0.054,0
"503-00000000","צריכה","19/05/2024","17:00",0.188,0
"503-00000000","צריכה","19/05/2024","17:15",0.216,0
"503-00000000","צריכה","19/05/2024","17:30",0.183,0
"503-00000000","צריכה","19/05/2024","17:45",0.156,0
"503-00000000","צריכה","19/05/2024","18:00",0.146,0
"503-00000000","צריכה","19/05/2024","18:15",0.196,0
"503-00000000","צריכה","19/05/2024","18:30",0.198,0
"503-00000000","צריכה","19/05/2024","18:45",0.158,0
"503-00000000","צריכה","19/05/2024","19:00",0.215,0
"503-00000000","צריכה","19/05/2024","19:15",0.131,0
"503-00000000","צריכה","19/05/2024","19:30",0.143,0
"503-00000000","צריכה","19/05/2024","19:45",0.147,0
"503-00000000","צריכה","19/05/2024","20:00",0.215,0
"503-00000000","צריכה","19/05/2024","20:15",0.144,0
"503-00000000","צריכה","19/05/2024","20:30",0.150,0
"503-00000000","צריכה","19/05/2024","20:45",0.215,0
"503-00000000","צריכה","19/05/2024","21:00",0.181,0
"503-00000000","צריכה","19/05/2024","21:15",0.205,0
"503-00000000","צריכה","19/05/2024","21:30",0.203,0
"503-00000000","צריכה","19/05/2024","21:45",0.170,0
"503-00000000","צריכה","19/05/2024","22:00",0.134,0
"503-00000000","צריכה","19/05/2024","22:15",0.186,0
"503-00000000","צריכה","19/05/2024","22:30",0.200,0
"503-00000000","צריכה","19/05/2024","22:45",0.161,0
"503-00000000","צריכה","19/05/2024","23:00",0.043,0
"503-00000000","צריכה","19/05/2024","23:15",0.042,0
"503-00000000","צריכה","19/05/2024","23:30",0.039,0
"503-00000000","צריכה","19/05/2024","23:45",0.046,0
"503-00000000","צריכה","20/05/2024","00:00",0.050,0
"503-00000000","צריכה","20/05/2024","00:15",0.060,0
"503-00000000","צריכה","20/05/2024","00:30",0.041,0
"503-00000000","צריכה","20/05/2024","00:45",0.046,0
"503-00000000","צריכה","20/05/2024","01:00",0.041,0
"503-00000000","צריכה","20/05/2024","01:15",0.050,0
"503-00000000","צריכה","20/05/2024","01:30",0.061,0
"503-00000000","צריכה","20/05/2024","01:45",0.052,0
"503-00000000","צריכה","20/05/2024","02:00",0.039,0
"503-00000000","צריכה","20/05/2024","02:15",0.048,0
"503-00000000","צריכה","20/05/2024","02:30",0.039,0
"503-00000000","צריכה","20/05/2024","02:45",0.047,0
"503-00000000","צריכה","20/05/2024","03:00",0.051,0
"503-00000000","צריכה","20/05/2024","03:15",0.045,0
"503-00000000","צריכה","20/05/2024","03:30",0.052,0
"503-00000000","צריכה","20/05/2024","03:45",0.062,0
"503-00000000","צריכה","20/05/2024","04:00",0.058,0
"503-00000000","צריכה","20/05/2024","04:15",0.044,0
"503-00000000","צריכה","20/05/2024","04:30",0.045,0
"503-00000000","צריכה","20/05/2024","04:45",0.048,0
"503-00000000","צריכה","20/05/2024","05:00",0.058,0
"503-00000000","צריכה","20/05/2024","05:15",0.054,0
"503-00000000","צריכה","20/05/2024","05:30",0.060,0
"503-00000000","צריכה","20/05/2024","05:45",0.047,0
"503-00000000","צריכה","20/05/2024","06:00",0.105,0
"503-00000000","צריכה","20/05/2024","06:15",0.080,0
"503-00000000","צריכה","20/05/2024","06:30",0.109,0
"503-00000000","צריכה","20/05/2024","06:45",0.084,0
"503-00000000","צריכה","20/05/2024","07:00",0.090,0
"503-00000000","צריכה","20/05/2024","07:15",0.088,0
"503-00000000","צריכה","20/05/2024","07:30",0.116,0
"503-00000000","צריכה","20/05/2024","07:45",0.117,0
"503-00000000","צריכה","20/05/2024","08:00",0.099,0
"503-00000000","צריכה","20/05/2024","08:15",0.111,0
"503-00000000","צריכה","20/05/2024","08:30",0.103,0
"503-00000000","צריכה","20/05/2024","08:45",0.122,0
"503-00000000","צריכה","20/05/2024","09:00",0.061,0
"503-00000000","צריכה","20/05/2024","09:15",0.084,0
"503-00000000","צריכה","20/05/2024","09:30",0.070,0
"503-00000000","צריכה","20/05/2024","09:45",0.075,0
"503-00000000","צריכה","20/05/2024","10:00",0.067,0
"503-00000000","צריכה","20/05/2024","10:15",0.066,0
"503-00000000","צריכה","20/05/2024","10:30",0.073,0
"503-00000000","צריכה","20/05/2024","10:45",0.084,0
"503-00000000","צריכה","20/05/2024","11:00",0.058,0
"503-00000000","צריכה","20/05/2024","11:15",0.053,0
"503-00000000","צריכה","20/05/2024","11:30",0.060,0
"503-00000000","צריכה","20/05/2024","11:45",0.074,0
"503-00000000","צריכה","20/05/2024","12:00",0.076,0
"503-00000000","צריכה","20/05/2024","12:15",0.052,0
"503-00000000","צריכה","20/05/2024","12:30",0.059,0
"503-00000000","צריכה","20/05/2024","12:45",0.059,0
"503-00000000","צריכה","20/05/2024","13:00",0.078,0
"503-00000000","צריכה","20/05/2024","13:15",0.054,0
"503-00000000","צריכה","20/05/2024","13:30",0.067,0
"503-00000000","צריכה","20/05/2024","13:45",0.061,0
"503-00000000","צריכה","20/05/2024","14:00",0.069,0
"503-00000000","צריכה","20/05/2024","14:15",0.073,0
"503-00000000","צריכה","20/05/2024","14:30",0.056,0
"503-00000000","צריכה","20/05/2024","14:45",0.056,0
"503-00000000","צריכה","20/05/2024","15:00",0.051,0
"503-00000000","צריכה","20/05/2024","15:15",0.064,0
"503-00000000","צריכה","20/05/2024","15:30",0.073,0
"503-00000000","צריכה","20/05/2024","15:45",0.062,0
"503-00000000","צריכה","20/05/2024","16:00",0.078,0
"503-00000000","צריכה","20/05/2024","16:15",0.061,0
"503-00000000","צריכה","20/05/2024","16:30",0.063,0
"503-00000000","צריכה","20/05/2024","16:45",0.076,0
"503-00000000","צריכה","20/05/2024","17:00",0.141,0
"503-00000000","צריכה","20/05/2024","17:15",0.168,0
"503-00000000","צריכה","20/05/2024","17:30",0.170,0
"503-00000000","צריכה","20/05/2024","17:45",0.132,0
"503-00000000","צריכה","20/05/2024","18:00",0.218,0
"503-00000000","צריכה","20/05/2024","18:15",0.169,0
"503-00000000","צריכה","20/05/2024","18:30",0.155,0
"503-00000000","צריכה","20/05/2024","18:45",0.180,0
"503-00000000","צריכה","20/05/2024","19:00",0.152,0
"503-00000000","צריכה","20/05/2024","19:15",0.201,0
"503-00000000","צריכה","20/05/2024","19:30",0.202,0
"503-00000000","צריכה","20/05/2024","19:45",0.164,0
"503-00000000","צריכה","20/05/2024","20:00",0.174,0
"503-00000000","צריכה","20/05/2024","20:15",0.216,0
"503-00000000","צריכה","20/05/2024","20:30",0.179,0
"503-00000000","צריכה","20/05/2024","20:45",0.178,0
"503-00000000","צריכה","20/05/2024","21:00",0.179,0
"503-00000000","צריכה","20/05/2024","21:15",0.155,0
"503-00000000","צריכה","20/05/2024","21:30",0.143,0
"503-00000000","צריכה","20/05/2024","21:45",0.132,0
"503-00000000","צריכה","20/05/2024","22:00",0.204,0
"503-00000000","צריכה","20/05/2024","22:15",0.159,0
"503-00000000","צריכה","20/05/2024","22:30",0.176,0
"503-00000000","צריכה","20/05/2024","22:45",0.187,0
"503-00000000","צריכה","20/05/2024","23:00",0.061,0
"503-00000000","צריכה","20/05/2024","23:15",0.049,0
"503-00000000","צריכה","20/05/2024","23:30",0.062,0
"503-00000000","צריכה","20/05/2024","23:45",0.040,0
"503-00000000","צריכה","21/05/2024","00:00",0.049,0
"503-00000000","צריכה","21/05/2024","00:15",0.055,0
"503-00000000","צריכה","21/05/2024","00:30",0.045,0
"503-00000000","צריכה","21/05/2024","00:45",0.041,0
"503-00000000","צריכה","21/05/2024","01:00",0.042,0
"503-00000000","צריכה","21/05/2024","01:15",0.054,0
"503-00000000","צריכה","21/05/2024","01:30",0.050,0
"503-00000000","צריכה","21/05/2024","01:45",0.044,0
"503-00000000","צריכה","21/05/2024","02:00",0.050,0
"503-00000000","צריכה","21/05/2024","02:15",0.040,0
"503-00000000","צריכה","21/05/2024","02:30",0.049,0
"503-00000000","צריכה","21/05/2024","02:45",0.059,0
"503-00000000","צריכה","21/05/2024","03:00",0.053,0
"503-00000000","צריכה","21/05/2024","03:15",0.042,0
"503-00000000","צריכה","21/05/2024","03:30",0.051,0
"503-00000000","צריכה","21/05/2024","03:45",0.061,0
"503-00000000","צריכה","21/05/2024","04:00",0.052,0
"503-00000000","צריכה","21/05/2024","04:15",0.059,0
"503-00000000","צריכה","21/05/2024","04:30",0.055,0
"503-00000000","צריכה","21/05/2024","04:45",0.048,0
"503-00000000","צריכה","21/05/2024","05:00",0.058,0
"503-00000000","צריכה","21/05/2024","05:15",0.044,0
"503-00000000","צריכה","21/05/2024","05:30",0.053,0
"503-00000000","צריכה","21/05/2024","05:45",0.041,0
"503-00000000","צריכה","21/05/2024","06:00",0.102,0
"503-00000000","צריכה","21/05/2024","06:15",0.084,0
"503-00000000","צריכה","21/05/2024","06:30",0.116,0
"503-00000000","צריכה","21/05/2024","06:45",0.116,0
"503-00000000","צריכה","21/05/2024","07:00",0.097,0
"503-00000000","צריכה","21/05/2024","07:15",0.103,0
"503-00000000","צריכה","21/05/2024","07:30",0.103,0
"503-00000000","צריכה","21/05/2024","07:45",0.116,0
"503-00000000","צריכה","21/05/2024","08:00",0.101,0
"503-00000000","צריכה","21/05/2024","08:15",0.077,0
"503-00000000","צריכה","21/05/2024","08:30",0.093,0
"503-00000000","צריכה","21/05/2024","08:45",0.092,0
"503-00000000","צריכה","21/05/2024","09:00",0.056,0
"503-00000000","צריכה","21/05/2024","09:15",0.077,0
"503-00000000","צריכה","21/05/2024","09:30",0.080,0
"503-00000000","צריכה","21/05/2024","09:45",0.067,0
"503-00000000","צריכה","21/05/2024","10:00",0.052,0
"503-00000000","צריכה","21/05/2024","10:15",0.056,0
"503-00000000","צריכה","21/05/2024","10:30",0.080,0
"503-00000000","צריכה","21/05/2024","10:45",0.056,0
"503-00000000","צריכה","21/05/2024","11:00",0.080,0
"503-00000000","צריכה","21/05/2024","11:15",0.082,0
"503-00000000","צריכה","21/05/2024","11:30",0.076,0
"503-00000000","צריכה","21/05/2024","11:45",0.066,0
"503-00000000","צריכה","21/05/2024","12:00",0.073,0
"503-00000000","צריכה","21/05/2024","12:15",0.059,0
"503-00000000","צריכה","21/05/2024","12:30",0.053,0
"503-00000000","צריכה","21/05/2024","12:45",0.069,0
"503-00000000","צריכה","21/05/2024","13:00",0.064,0
"503-00000000","צריכה","21/05/2024","13:15",0.070,0
"503-00000000","צריכה","21/05/2024","13:30",0.068,0
"503-00000000","צריכה","21/05/2024","13:45",0.079,0
"503-00000000","צריכה","21/05/2024","14:00",0.067,0
"503-00000000","צריכה","21/05/2024","14:15",0.071,0
"503-00000000","צריכה","21/05/2024","14:30",0.074,0
"503-00000000","צריכה","21/05/2024","14:45",0.062,0
"503-00000000","צריכה","21/05/2024","15:00",0.073,0
"503-00000000","צריכה","21/05/2024","15:15",0.079,0
"503-00000000","צריכה","21/05/2024","15:30",0.073,0
"503-00000000","צריכה","21/05/2024","15:45",0.061,0
"503-00000000","צריכה","21/05/2024","16:00",0.065,0
"503-00000000","צריכה","21/05/2024","16:15",0.068,0
"503-00000000","צריכה","21/05/2024","16:30",0.059,0
"503-00000000","צריכה","21/05/2024","16:45",0.072,0
"503-00000000","צריכה","21/05/2024","17:00",0.204,0
"503-00000000","צריכה","21/05/2024","17:15",0.166,0
"503-00000000","צריכה","21/05/2024","17:30",0.176,0
"503-00000000","צריכה","21/05/2024","17:45",0.187,0
"503-00000000","צריכה","21/05/2024","18:00",0.214,0
"503-00000000","צריכה","21/05/2024","18:15",0.208,0
"503-00000000","צריכה","21/05/2024","18:30",0.211,0
"503-00000000","צריכה","21/05/2024","18:45",0.169,0
"503-00000000","צריכה","21/05/2024","19:00",0.207,0
"503-00000000","צריכה","21/05/2024","19:15",0.145,0
"503-00000000","צריכה","21/05/2024","19:30",0.191,0
"503-00000000","צריכה","21/05/2024","19:45",0.146,0
"503-00000000","צריכה","21/05/2024","20:00",0.214,0
"503-00000000","צריכה","21/05/2024","20:15",0.197,0
"503-00000000","צריכה","21/05/2024","20:30",0.201,0
"503-00000000","צריכה","21/05/2024","20:45",0.202,0
"503-00000000","צריכה","21/05/2024","21:00",0.176,0
"503-00000000","צריכה","21/05/2024","21:15",0.137,0
"503-00000000","צריכה","21/05/2024","21:30",0.165,0
"503-00000000","צריכה","21/05/2024","21:45",0.182,0
"503-00000000","צריכה","21/05/2024","22:00",0.158,0
"503-00000000","צריכה","21/05/2024","22:15",0.171,0
"503-00000000","צריכה","21/05/2024","22:30",0.159,0
"503-00000000","צריכה","21/05/2024","22:45",0.147,0
"503-00000000","צריכה","21/05/2024","23:00",0.046,0
"503-00000000","צריכה","21/05/2024","23:15",0.059,0
"503-00000000","צריכה","21/05/2024","23:30",0.040,0
"503-00000000","צריכה","21/05/2024","23:45",0.044,0
"503-00000000","צריכה","22/05/2024","00:00",0.050,0
"503-00000000","צריכה","22/05/2024","00:15",0.041,0
"503-00000000","צריכה","22/05/2024","00:30",0.039,0
"503-00000000","צריכה","22/05/2024","00:45",0.056,0
"503-00000000","צריכה","22/05/2024","01:00",0.044,0
"503-00000000","צריכה","22/05/2024","01:15",0.058,0
"503-00000000","צריכה","22/05/2024","01:30",0.059,0
"503-00000000","צריכה","22/05/2024","01:45",0.058,0
"503-00000000","צריכה","22/05/2024","02:00",0.061,0
"503-00000000","צריכה","22/05/2024","02:15",0.046,0
"503-00000000","צריכה","22/05/2024","02:30",0.061,0
"503-00000000","צריכה","22/05/2024","02:45",0.053,0
"503-00000000","צריכה","22/05/2024","03:00",0.060,0
"503-00000000","צריכה","22/05/2024","03:15",0.038,0
"503-00000000","צריכה","22/05/2024","03:30",0.048,0
"503-00000000","צריכה","22/05/2024","03:45",0.049,0
"503-00000000","צריכה","22/05/2024","04:00",0.050,0
"503-00000000","צריכה","22/05/2024","04:15",0.059,0
"503-00000000","צריכה","22/05/2024","04:30",0.040,0
"503-00000000","צריכה","22/05/2024","04:45",0.051,0
"503-00000000","צריכה","22/05/2024","05:00",0.056,0
"503-00000000","צריכה","22/05/2024","05:15",0.062,0
"503-00000000","צריכה","22/05/2024","05:30",0.051,0
"503-00000000","צריכה","22/05/2024","05:45",0.038,0
"503-00000000","צריכה","22/05/2024","06:00",0.077,0
"503-00000000","צריכה","22/05/2024","06:15",0.122,0
"503-00000000","צריכה","22/05/2024","06:30",0.089,0
"503-00000000","צריכה","22/05/2024","06:45",0.090,0
"503-00000000","צריכה","22/05/2024","07:00",0.111,0
"503-00000000","צריכה","22/05/2024","07:15",0.110,0
"503-00000000","צריכה","22/05/2024","07:30",0.114,0
"503-00000000","צריכה","22/05/2024","07:45",0.080,0
"503-00000000","צריכה","22/05/2024","08:00",0.093,0
"503-00000000","צריכה","22/05/2024","08:15",0.090,0
"503-00000000","צריכה","22/05/2024","08:30",0.092,0
"503-00000000","צריכה","22/05/2024","08:45",0.112,0
"503-00000000","צריכה","22/05/2024","09:00",0.067,0
"503-00000000","צריכה","22/05/2024","09:15",0.057,0
"503-00000000","צריכה","22/05/2024","09:30",0.065,0
"503-00000000","צריכה","22/05/2024","09:45",0.057,0
"503-00000000","צריכה","22/05/2024","10:00",0.071,0
"503-00000000","צריכה","22/05/2024","10:15",0.083,0
"503-00000000","צריכה","22/05/2024","10:30",0.077,0
"503-00000000","צריכה","22/05/2024","10:45",0.067,0
"503-00000000","צריכה","22/05/2024","11:00",0.052,0
"503-00000000","צריכה","22/05/2024","11:15",0.064,0
"503-00000000","צריכה","22/05/2024","11:30",0.057,0
"503-00000000","צריכה","22/05/2024","11:45",0.073,0
"503-00000000","צריכה","22/05/2024","12:00",0.058,0
"503-00000000","צריכה","22/05/2024","12:15",0.051,0
"503-00000000","צריכה","22/05/2024","12:30",0.083,0
"503-00000000","צריכה","22/05/2024","12:45",0.063,0
"503-00000000","צריכה","22/05/2024","13:00",0.084,0
"503-00000000","צריכה","22/05/2024","13:15",0.063,0
"503-00000000","צריכה","22/05/2024","13:30",0.068,0
"503-00000000","צריכה","22/05/2024","13:45",0.075,0
"503-00000000","צריכה","22/05/2024","14:00",0.067,0
"503-00000000","צריכה","22/05/2024","14:15",0.070,0
"503-00000000","צריכה","22/05/2024","14:30",0.051,0
"503-00000000","צריכה","22/05/2024","14:45",0.073,0
"503-00000000","צריכה","22/05/2024","15:00",0.070,0
"503-00000000","צריכה","22/05/2024","15:15",0.080,0
"503-00000000","צריכה","22/05/2024","15:30",0.074,0
"503-00000000","צריכה","22/05/2024","15:45",0.054,0
"503-00000000","צריכה","22/05/2024","16:00",0.075,0
"503-00000000","צריכה","22/05/2024","16:15",0.069,0
"503-00000000","צריכה","22/05/2024","16:30",0.054,0
"503-00000000","צריכה","22/05/2024","16:45",0.081,0
"503-00000000","צריכה","22/05/2024","17:00",0.136,0
"503-00000000","צריכה","22/05/2024","17:15",0.158,0
"503-00000000","צריכה","22/05/2024","17:30",0.164,0
"503-00000000","צריכה","22/05/2024","17:45",0.132,0
"503-00000000","צריכה","22/05/2024","18:00",0.150,0
"503-00000000","צריכה","22/05/2024","18:15",0.141,0
"503-00000000","צריכה","22/05/2024","18:30",0.183,0
"503-00000000","צריכה","22/05/2024","18:45",0.165,0
"503-00000000","צריכה","22/05/2024","19:00",0.198,0
"503-00000000","צריכה","22/05/2024","19:15",0.179,0
"503-00000000","צריכה","22/05/2024","19:30",0.142,0
"503-00000000","צריכה","22/05/2024","19:45",0.133,0
"503-00000000","צריכה","22/05/2024","20:00",0.155,0
"503-00000000","צריכה","22/05/2024","20:15",0.150,0
"503-00000000","צריכה","22/05/2024","20:30",0.158,0
"503-00000000","צריכה","22/05/2024","20:45",0.177,0
"503-00000000","צריכה","22/05/2024","21:00",0.153,0
"503-00000000","צריכה","22/05/2024","21:15",0.208,0
"503-00000000","צריכה","22/05/2024","21:30",0.155,0
"503-00000000","צריכה","22/05/2024","21:45",0.196,0
"503-00000000","צריכה","22/05/2024","22:00",0.159,0
"503-00000000","צריכה","22/05/2024","22:15",0.204,0
"503-00000000","צריכה","22/05/2024","22:30",0.141,0
"503-00000000","צריכה","22/05/2024","22:45",0.167,0
"503-00000000","צריכה","22/05/2024","23:00",0.044,0
"503-00000000","צריכה","22/05/2024","23:15",0.062,0
"503-00000000","צריכה","22/05/2024","23:30",0.042,0
"503-00000000","צריכה","22/05/2024","23:45",0.048,0
"503-00000000","צריכה","23/05/2024","00:00",0.050,0
"503-00000000","צריכה","23/05/2024","00:15",0.046,0
"503-00000000","צריכה","23/05/2024","00:30",0.062,0
"503-00000000","צריכה","23/05/2024","00:45",0.048,0
"503-00000000","צריכה","23/05/2024","01:00",0.048,0
"503-00000000","צריכה","23/05/2024","01:15",0.040,0
"503-00000000","צריכה","23/05/2024","01:30",0.043,0
"503-00000000","צריכה","23/05/2024","01:45",0.044,0
"503-00000000","צריכה","23/05/2024","02:00",0.050,0
"503-00000000","צריכה","23/05/2024","02:15",0.060,0
"503-00000000","צריכה","23/05/2024","02:30",0.047,0
"503-00000000","צריכה","23/05/2024","02:45",0.062,0
"503-00000000","צריכה","23/05/2024","03:00",0.058,0
"503-00000000","צריכה","23/05/2024","03:15",0.049,0
"503-00000000","צריכה","23/05/2024","03:30",0.044,0
"503-00000000","צריכה","23/05/2024","03:45",0.042,0
"503-00000000","צריכה","23/05/2024","04:00",0.039,0
"503-00000000","צריכה","23/05/2024","04:15",0.048,0
"503-00000000","צריכה","23/05/2024","04:30",0.051,0
"503-00000000","צריכה","23/05/2024","04:45",0.061,0
"503-00000000","צריכה","23/05/2024","05:00",0.038,0
"503-00000000","צריכה","23/05/2024","05:15",0.044,0
"503-00000000","צריכה","23/05/2024","05:30",0.047,0
"503-00000000","צריכה","23/05/2024","05:45",0.039,0
"503-00000000","צריכה","23/05/2024","06:00",0.105,0
"503-00000000","צריכה","23/05/2024","06:15",0.121,0
"503-00000000","צריכה","23/05/2024","06:30",0.117,0
"503-00000000","צריכה","23/05/2024","06:45",0.098,0
"503-00000000","צריכה","23/05/2024","07:00",0.077,0
"503-00000000","צריכה","23/05/2024","07:15",0.078,0
"503-00000000","צריכה","23/05/2024","07:30",0.088,0
"503-00000000","צריכה","23/05/2024","07:45",0.119,0
"503-00000000","צריכה","23/05/2024","08:00",0.096,0
"503-00000000","צריכה","23/05/2024","08:15",0.121,0
"503-00000000","צריכה","23/05/2024","08:30",0.113,0
"503-00000000","צריכה","23/05/2024","08:45",0.108,0
"503-00000000","צריכה","23/05/2024","09:00",0.083,0
"503-00000000","צריכה","23/05/2024","09:15",0.074,0
"503-00000000","צריכה","23/05/2024","09:30",0.055,0
"503-00000000","צריכה","23/05/2024","09:45",0.070,0
"503-00000000","צריכה","23/05/2024","10:00",0.084,0
"503-00000000","צריכה","23/05/2024","10:15",0.077,0
"503-00000000","צריכה","23/05/2024","10:30",0.054,0
"503-00000000","צריכה","23/05/2024","10:45",0.071,0
"503-00000000","צריכה","23/05/2024","11:00",0.069,0
"503-00000000","צריכה","23/05/2024","11:15",0.067,0
"503-00000000","צריכה","23/05/2024","11:30",0.058,0
"503-00000000","צריכה","23/05/2024","11:45",0.052,0
"503-00000000","צריכה","23/05/2024","12:00",0.080,0
"503-00000000","צריכה","23/05/2024","12:15",0.084,0
"503-00000000","צריכה","23/05/2024","12:30",0.054,0
"503-00000000","צריכה","23/05/2024","12:45",0.055,0
"503-00000000","צריכה","23/05/2024","13:00",0.076,0
"503-00000000","צריכה","23/05/2024","13:15",0.054,0
"503-00000000","צריכה","23/05/2024","13:30",0.082,0
"503-00000000","צריכה","23/05/2024","13:45",0.077,0
"503-00000000","צריכה","23/05/2024","14:00",0.054,0
"503-00000000","צריכה","23/05/2024","14:15",0.062,0
"503-00000000","צריכה","23/05/2024","14:30",0.080,0
"503-00000000","צריכה","23/05/2024","14:45",0.075,0
"503-00000000","צריכה","23/05/2024","15:00",0.061,0
"503-00000000","צריכה","23/05/2024","15:15",0.053,0
"503-00000000","צריכה","23/05/2024","15:30",0.083,0
"503-00000000","צריכה","23/05/2024","15:45",0.051,0
"503-00000000","צריכה","23/05/2024","16:00",0.067,0
"503-00000000","צריכה","23/05/2024","16:15",0.079,0
"503-00000000","צריכה","23/05/2024","16:30",0.072,0
"503-00000000","צריכה","23/05/2024","16:45",0.082,0
"503-00000000","צריכה","23/05/2024","17:00",0.211,0
"503-00000000","צריכה","23/05/2024","17:15",0.140,0
"503-00000000","צריכה","23/05/2024","17:30",0.179,0
"503-00000000","צריכה","23/05/2024","17:45",0.212,0
"503-00000000","צריכה","23/05/2024","18:00",0.168,0
"503-00000000","צריכה","23/05/2024","18:15",0.167,0
"503-00000000","צריכה","23/05/2024","18:30",0.139,0
"503-00000000","צריכה","23/05/2024","18:45",0.161,0
"503-00000000","צריכה","23/05/2024","19:00",0.162,0
"503-00000000","צריכה","23/05/2024","19:15",0.213,0
"503-00000000","צריכה","23/05/2024","19:30",0.135,0
"503-00000000","צריכה","23/05/2024","19:45",0.144,0
"503-00000000","צריכה","23/05/2024","20:00",0.139,0
"503-00000000","צריכה","23/05/2024","20:15",0.216,0
"503-00000000","צריכה","23/05/2024","20:30",0.160,0
"503-00000000","צריכה","23/05/2024","20:45",0.139,0
"503-00000000","צריכה","23/05/2024","21:00",0.182,0
"503-00000000","צריכה","23/05/2024","21:15",0.217,0
"503-00000000","צריכה","23/05/2024","21:30",0.179,0
"503-00000000","צריכה","23/05/2024","21:45",0.168,0
"503-00000000","צריכה","23/05/2024","22:00",0.145,0
"503-00000000","צריכה","23/05/2024","22:15",0.191,0
"503-00000000","צריכה","23/05/2024","22:30",0.145,0
"503-00000000","צריכה","23/05/2024","22:45",0.141,0
"503-00000000","צריכה","23/05/2024","23:00",0.038,0
"503-00000000","צריכה","23/05/2024","23:15",0.061,0
"503-00000000","צריכה","23/05/2024","23:30",0.044,0
"503-00000000","צריכה","23/05/2024","23:45",0.046,0
"503-00000000","צריכה","24/05/2024","00:00",0.038,0
"503-00000000","צריכה","24/05/2024","00:15",0.040,0
"503-00000000","צריכה","24/05/2024","00:30",0.039,0
"503-00000000","צריכה","24/05/2024","00:45",0.039,0
"503-00000000","צריכה","24/05/2024","01:00",0.045,0
"503-00000000","צריכה","24/05/2024","01:15",0.045,0
"503-00000000","צריכה","24/05/2024","01:30",0.061,0
"503-00000000","צריכה","24/05/2024","01:45",0.054,0
"503-00000000","צריכה","24/05/2024","02:00",0.043,0
"503-00000000","צריכה","24/05/2024","02:15",0.062,0
"503-00000000","צריכה","24/05/2024","02:30",0.058,0
"503-00000000","צריכה","24/05/2024","02:45",0.045,0
"503-00000000","צריכה","24/05/2024","03:00",0.047,0
"503-00000000","צריכה","24/05/2024","03:15",0.056,0
"503-00000000","צריכה","24/05/2024","03:30",0.054,0
"503-00000000","צריכה","24/05/2024","03:45",0.056,0
"503-00000000","צריכה","24/05/2024","04:00",0.060,0
"503-00000000","צריכה","24/05/2024","04:15",0.059,0
"503-00000000","צריכה","24/05/2024","04:30",0.038,0
"503-00000000","צריכה","24/05/2024","04:45",0.044,0
"503-00000000","צריכה","24/05/2024","05:00",0.042,0
"503-00000000","צריכה","24/05/2024","05:15",0.057,0
"503-00000000","צריכה","24/05/2024","05:30",0.051,0
"503-00000000","צריכה","24/05/2024","05:45",0.038,0
"503-00000000","צריכה","24/05/2024","06:00",0.086,0
"503-00000000","צריכה","24/05/2024","06:15",0.115,0
"503-00000000","צריכה","24/05/2024","06:30",0.086,0
"503-00000000","צריכה","24/05/2024","06:45",0.108,0
"503-00000000","צריכה","24/05/2024","07:00",0.078,0
"503-00000000","צריכה","24/05/2024","07:15",0.076,0
"503-00000000","צריכה","24/05/2024","07:30",0.090,0
"503-00000000","צריכה","24/05/2024","07:45",0.095,0
"503-00000000","צריכה","24/05/2024","08:00",0.101,0
"503-00000000","צריכה","24/05/2024","08:15",0.102,0
"503-00000000","צריכה","24/05/2024","08:30",0.111,0
"503-00000000","צריכה","24/05/2024","08:45",0.076,0
"503-00000000","צריכה","24/05/2024","09:00",0.128,0
"503-00000000","צריכה","24/05/2024","09:15",0.117,0
"503-00000000","צריכה","24/05/2024","09:30",0.139,0
"503-00000000","צריכה","24/05/2024","09:45",0.102,0
"503-00000000","צריכה","24/05/2024","10:00",0.112,0
"503-00000000","צריכה","24/05/2024","10:15",0.104,0
"503-00000000","צריכה","24/05/2024","10:30",0.090,0
"503-00000000","צריכה","24/05/2024","10:45",0.107,0
"503-00000000","צריכה","24/05/2024","11:00",0.127,0
"503-00000000","צריכה","24/05/2024","11:15",0.140,0
"503-00000000","צריכה","24/05/2024","11:30",0.108,0
"503-00000000","צריכה","24/05/2024","11:45",0.098,0
"503-00000000","צריכה","24/05/2024","12:00",0.110,0
"503-00000000","צריכה","24/05/2024","12:15",0.138,0
"503-00000000","צריכה","24/05/2024","12:30",0.101,0
"503-00000000","צריכה","24/05/2024","12:45",0.094,0
"503-00000000","צריכה","24/05/2024","13:00",0.128,0
"503-00000000","צריכה","24/05/2024","13:15",0.088,0
"503-00000000","צריכה","24/05/2024","13:30",0.119,0
"503-00000000","צריכה","24/05/2024","13:45",0.111,0
"503-00000000","צריכה","24/05/2024","14:00",0.146,0
"503-00000000","צריכה","24/05/2024","14:15",0.089,0
"503-00000000","צריכה","24/05/2024","14:30",0.128,0
"503-00000000","צריכה","24/05/2024","14:45",0.118,0
"503-00000000","צריכה","24/05/2024","15:00",0.109,0
"503-00000000","צריכה","24/05/2024","15:15",0.132,0
"503-00000000","צריכה","24/05/2024","15:30",0.097,0
"503-00000000","צריכה","24/05/2024","15:45",0.141,0
"503-00000000","צריכה","24/05/2024","16:00",0.120,0
"503-00000000","צריכה","24/05/2024","16:15",0.098,0
"503-00000000","צריכה","24/05/2024","16:30",0.135,0
"503-00000000","צריכה","24/05/2024","16:45",0.119,0
"503-00000000","צריכה","24/05/2024","17:00",0.146,0
"503-00000000","צריכה","24/05/2024","17:15",0.205,0
"503-00000000","צריכה","24/05/2024","17:30",0.153,0
"503-00000000","צריכה","24/05/2024","17:45",0.196,0
"503-00000000","צריכה","24/05/2024","18:00",0.135,0
"503-00000000","צריכה","24/05/2024","18:15",0.141,0
"503-00000000","צריכה","24/05/2024","18:30",0.202,0
"503-00000000","צריכה","24/05/2024","18:45",0.188,0
"503-00000000","צריכה","24/05/2024","19:00",0.136,0
"503-00000000","צריכה","24/05/2024","19:15",0.200,0
"503-00000000","צריכה","24/05/2024","19:30",0.170,0
"503-00000000","צריכה","24/05/2024","19:45",0.136,0
"503-00000000","צריכה","24/05/2024","20:00",0.210,0
"503-00000000","צריכה","24/05/2024","20:15",0.189,0
"503-00000000","צריכה","24/05/2024","20:30",0.188,0
"503-00000000","צריכה","24/05/2024","20:45",0.197,0
"503-00000000","צריכה","24/05/2024","21:00",0.133,0
"503-00000000","צריכה","24/05/2024","21:15",0.205,0
"503-00000000","צריכה","24/05/2024","21:30",0.159,0
"503-00000000","צריכה","24/05/2024","21:45",0.179,0
"503-00000000","צריכה","24/05/2024","22:00",0.203,0
"503-00000000","צריכה","24/05/2024","22:15",0.142,0
"503-00000000","צריכה","24/05/2024","22:30",0.145,0
"503-00000000","צריכה","24/05/2024","22:45",0.153,0
"503-00000000","צריכה","24/05/2024","23:00",0.047,0
"503-00000000","צריכה","24/05/2024","23:15",0.045,0
"503-00000000","צריכה","24/05/2024","23:30",0.054,0
"503-00000000","צריכה","24/05/2024","23:45",0.062,0
"503-00000000","צריכה","25/05/2024","00:00",0.050,0
"503-00000000","צריכה","25/05/2024","00:15",0.053,0
"503-00000000","צריכה","25/05/2024","00:30",0.055,0
"503-00000000","צריכה","25/05/2024","00:45",0.041,0
"503-00000000","צריכה","25/05/2024","01:00",0.040,0
"503-00000000","צריכה","25/05/2024","01:15",0.041,0
"503-00000000","צריכה","25/05/2024","01:30",0.062,0
"503-00000000","צריכה","25/05/2024","01:45",0.045,0
"503-00000000","צריכה","25/05/2024","02:00",0.061,0
"503-00000000","צריכה","25/05/2024","02:15",0.046,0
"503-00000000","צריכה","25/05/2024","02:30",0.062,0
"503-00000000","צריכה","25/05/2024","02:45",0.054,0
"503-00000000","צריכה","25/05/2024","03:00",0.055,0
"503-00000000","צריכה","25/05/2024","03:15",0.040,0
"503-00000000","צריכה","25/05/2024","03:30",0.058,0
"503-00000000","צריכה","25/05/2024","03:45",0.056,0
"503-00000000","צריכה","25/05/2024","04:00",0.057,0
"503-00000000","צריכה","25/05/2024","04:15",0.050,0
"503-00000000","צריכה","25/05/2024","04:30",0.060,0
"503-00000000","צריכה","25/05/2024","04:45",0.043,0
"503-00000000","צריכה","25/05/2024","05:00",0.062,0
"503-00000000","צריכה","25/05/2024","05:15",0.053,0
"503-00000000","צריכה","25/05/2024","05:30",0.059,0
"503-00000000","צריכה","25/05/2024","05:45",0.055,0
"503-00000000","צריכה","25/05/2024","06:00",0.081,0
"503-00000000","צריכה","25/05/2024","06:15",0.084,0
"503-00000000","צריכה","25/05/2024","06:30",0.089,0
"503-00000000","צריכה","25/05/2024","06:45",0.111,0
"503-00000000","צריכה","25/05/2024","07:00",0.089,0
"503-00000000","צריכה","25/05/2024","07:15",0.088,0
"503-00000000","צריכה","25/05/2024","07:30",0.078,0
"503-00000000","צריכה","25/05/2024","07:45",0.121,0
"503-00000000","צריכה","25/05/2024","08:00",0.107,0
"503-00000000","צריכה","25/05/2024","08:15",0.104,0
"503-00000000","צריכה","25/05/2024","08:30",0.101,0
"503-00000000","צריכה","25/05/2024","08:45",0.096,0
"503-00000000","צריכה","25/05/2024","09:00",0.126,0
"503-00000000","צריכה","25/05/2024","09:15",0.103,0
"503-00000000","צריכה","25/05/2024","09:30",0.132,0
"503-00000000","צריכה","25/05/2024","09:45",0.105,0
"503-00000000","צריכה","25/05/2024","10:00",0.110,0
"503-00000000","צריכה","25/05/2024","10:15",0.119,0
"503-00000000","צריכה","25/05/2024","10:30",0.120,0
"503-00000000","צריכה","25/05/2024","10:45",0.104,0
"503-00000000","צריכה","25/05/2024","11:00",0.128,0
"503-00000000","צריכה","25/05/2024","11:15",0.128,0
"503-00000000","צריכה","25/05/2024","11:30",0.138,0
"503-00000000","צריכה","25/05/2024","11:45",0.114,0
"503-00000000","צריכה","25/05/2024","12:00",0.104,0
"503-00000000","צריכה","25/05/2024","12:15",0.107,0
"503-00000000","צריכה","25/05/2024","12:30",0.141,0
"503-00000000","צריכה","25/05/2024","12:45",0.134,0
"503-00000000","צריכה","25/05/2024","13:00",0.097,0
"503-00000000","צריכה","25/05/2024","13:15",0.114,0
"503-00000000","צריכה","25/05/2024","13:30",0.143,0
"503-00000000","צריכה","25/05/2024","13:45",0.116,0
"503-00000000","צריכה","25/05/2024","14:00",0.130,0
"503-00000000","צריכה","25/05/2024","14:15",0.132,0
"503-00000000","צריכה","25/05/2024","14:30",0.097,0
"503-00000000","צריכה","25/05/2024","14:45",0.121,0
"503-00000000","צריכה","25/05/2024","15:00",0.132,0
"503-00000000","צריכה","25/05/2024","15:15",0.105,0
"503-00000000","צריכה","25/05/2024","15:30",0.092,0
"503-00000000","צריכה","25/05/2024","15:45",0.108,0
"503-00000000","צריכה","25/05/2024","16:00",0.123,0
"503-00000000","צריכה","25/05/2024","16:15",0.115,0
"503-00000000","צריכה","25/05/2024","16:30",0.115,0
"503-00000000","צריכה","25/05/2024","16:45",0.136,0
"503-00000000","צריכה","25/05/2024","17:00",0.139,0
"503-00000000","צריכה","25/05/2024","17:15",0.140,0
"503-00000000","צריכה","25/05/2024","17:30",0.176,0
"503-00000000","צריכה","25/05/2024","17:45",0.183,0
"503-00000000","צריכה","25/05/2024","18:00",0.196,0
"503-00000000","צריכה","25/05/2024","18:15",0.134,0
"503-00000000","צריכה","25/05/2024","18:30",0.195,0
"503-00000000","צריכה","25/05/2024","18:45",0.180,0
"503-00000000","צריכה","25/05/2024","19:00",0.191,0
"503-00000000","צריכה","25/05/2024","19:15",0.170,0
"503-00000000","צריכה","25/05/2024","19:30",0.195,0
"503-00000000","צריכה","25/05/2024","19:45",0.150,0
"503-00000000","צריכה","25/05/2024","20:00",0.196,0
"503-00000000","צריכה","25/05/2024","20:15",0.162,0
"503-00000000","צריכה","25/05/2024","20:30",0.164,0
"503-00000000","צריכה","25/05/2024","20:45",0.182,0
"503-00000000","צריכה","25/05/2024","21:00",0.153,0
"503-00000000","צריכה","25/05/2024","21:15",0.190,0
"503-00000000","צריכה","25/05/2024","21:30",0.209,0
"503-00000000","צריכה","25/05/2024","21:45",0.158,0
"503-00000000","צריכה","25/05/2024","22:00",0.183,0
"503-00000000","צריכה","25/05/2024","22:15",0.154,0
"503-00000000","צריכה","25/05/2024","22:30",0.166,0
"503-00000000","צריכה","25/05/2024","22:45",0.213,0
"503-00000000","צריכה","25/05/2024","23:00",0.053,0
"503-00000000","צריכה","25/05/2024","23:15",0.055,0
"503-00000000","צריכה","25/05/2024","23:30",0.059,0
"503-00000000","צריכה","25/05/2024","23:45",0.049,0
"503-00000000","צריכה","26/05/2024","00:00",0.049,0
"503-00000000","צריכה","26/05/2024","00:15",0.046,0
"503-00000000","צריכה","26/05/2024","00:30",0.055,0
"503-00000000","צריכה","26/05/2024","00:45",0.056,0
"503-00000000","צריכה","26/05/2024","01:00",0.038,0
"503-00000000","צריכה","26/05/2024","01:15",0.045,0
"503-00000000","צריכה","26/05/2024","01:30",0.049,0
"503-00000000","צריכה","26/05/2024","01:45",0.048,0
"503-00000000","צריכה","26/05/2024","02:00",0.048,0
"503-00000000","צריכה","26/05/2024","02:15",0.051,0
"503-00000000","צריכה","26/05/2024","02:30",0.050,0
"503-00000000","צריכה","26/05/2024","02:45",0.051,0
"503-00000000","צריכה","26/05/2024","03:00",0.057,0
"503-00000000","צריכה","26/05/2024","03:15",0.059,0
"503-00000000","צריכה","26/05/2024","03:30",0.051,0
"503-00000000","צריכה","26/05/2024","03:45",0.041,0
"503-00000000","צריכה","26/05/2024","04:00",0.038,0
"503-00000000","צריכה","26/05/2024","04:15",0.042,0
"503-00000000","צריכה","26/05/2024","04:30",0.043,0
"503-00000000","צריכה","26/05/2024","04:45",0.061,0
"503-00000000","צריכה","26/05/2024","05:00",0.060,0
"503-00000000","צריכה","26/05/2024","05:15",0.054,0
"503-00000000","צריכה","26/05/2024","05:30",0.044,0
"503-00000000","צריכה","26/05/2024","05:45",0.038,0
"503-00000000","צריכה","26/05/2024","06:00",0.089,0
"503-00000000","צריכה","26/05/2024","06:15",0.085,0
"503-00000000","צריכה","26/05/2024","06:30",0.106,0
"503-00000000","צריכה","26/05/2024","06:45",0.092,0
"503-00000000","צריכה","26/05/2024","07:00",0.093,0
"503-00000000","צריכה","26/05/2024","07:15",0.110,0
"503-00000000","צריכה","26/05/2024","07:30",0.075,0
"503-00000000","צריכה","26/05/2024","07:45",0.078,0
"503-00000000","צריכה","26/05/2024","08:00",0.093,0
"503-00000000","צריכה","26/05/2024","08:15",0.120,0
"503-00000000","צריכה","26/05/2024","08:30",0.079,0
"503-00000000","צריכה","26/05/2024","08:45",0.089,0
"503-00000000","צריכה","26/05/2024","09:00",0.065,0
"503-00000000","צריכה","26/05/2024","09:15",0.067,0
"503-00000000","צריכה","26/05/2024","09:30",0.055,0
"503-00000000","צריכה","26/05/2024","09:45",0.064,0
"503-00000000","צריכה","26/05/2024","10:00",0.076,0
"503-00000000","צריכה","26/05/2024","10:15",0.053,0
"503-00000000","צריכה","26/05/2024","10:30",0.057,0
"503-00000000","צריכה","26/05/2024","10:45",0.067,0
"503-00000000","צריכה","26/05/2024","11:00",0.082,0
"503-00000000","צריכה","26/05/2024","11:15",0.073,0
"503-00000000","צריכה","26/05/2024","11:30",0.057,0
"503-00000000","צריכה","26/05/2024","11:45",0.081,0
"503-00000000","צריכה","26/05/2024","12:00",0.061,0
"503-00000000","צריכה","26/05/2024","12:15",0.081,0
"503-00000000","צריכה","26/05/2024","12:30",0.078,0
"503-00000000","צריכה","26/05/2024","12:45",0.072,0
"503-00000000","צריכה","26/05/2024","13:00",0.056,0
"503-00000000","צריכה","26/05/2024","13:15",0.067,0
"503-00000000","צריכה","26/05/2024","13:30",0.082,0
"503-00000000","צריכה","26/05/2024","13:45",0.053,0
"503-00000000","צריכה","26/05/2024","14:00",0.061,0
"503-00000000","צריכה","26/05/2024","14:15",0.082,0
"503-00000000","צריכה","26/05/2024","14:30",0.084,0
"503-00000000","צריכה","26/05/2024","14:45",0.066,0
"503-00000000","צריכה","26/05/2024","15:00",0.068,0
"503-00000000","צריכה","26/05/2024","15:15",0.070,0
"503-00000000","צריכה","26/05/2024","15:30",0.078,0
"503-00000000","צריכה","26/05/2024","15:45",0.065,0
"503-00000000","צריכה","26/05/2024","16:00",0.071,0
"503-00000000","צריכה","26/05/2024","16:15",0.065,0
"503-00000000","צריכה","26/05/2024","16:30",0.081,0
"503-00000000","צריכה","26/05/2024","16:45",0.068,0
"503-00000000","צריכה","26/05/2024","17:00",0.186,0
"503-00000000","צריכה","26/05/2024","17:15",0.136,0
"503-00000000","צריכה","26/05/2024","17:30",0.194,0
"503-00000000","צריכה","26/05/2024","17:45",0.195,0
"503-00000000","צריכה","26/05/2024","18:00",0.180,0
"503-00000000","צריכה","26/05/2024","18:15",0.211,0
"503-00000000","צריכה","26/05/2024","18:30",0.150,0
"503-00000000","צריכה","26/05/2024","18:45",0.193,0
"503-00000000","צריכה","26/05/2024","19:00",0.136,0
"503-00000000","צריכה","26/05/2024","19:15",0.171,0
"503-00000000","צריכה","26/05/2024","19:30",0.132,0
"503-00000000","צריכה","26/05/2024","19:45",0.177,0
"503-00000000","צריכה","26/05/2024","20:00",0.187,0
"503-00000000","צריכה","26/05/2024","20:15",0.162,0
"503-00000000","צריכה","26/05/2024","20:30",0.145,0
"503-00000000","צריכה","26/05/2024","20:45",0.196,0
"503-00000000","צריכה","26/05/2024","21:00",0.185,0
"503-00000000","צריכה","26/05/2024","21:15",0.139,0
"503-00000000","צריכה","26/05/2024","21:30",0.197,0
"503-00000000","צריכה","26/05/2024","21:45",0.195,0
"503-00000000","צריכה","26/05/2024","22:00",0.148,0
"503-00000000","צריכה","26/05/2024","22:15",0.145,0
"503-00000000","צריכה","26/05/2024","22:30",0.165,0
"503-00000000","צריכה","26/05/2024","22:45",0.157,0
"503-00000000","צריכה","26/05/2024","23:00",0.044,0
"503-00000000","צריכה","26/05/2024","23:15",0.048,0
"503-00000000","צריכה","26/05/2024","23:30",0.042,0
"503-00000000","צריכה","26/05/2024","23:45",0.053,0
"503-00000000","צריכה","27/05/2024","00:00",0.053,0
"503-00000000","צריכה","27/05/2024","00:15",0.049,0
"503-00000000","צריכה","27/05/2024","00:30",0.038,0
"503-00000000","צריכה","27/05/2024","00:45",0.055,0
"503-00000000","צריכה","27/05/2024","01:00",0.060,0
"503-00000000","צריכה","27/05/2024","01:15",0.055,0
"503-00000000","צריכה","27/05/2024","01:30",0.047,0
"503-00000000","צריכה","27/05/2024","01:45",0.051,0
"503-00000000","צריכה","27/05/2024","02:00",0.040,0
"503-00000000","צריכה","27/05/2024","02:15",0.038,0
"503-00000000","צריכה","27/05/2024","02:30",0.038,0
"503-00000000","צריכה","27/05/2024","02:45",0.054,0
"503-00000000","צריכה","27/05/2024","03:00",0.057,0
"503-00000000","צריכה","27/05/2024","03:15",0.051,0
"503-00000000","צריכה","27/05/2024","03:30",0.050,0
"503-00000000","צריכה","27/05/2024","03:45",0.055,0
"503-00000000","צריכה","27/05/2024","04:00",0.055,0
"503-00000000","צריכה","27/05/2024","04:15",0.041,0
"503-00000000","צריכה","27/05/2024","04:30",0.054,0
"503-00000000","צריכה","27/05/2024","04:45",0.038,0
"503-00000000","צריכה","27/05/2024","05:00",0.042,0
"503-00000000","צריכה","27/05/2024","05:15",0.047,0
"503-00000000","צריכה","27/05/2024","05:30",0.040,0
"503-00000000","צריכה","27/05/2024","05:45",0.059,0
"503-00000000","צריכה","27/05/2024","06:00",0.080,0
"503-00000000","צריכה","27/05/2024","06:15",0.093,0
"503-00000000","צריכה","27/05/2024","06:30",0.105,0
"503-00000000","צריכה","27/05/2024","06:45",0.081,0
"503-00000000","צריכה","27/05/2024","07:00",0.105,0
"503-00000000","צריכה","27/05/2024","07:15",0.108,0
"503-00000000","צריכה","27/05/2024","07:30",0.108,0
"503-00000000","צריכה","27/05/2024","07:45",0.102,0
"503-00000000","צריכה","27/05/2024","08:00",0.077,0
"503-00000000","צריכה","27/05/2024","08:15",0.122,0
"503-00000000","צריכה","27/05/2024","08:30",0.115,0
"503-00000000","צריכה","27/05/2024","08:45",0.088,0
"503-00000000","צריכה","27/05/2024","09:00",0.051,0
"503-00000000","צריכה","27/05/2024","09:15",0.068,0
"503-00000000","צריכה","27/05/2024","09:30",0.084,0
"503-00000000","צריכה","27/05/2024","09:45",0.063,0
"503-00000000","צריכה","27/05/2024","10:00",0.061,0
"503-00000000","צריכה","27/05/2024","10:15",0.081,0
"503-00000000","צריכה","27/05/2024","10:30",0.059,0
"503-00000000","צריכה","27/05/2024","10:45",0.063,0
"503-00000000","צריכה","27/05/2024","11:00",0.073,0
"503-00000000","צריכה","27/05/2024","11:15",0.074,0
"503-00000000","צריכה","27/05/2024","11:30",0.075,0
"503-00000000","צריכה","27/05/2024","11:45",0.058,0
"503-00000000","צריכה","27/05/2024","12:00",0.062,0
"503-00000000","צריכה","27/05/2024","12:15",0.067,0
"503-00000000","צריכה","27/05/2024","12:30",0.065,0
"503-00000000","צריכה","27/05/2024","12:45",0.084,0
"503-00000000","צריכה","27/05/2024","13:00",0.070,0
"503-00000000","צריכה","27/05/2024","13:15",0.062,0
"503-00000000","צריכה","27/05/2024","13:30",0.071,0
"503-00000000","צריכה","27/05/2024","13:45",0.078,0
"503-00000000","צריכה","27/05/2024","14:00",0.055,0
"503-00000000","צריכה","27/05/2024","14:15",0.083,0
"503-00000000","צריכה","27/05/2024","14:30",0.078,0
"503-00000000","צריכה","27/05/2024","14:45",0.083,0
"503-00000000","צריכה","27/05/2024","15:00",0.067,0
"503-00000000","צריכה","27/05/2024","15:15",0.072,0
"503-00000000","צריכה","27/05/2024","15:30",0.078,0
"503-00000000","צריכה","27/05/2024","15:45",0.083,0
"503-00000000","צריכה","27/05/2024","16:00",0.066,0
"503-00000000","צריכה","27/05/2024","16:15",0.063,0
"503-00000000","צריכה","27/05/2024","16:30",0.064,0
"503-00000000","צריכה","27/05/2024","16:45",0.064,0
"503-00000000","צריכה","27/05/2024","17:00",0.164,0
"503-00000000","צריכה","27/05/2024","17:15",0.199,0
"503-00000000","צריכה","27/05/2024","17:30",0.209,0
"503-00000000","צריכה","27/05/2024","17:45",0.215,0
"503-00000000","צריכה","27/05/2024","18:00",0.211,0
"503-00000000","צריכה","27/05/2024","18:15",0.193,0
"503-00000000","צריכה","27/05/2024","18:30",0.154,0
"503-00000000","צריכה","27/05/2024","18:45",0.174,0
"503-00000000","צריכה","27/05/2024","19:00",0.171,0
"503-00000000","צריכה","27/05/2024","19:15",0.139,0
"503-00000000","צריכה","27/05/2024","19:30",0.198,0
"503-00000000","צריכה","27/05/2024","19:45",0.158,0
"503-00000000","צריכה","27/05/2024","20:00",0.179,0
"503-00000000","צריכה","27/05/2024","20:15",0.214,0
"503-00000000","צריכה","27/05/2024","20:30",0.207,0
"503-00000000","צריכה","27/05/2024","20:45",0.189,0
"503-00000000","צריכה","27/05/2024","21:00",0.146,0
"503-00000000","צריכה","27/05/2024","21:15",0.189,0
"503-00000000","צריכה","27/05/2024","21:30",0.198,0
"503-00000000","צריכה","27/05/2024","21:45",0.151,0
"503-00000000","צריכה","27/05/2024","22:00",0.181,0
"503-00000000","צריכה","27/05/2024","22:15",0.205,0
"503-00000000","צריכה","27/05/2024","22:30",0.134,0
"503-00000000","צריכה","27/05/2024","22:45",0.161,0
"503-00000000","צריכה","27/05/2024","23:00",0.045,0
"503-00000000","צריכה","27/05/2024","23:15",0.040,0
"503-00000000","צריכה","27/05/2024","23:30",0.047,0
"503-00000000","צריכה","27/05/2024","23:45",0.038,0
"503-00000000","צריכה","28/05/2024","00:00",0.042,0
"503-00000000","צריכה","28/05/2024","00:15",0.039,0
"503-00000000","צריכה","28/05/2024","00:30",0.051,0
"503-00000000","צריכה","28/05/2024","00:45",0.040,0
"503-00000000","צריכה","28/05/2024","01:00",0.061,0
"503-00000000","צריכה","28/05/2024","01:15",0.061,0
"503-00000000","צריכה","28/05/2024","01:30",0.053,0
"503-00000000","צריכה","28/05/2024","01:45",0.059,0
"503-00000000","צריכה","28/05/2024","02:00",0.041,0
"503-00000000","צריכה","28/05/2024","02:15",0.043,0
"503-00000000","צריכה","28/05/2024","02:30",0.051,0
"503-00000000","צריכה","28/05/2024","02:45",0.055,0
"503-00000000","צריכה","28/05/2024","03:00",0.051,0
"503-00000000","צריכה","28/05/2024","03:15",0.049,0
"503-00000000","צריכה","28/05/2024","03:30",0.057,0
"503-00000000","צריכה","28/05/2024","03:45",0.052,0
"503-00000000","צריכה","28/05/2024","04:00",0.056,0
"503-00000000","צריכה","28/05/2024","04:15",0.060,0
"503-00000000","צריכה","28/05/2024","04:30",0.048,0
"503-00000000","צריכה","28/05/2024","04:45",0.048,0
"503-00000000","צריכה","28/05/2024","05:00",0.038,0
"503-00000000","צריכה","28/05/2024","05:15",0.047,0
"503-00000000","צריכה","28/05/2024","05:30",0.050,0
"503-00000000","צריכה","28/05/2024","05:45",0.048,0
"503-00000000","צריכה","28/05/2024","06:00",0.082,0
"503-00000000","צריכה","28/05/2024","06:15",0.112,0
"503-00000000","צריכה","28/05/2024","06:30",0.114,0
"503-00000000","צריכה","28/05/2024","06:45",0.109,0
"503-00000000","צריכה","28/05/2024","07:00",0.096,0
"503-00000000","צריכה","28/05/2024","07:15",0.106,0
"503-00000000","צריכה","28/05/2024","07:30",0.093,0
"503-00000000","צריכה","28/05/2024","07:45",0.099,0
"503-00000000","צריכה","28/05/2024","08:00",0.124,0
"503-00000000","צריכה","28/05/2024","08:15",0.116,0
"503-00000000","צריכה","28/05/2024","08:30",0.082,0
"503-00000000","צריכה","28/05/2024","08:45",0.114,0
"503-00000000","צריכה","28/05/2024","09:00",0.051,0
"503-00000000","צריכה","28/05/2024","09:15",0.053,0
"503-00000000","צריכה","28/05/2024","09:30",0.056,0
"503-00000000","צריכה","28/05/2024","09:45",0.061,0
"503-00000000","צריכה","28/05/2024","10:00",0.054,0
"503-00000000","צריכה","28/05/2024","10:15",0.054,0
"503-00000000","צריכה","28/05/2024","10:30",0.065,0
"503-00000000","צריכה","28/05/2024","10:45",0.081,0
"503-00000000","צריכה","28/05/2024","11:00",0.074,0
"503-00000000","צריכה","28/05/2024","11:15",0.074,0
"503-00000000","צריכה","28/05/2024","11:30",0.058,0
"503-00000000","צריכה","28/05/2024","11:45",0.059,0
"503-00000000","צריכה","28/05/2024","12:00",0.066,0
"503-00000000","צריכה","28/05/2024","12:15",0.052,0
"503-00000000","צריכה","28/05/2024","12:30",0.083,0
"503-00000000","צריכה","28/05/2024","12:45",0.076,0
"503-00000000","צריכה","28/05/2024","13:00",0.077,0
"503-00000000","צריכה","28/05/2024","13:15",0.070,0
"503-00000000","צריכה","28/05/2024","13:30",0.067,0
"503-00000000","צריכה","28/05/2024","13:45",0.074,0
"503-00000000","צריכה","28/05/2024","14:00",0.075,0
"503-00000000","צריכה","28/05/2024","14:15",0.058,0
"503-00000000","צריכה","28/05/2024","14:30",0.072,0
"503-00000000","צריכה","28/05/2024","14:45",0.082,0
"503-00000000","צריכה","28/05/2024","15:00",0.080,0
"503-00000000","צריכה","28/05/2024","15:15",0.080,0
"503-00000000","צריכה","28/05/2024","15:30",0.076,0
"503-00000000","צריכה","28/05/2024","15:45",0.081,0
"503-00000000","צריכה","28/05/2024","16:00",0.073,0
"503-00000000","צריכה","28/05/2024","16:15",0.056,0
"503-00000000","צריכה","28/05/2024","16:30",0.078,0
"503-00000000","צריכה","28/05/2024","16:45",0.074,0
"503-00000000","צריכה","28/05/2024","17:00",0.210,0
"503-00000000","צריכה","28/05/2024","17:15",0.146,0
"503-00000000","צריכה","28/05/2024","17:30",0.212,0
"503-00000000","צריכה","28/05/2024","17:45",0.186,0
"503-00000000","צריכה","28/05/2024","18:00",0.205,0
"503-00000000","צריכה","28/05/2024","18:15",0.212,0
"503-00000000","צריכה","28/05/2024","18:30",0.197,0
"503-00000000","צריכה","28/05/2024","18:45",0.189,0
"503-00000000","צריכה","28/05/2024","19:00",0.189,0
"503-00000000","צריכה","28/05/2024","19:15",0.137,0
"503-00000000","צריכה","28/05/2024","19:30",0.168,0
"503-00000000","צריכה","28/05/2024","19:45",0.140,0
"503-00000000","צריכה","28/05/2024","20:00",0.144,0
"503-00000000","צריכה","28/05/2024","20:15",0.160,0
"503-00000000","צריכה","28/05/2024","20:30",0.218,0
"503-00000000","צריכה","28/05/2024","20:45",0.214,0
"503-00000000","צריכה","28/05/2024","21:00",0.189,0
"503-00000000","צריכה","28/05/2024","21:15",0.191,0
"503-00000000","צריכה","28/05/2024","21:30",0.200,0
"503-00000000","צריכה","28/05/2024","21:45",0.215,0
"503-00000000","צריכה","28/05/2024","22:00",0.196,0
"503-00000000","צריכה","28/05/2024","22:15",0.191,0
"503-00000000","צריכה","28/05/2024","22:30",0.192,0
"503-00000000","צריכה","28/05/2024","22:45",0.165,0
"503-00000000","צריכה","28/05/2024","23:00",0.045,0
"503-00000000","צריכה","28/05/2024","23:15",0.061,0
"503-00000000","צריכה","28/05/2024","23:30",0.050,0
"503-00000000","צריכה","28/05/2024","23:45",0.047,0
"503-00000000","צריכה","29/05/2024","00:00",0.047,0
"503-00000000","צריכה","29/05/2024","00:15",0.062,0
"503-00000000","צריכה","29/05/2024","00:30",0.056,0
"503-00000000","צריכה","29/05/2024","00:45",0.044,0
"503-00000000","צריכה","29/05/2024","01:00",0.059,0
"503-00000000","צריכה","29/05/2024","01:15",0.053,0
"503-00000000","צריכה","29/05/2024","01:30",0.054,0
"503-00000000","צריכה","29/05/2024","01:45",0.053,0
"503-00000000","צריכה","29/05/2024","02:00",0.061,0
"503-00000000","צריכה","29/05/2024","02:15",0.057,0
"503-00000000","צריכה","29/05/2024","02:30",0.041,0
"503-00000000","צריכה","29/05/2024","02:45",0.044,0
"503-00000000","צריכה","29/05/2024","03:00",0.040,0
"503-00000000","צריכה","29/05/2024","03:15",0.053,0
"503-00000000","צריכה","29/05/2024","03:30",0.047,0
"503-00000000","צריכה","29/05/2024","03:45",0.038,0
"503-00000000","צריכה","29/05/2024","04:00",0.049,0
"503-00000000","צריכה","29/05/2024","04:15",0.051,0
"503-00000000","צריכה","29/05/2024","04:30",0.053,0
"503-00000000","צריכה","29/05/2024","04:45",0.058,0
"503-00000000","צריכה","29/05/2024","05:00",0.062,0
"503-00000000","צריכה","29/05/2024","05:15",0.053,0
"503-00000000","צריכה","29/05/2024","05:30",0.040,0
"503-00000000","צריכה","29/05/2024","05:45",0.039,0
"503-00000000","צריכה","29/05/2024","06:00",0.094,0
"503-00000000","צריכה","29/05/2024","06:15",0.125,0
"503-00000000","צריכה","29/05/2024","06:30",0.095,0
"503-00000000","צריכה","29/05/2024","06:45",0.122,0
"503-00000000","צריכה","29/05/2024","07:00",0.111,0
"503-00000000","צריכה","29/05/2024","07:15",0.120,0
"503-00000000","צריכה","29/05/2024","07:30",0.112,0
"503-00000000","צריכה","29/05/2024","07:45",0.084,0
"503-00000000","צריכה","29/05/2024","08:00",0.124,0
"503-00000000","צריכה","29/05/2024","08:15",0.117,0
"503-00000000","צריכה","29/05/2024","08:30",0.077,0
"503-00000000","צריכה","29/05/2024","08:45",0.078,0
"503-00000000","צריכה","29/05/2024","09:00",0.073,0
"503-00000000","צריכה","29/05/2024","09:15",0.059,0
"503-00000000","צריכה","29/05/2024","09:30",0.063,0
"503-00000000","צריכה","29/05/2024","09:45",0.051,0
"503-00000000","צריכה","29/05/2024","10:00",0.068,0
"503-00000000","צריכה","29/05/2024","10:15",0.070,0
"503-00000000","צריכה","29/05/2024","10:30",0.083,0
"503-00000000","צריכה","29/05/2024","10:45",0.069,0
"503-00000000","צריכה","29/05/2024","11:00",0.067,0
"503-00000000","צריכה","29/05/2024","11:15",0.070,0
"503-00000000","צריכה","29/05/2024","11:30",0.057,0
"503-00000000","צריכה","29/05/2024","11:45",0.068,0
"503-00000000","צריכה","29/05/2024","12:00",0.055,0
"503-00000000","צריכה","29/05/2024","12:15",0.057,0
"503-00000000","צריכה","29/05/2024","12:30",0.059,0
"503-00000000","צריכה","29/05/2024","12:45",0.059,0
"503-00000000","צריכה","29/05/2024","13:00",0.066,0
"503-00000000","צריכה","29/05/2024","13:15",0.060,0
"503-00000000","צריכה","29/05/2024","13:30",0.082,0
"503-00000000","צריכה","29/05/2024","13:45",0.083,0
"503-00000000","צריכה","29/05/2024","14:00",0.070,0
"503-00000000","צריכה","29/05/2024","14:15",0.060,0
"503-00000000","צריכה","29/05/2024","14:30",0.058,0
"503-00000000","צריכה","29/05/2024","14:45",0.081,0
"503-00000000","צריכה","29/05/2024","15:00",0.053,0
"503-00000000","צריכה","29/05/2024","15:15",0.053,0
"503-00000000","צריכה","29/05/2024","15:30",0.078,0
"503-00000000","צריכה","29/05/2024","15:45",0.065,0
"503-00000000","צריכה","29/05/2024","16:00",0.055,0
"503-00000000","צריכה","29/05/2024","16:15",0.067,0
"503-00000000","צריכה","29/05/2024","16:30",0.066,0
"503-00000000","צריכה","29/05/2024","16:45",0.067,0
"503-00000000","צריכה","29/05/2024","17:00",0.200,0
"503-00000000","צריכה","29/05/2024","17:15",0.181,0
"503-00000000","צריכה","29/05/2024","17:30",0.178,0
"503-00000000","צריכה","29/05/2024","17:45",0.174,0
"503-00000000","צריכה","29/05/2024","18:00",0.195,0
"503-00000000","צריכה","29/05/2024","18:15",0.169,0
"503-00000000","צריכה","29/05/2024","18:30",0.183,0
"503-00000000","צריכה","29/05/2024","18:45",0.149,0
"503-00000000","צריכה","29/05/2024","19:00",0.149,0
"503-00000000","צריכה","29/05/2024","19:15",0.217,0
"503-00000000","צריכה","29/05/2024","19:30",0.208,0
"503-00000000","צריכה","29/05/2024","19:45",0.174,0
"503-00000000","צריכה","29/05/2024","20:00",0.171,0
"503-00000000","צריכה","29/05/2024","20:15",0.188,0
"503-00000000","צריכה","29/05/2024","20:30",0.181,0
"503-00000000","צריכה","29/05/2024","20:45",0.144,0
"503-00000000","צריכה","29/05/2024","21:00",0.176,0
"503-00000000","צריכה","29/05/2024","21:15",0.150,0
"503-00000000","צריכה","29/05/2024","21:30",0.202,0
"503-00000000","צריכה","29/05/2024","21:45",0.164,0
"503-00000000","צריכה","29/05/2024","22:00",0.176,0
"503-00000000","צריכה","29/05/2024","22:15",0.132,0
"503-00000000","צריכה","29/05/2024","22:30",0.143,0
"503-00000000","צריכה","29/05/2024","22:45",0.174,0
"503-00000000","צריכה","29/05/2024","23:00",0.058,0
"503-00000000","צריכה","29/05/2024","23:15",0.059,0
"503-00000000","צריכה","29/05/2024","23:30",0.049,0
"503-00000000","צריכה","29/05/2024","23:45",0.051,0
"503-00000000","צריכה","30/05/2024","00:00",0.061,0
"503-00000000","צריכה","30/05/2024","00:15",0.051,0
"503-00000000","צריכה","30/05/2024","00:30",0.048,0
"503-00000000","צריכה","30/05/2024","00:45",0.041,0